"","device_name","latitude","longitude","radius_m","month","hour","avg_speed","tti80","base_speed","spd_diff","pct_diff","avg_Temperature","avg_Humidity","avg_BC","avg_PM25","avg_NO2"
"1","Carroll Ave. & 3rd St. (BC)",37.725156,-122.394156,100,12,0,16.9382282386459,1.0050940194455,NA,NA,NA,57.5503076923077,72.9384615384615,0.693129230769231,9.34153846153846,11.0707692307692
"2","Carroll Ave. & 3rd St. (BC)",37.725156,-122.394156,100,12,1,16.6598375230434,1,NA,NA,NA,56.4125,73.9241666666667,0.6981625,9.965,10.9291666666667
"3","Carroll Ave. & 3rd St. (BC)",37.725156,-122.394156,100,12,2,16.1728821548822,1.00489573044461,14.2672608695652,0.3,2.1,55.6896363636364,74.11,0.668743636363636,10.5672727272727,11.0081818181818
"4","Carroll Ave. & 3rd St. (BC)",37.725156,-122.394156,100,12,3,17.3087337662338,1,14.319,2.43,16.98,55.5485,74.5133333333333,0.6170675,10.0708333333333,10.3933333333333
"5","Carroll Ave. & 3rd St. (BC)",37.725156,-122.394156,100,12,4,16.3583964803313,1,14.7690476190476,1.58666666666667,15.6,55.31,76.1525,0.565526666666667,9.85833333333333,10.3808333333333
"6","Carroll Ave. & 3rd St. (BC)",37.725156,-122.394156,100,12,5,16.9449932090709,1.00515902461093,14.2682222222222,2.67666666666667,19.4633333333333,55.7309230769231,76.1130769230769,0.788211538461538,9.02076923076923,10.3607692307692
"7","Carroll Ave. & 3rd St. (BC)",37.725156,-122.394156,100,12,6,16.5571645837014,1,13.0329243589743,3.52333333333333,28.19,55.082,76.5825,0.574221666666667,8.74583333333333,10.855
"8","Carroll Ave. & 3rd St. (BC)",37.725156,-122.394156,100,12,7,16.641303487429,1,12.3387040491937,4.30333333333333,35.57,55.9427692307692,76.4384615384615,0.884538461538461,8.96846153846154,10.8484615384615
"9","Carroll Ave. & 3rd St. (BC)",37.725156,-122.394156,100,12,8,15.9771841820152,1.03690976486451,11.7093215083432,4.26666666666667,36.56,57.3107692307692,75.1146153846154,1.06229230769231,9.01,11.4876923076923
"10","Carroll Ave. & 3rd St. (BC)",37.725156,-122.394156,100,12,9,15.9620343242415,1.02931762667372,12.2526334959349,3.71,30.37,59.5895,72.49,0.569371666666667,8.615,9.74083333333333
"11","Carroll Ave. & 3rd St. (BC)",37.725156,-122.394156,100,12,10,16.6705455567264,1,11.8169148896371,4.85,41.2,61.4015,69.4566666666667,0.53926,8.055,9.45416666666667
"12","Carroll Ave. & 3rd St. (BC)",37.725156,-122.394156,100,12,11,16.35097586727,1.01384553885553,11.8281131421894,4.52333333333333,38.8,61.9421818181818,67.2345454545455,0.575257272727273,9.06909090909091,9.23454545454545
"13","Carroll Ave. & 3rd St. (BC)",37.725156,-122.394156,100,12,12,16.4324828770688,1.0043912082203,12.2469180402706,4.18333333333333,34.3233333333333,63.122,64.7163636363636,0.439370909090909,8.94909090909091,9.16545454545455
"14","Carroll Ave. & 3rd St. (BC)",37.725156,-122.394156,100,12,13,16.5927435897436,1,12.0390615134306,4.55333333333333,38.42,64.3325,63.015,0.3074225,8.9275,8.9425
"15","Carroll Ave. & 3rd St. (BC)",37.725156,-122.394156,100,12,14,16.1921386900561,1.01829549477343,11.8250172986638,4.37,37.3533333333333,64.5505454545455,60.4736363636364,0.484455454545455,9.82272727272727,9.47
"16","Carroll Ave. & 3rd St. (BC)",37.725156,-122.394156,100,12,15,15.9570388416213,1.01558206866067,12.0633127353086,3.89333333333333,32.2866666666667,64.6925,59.3866666666667,0.454404166666667,9.59,9.59583333333333
"17","Carroll Ave. & 3rd St. (BC)",37.725156,-122.394156,100,12,16,16.3083385851096,1,11.6601966426859,4.64666666666667,39.8633333333333,63.0086,60.605,0.447701,10.422,11.5
"18","Carroll Ave. & 3rd St. (BC)",37.725156,-122.394156,100,12,17,16.0056401455835,1.01344250699479,11.1961641414142,4.81,42.9433333333333,60.5402857142857,66.2035714285714,0.483842142857143,9.47571428571429,12.8471428571429
"19","Carroll Ave. & 3rd St. (BC)",37.725156,-122.394156,100,12,18,17.1353788948291,1,11.9033082302313,5.23,44.2666666666667,59.459,68.4771428571429,0.611979285714286,10.5685714285714,12.495
"20","Carroll Ave. & 3rd St. (BC)",37.725156,-122.394156,100,12,19,16.8990923881316,1,12.0438039752493,4.85666666666667,40.3166666666667,58.8315714285714,69.8792857142857,0.667712857142857,10.69,11.0485714285714
"21","Carroll Ave. & 3rd St. (BC)",37.725156,-122.394156,100,12,20,16.5738769106408,1.01186472856228,12.3643610421836,4.21,34.5133333333333,58.3391428571429,70.5757142857143,0.683695714285714,10.3528571428571,10.76
"22","Carroll Ave. & 3rd St. (BC)",37.725156,-122.394156,100,12,21,17.3663887618828,1,14.0100960960961,3.35333333333333,24.2533333333333,57.866,70.9914285714286,0.738776428571429,10.575,10.7164285714286
"23","Carroll Ave. & 3rd St. (BC)",37.725156,-122.394156,100,12,22,17.3871229530201,1,13.9126018518519,2.63,18.87,57.4738571428571,71.63,0.690698571428571,10.1642857142857,10.6971428571429
"24","Carroll Ave. & 3rd St. (BC)",37.725156,-122.394156,100,12,23,16.7312703378205,1.01033657425075,13.6534285714286,3.08,23.3633333333333,57.3735714285714,72.1378571428571,0.598798571428571,9.31357142857143,10.5335714285714
"25","Carroll Ave. & 3rd St. (BC)",37.725156,-122.394156,100,1,0,16.3641521707138,1.00011601495075,NA,NA,NA,53.2516129032258,62.7548387096774,0.820742580645161,11.6470967741935,14.0577419354839
"26","Carroll Ave. & 3rd St. (BC)",37.725156,-122.394156,100,1,1,17.3676378896883,1.00685364070802,NA,NA,NA,52.7278709677419,63.79,0.768313548387097,10.82,13.8722580645161
"27","Carroll Ave. & 3rd St. (BC)",37.725156,-122.394156,100,1,2,15.5694153005464,1,14.2672608695652,1.3,9.13,52.052,64.8022580645161,0.898421290322581,10.8612903225806,13.4845161290323
"28","Carroll Ave. & 3rd St. (BC)",37.725156,-122.394156,100,1,3,16.3515352697095,1,14.319,2.03,14.19,51.9649032258065,64.0890322580645,0.925634193548387,11.121935483871,13.0267741935484
"29","Carroll Ave. & 3rd St. (BC)",37.725156,-122.394156,100,1,4,17.3909640629641,1,14.7690476190476,2.62,22.4566666666667,51.3630344827586,65.681724137931,0.957988965517241,11.8410344827586,13.4051724137931
"30","Carroll Ave. & 3rd St. (BC)",37.725156,-122.394156,100,1,5,15.3501860632184,1.05458287556713,14.2682222222222,1.08,8.13666666666667,51.074,65.5393333333333,1.00114633333333,11.4006666666667,13.605
"31","Carroll Ave. & 3rd St. (BC)",37.725156,-122.394156,100,1,6,16.4410826605615,1.00175724365684,13.0329243589743,3.40666666666667,27.6833333333333,50.837,65.494,1.181439,11.8953333333333,14.372
"32","Carroll Ave. & 3rd St. (BC)",37.725156,-122.394156,100,1,7,16.1191200675572,1.01879780978807,12.3387040491937,3.78,31.4833333333333,51.1775483870968,64.6525806451613,1.41115548387097,11.7035483870968,15.4867741935484
"33","Carroll Ave. & 3rd St. (BC)",37.725156,-122.394156,100,1,8,15.6727386269644,1.04668549439643,11.7093215083432,3.96333333333333,33.9233333333333,53.9138,62.3943333333333,1.62516833333333,11.9783333333333,15.6336666666667
"34","Carroll Ave. & 3rd St. (BC)",37.725156,-122.394156,100,1,9,16.2860668286756,1.02018816262442,12.2526334959349,4.03333333333333,33.0266666666667,58.4204,55.844,0.794964,10.6676666666667,13.357
"35","Carroll Ave. & 3rd St. (BC)",37.725156,-122.394156,100,1,10,16.5495130742402,1.00546766439472,11.8169148896371,4.73333333333333,40.1466666666667,61.8416774193548,48.7922580645161,0.57299,10.4429032258065,12.1725806451613
"36","Carroll Ave. & 3rd St. (BC)",37.725156,-122.394156,100,1,11,15.9090562578547,1.02473802383769,11.8281131421894,4.08,34.95,63.5594,45.2753333333333,0.594739,10.4516666666667,11.891
"37","Carroll Ave. & 3rd St. (BC)",37.725156,-122.394156,100,1,12,16.4474523809524,1.01581083182913,12.2469180402706,4.20333333333333,34.5266666666667,65.0852857142857,43.3446428571429,0.496545357142857,9.56571428571429,12.0175
"38","Carroll Ave. & 3rd St. (BC)",37.725156,-122.394156,100,1,13,16.2877536801955,1.01066113022735,12.0390615134306,4.24666666666667,35.9766666666667,66.3928571428571,40,0.339153928571429,8.77571428571428,11.1967857142857
"39","Carroll Ave. & 3rd St. (BC)",37.725156,-122.394156,100,1,14,16.0593333333333,1.0152473225759,11.8250172986638,4.23333333333333,36.13,67.4575172413793,38.0148275862069,0.305324137931035,8.10241379310345,10.9586206896552
"40","Carroll Ave. & 3rd St. (BC)",37.725156,-122.394156,100,1,15,15.9972473769169,1.02475576845508,12.0633127353086,3.93,32.5933333333333,67.4451034482759,37.7848275862069,0.303988620689655,7.6648275862069,11.3324137931034
"41","Carroll Ave. & 3rd St. (BC)",37.725156,-122.394156,100,1,16,15.8688293894245,1.02077773690963,11.6601966426859,4.20666666666667,36.09,65.6966,41.501,0.292248,7.161,12.3026666666667
"42","Carroll Ave. & 3rd St. (BC)",37.725156,-122.394156,100,1,17,16.2053997493734,1.0013495841618,11.1961641414142,5.01333333333333,44.7233333333333,61.4462580645161,48.42,0.417249677419355,7.52741935483871,15.6183870967742
"43","Carroll Ave. & 3rd St. (BC)",37.725156,-122.394156,100,1,18,17.1472920400633,1,11.9033082302313,5.24666666666667,44.61,58.941935483871,52.2064516129032,0.483570322580645,7.82290322580645,15.4722580645161
"44","Carroll Ave. & 3rd St. (BC)",37.725156,-122.394156,100,1,19,16.7880449027428,1,12.0438039752493,4.74666666666667,39.4033333333333,57.5437419354839,54.8916129032258,0.597060967741935,8.33935483870968,15.3561290322581
"45","Carroll Ave. & 3rd St. (BC)",37.725156,-122.394156,100,1,20,16.3897152831449,1.01217766991232,12.3643610421836,4.02333333333333,33.7566666666667,56.426,56.9545161290323,0.722351612903226,9.34225806451613,14.811935483871
"46","Carroll Ave. & 3rd St. (BC)",37.725156,-122.394156,100,1,21,16.8015188224517,1.01038764302525,14.0100960960961,2.79,20.0833333333333,55.6009032258064,58.7732258064516,0.841299677419355,10.0103225806452,14.4077419354839
"47","Carroll Ave. & 3rd St. (BC)",37.725156,-122.394156,100,1,22,17.024946650878,1,13.9126018518519,2.45,17.6,54.9511612903226,60.5238709677419,1.24899806451613,10.1038709677419,14.2464516129032
"48","Carroll Ave. & 3rd St. (BC)",37.725156,-122.394156,100,1,23,16.6014397667671,1,13.6534285714286,2.95,22.0466666666667,54.2491612903226,61.9435483870968,0.721890322580645,9.26774193548387,14.2270967741935
"49","Carroll Ave. & 3rd St. (BC)",37.725156,-122.394156,100,2,0,14.9496111111111,1.09076012533157,NA,NA,NA,54.7404285714286,70.85,0.3263175,5.33892857142857,11.8521428571429
"50","Carroll Ave. & 3rd St. (BC)",37.725156,-122.394156,100,2,1,15.4738055555555,1.0638517432571,NA,NA,NA,53.97,71.6737037037037,0.35212037037037,5.23222222222222,12.1507407407407
"51","Carroll Ave. & 3rd St. (BC)",37.725156,-122.394156,100,2,2,15.1886111111111,1.04585888419328,14.2672608695652,-0.82,-5.72,53.5582142857143,72.7257142857143,0.498655,5.43892857142857,11.9853571428571
"52","Carroll Ave. & 3rd St. (BC)",37.725156,-122.394156,100,2,3,14.8684722222222,1.07845238678535,14.319,-0.42,-2.9,53.042,72.5714814814815,0.390667407407407,5.38814814814815,13.1574074074074
"53","Carroll Ave. & 3rd St. (BC)",37.725156,-122.394156,100,2,4,14.7550555555556,1.09291847767682,14.7690476190476,-0.0133333333333333,4.63333333333333,52.556,73.3737037037037,0.509544814814815,5.93777777777778,13.1466666666667
"54","Carroll Ave. & 3rd St. (BC)",37.725156,-122.394156,100,2,5,14.5614444444444,1.12527966503566,14.2682222222222,0.29,2.45333333333333,52.5958571428571,73.8275,0.574861071428571,5.89321428571429,14.2110714285714
"55","Carroll Ave. & 3rd St. (BC)",37.725156,-122.394156,100,2,6,16.3195277777778,1,13.0329243589743,3.28333333333333,26.4233333333333,52.2706666666667,74.4777777777778,0.623341851851852,6.14185185185185,15.3259259259259
"56","Carroll Ave. & 3rd St. (BC)",37.725156,-122.394156,100,2,7,15.9170833333334,1.03031037611373,12.3387040491937,3.58,29.6733333333333,52.78,74.1722222222222,0.986093333333333,6.53814814814815,16.8188888888889
"57","Carroll Ave. & 3rd St. (BC)",37.725156,-122.394156,100,2,8,15.0992777777778,1.07517269439411,11.7093215083432,3.39,29.0566666666667,56.3102857142857,69.6964285714286,0.985694285714286,6.595,15.4032142857143
"58","Carroll Ave. & 3rd St. (BC)",37.725156,-122.394156,100,2,9,15.9476388888889,1.02337484544907,12.2526334959349,3.69333333333333,30.27,59.4930434782609,64.9343478260869,0.606260434782609,6.36260869565217,12.7430434782609
"59","Carroll Ave. & 3rd St. (BC)",37.725156,-122.394156,100,2,10,15.8938333333333,1.03276834059475,11.8169148896371,4.07666666666667,34.6466666666667,61.8585714285714,59.5828571428571,0.408254285714286,6.33571428571429,12.4304761904762
"60","Carroll Ave. & 3rd St. (BC)",37.725156,-122.394156,100,2,11,16.1963333333333,1.00959724796351,11.8281131421894,4.36666666666667,37.3966666666667,64.001652173913,55.19,0.514122173913043,6.69913043478261,12.564347826087
"61","Carroll Ave. & 3rd St. (BC)",37.725156,-122.394156,100,2,12,16.5321111111111,1.00013854083217,12.2469180402706,4.28666666666667,35.0766666666667,65.4062,51.8545,0.362786,5.8485,11.4335
"62","Carroll Ave. & 3rd St. (BC)",37.725156,-122.394156,100,2,13,16.2914444444444,1.00204306200703,12.0390615134306,4.25333333333333,35.8333333333333,67.4919090909091,49.0531818181818,0.238696818181818,5.08636363636364,10.7727272727273
"63","Carroll Ave. & 3rd St. (BC)",37.725156,-122.394156,100,2,14,15.7979722222222,1.03022545491896,11.8250172986638,3.97333333333333,33.9633333333333,67.9353636363636,45.6427272727273,0.198833636363636,5.03590909090909,11.2568181818182
"64","Carroll Ave. & 3rd St. (BC)",37.725156,-122.394156,100,2,15,15.31475,1.04848013296924,12.0633127353086,3.25333333333333,26.9966666666667,67.27496,48.0996,0.1639912,4.9052,11.572
"65","Carroll Ave. & 3rd St. (BC)",37.725156,-122.394156,100,2,16,15.8980833333333,1.01578324266545,11.6601966426859,4.24,36.2733333333333,65.7603846153846,51.1023076923077,0.155929230769231,4.93192307692308,11.7692307692308
"66","Carroll Ave. & 3rd St. (BC)",37.725156,-122.394156,100,2,17,16.3354444444444,1.00209492581623,11.1961641414142,5.14333333333333,45.88,62.4806666666667,56.9288888888889,0.20909037037037,5.2162962962963,12.8022222222222
"67","Carroll Ave. & 3rd St. (BC)",37.725156,-122.394156,100,2,18,17.1050555555556,1,11.9033082302313,5.20333333333333,44.0666666666667,59.9700714285714,61.9810714285714,0.269736071428571,5.45964285714286,13.3225
"68","Carroll Ave. & 3rd St. (BC)",37.725156,-122.394156,100,2,19,16.48275,1.00242405879515,12.0438039752493,4.44,36.8966666666667,58.6406428571429,64.7714285714286,0.243264642857143,5.49357142857143,12.3114285714286
"69","Carroll Ave. & 3rd St. (BC)",37.725156,-122.394156,100,2,20,15.9248888888889,1.07034157290347,12.3643610421836,3.56333333333333,30.1,57.6384285714286,66.9267857142857,0.282983928571429,5.52714285714286,11.9328571428571
"70","Carroll Ave. & 3rd St. (BC)",37.725156,-122.394156,100,2,21,15.7604166666666,1.04916568284013,14.0100960960961,1.75333333333333,12.8266666666667,56.544,68.0318518518519,0.357518888888889,5.65222222222222,12.4507407407407
"71","Carroll Ave. & 3rd St. (BC)",37.725156,-122.394156,100,2,22,16.1663888888889,1.02935593260162,13.9126018518519,1.31,9.4,55.7156428571429,69.6492857142857,0.344767142857143,6.02892857142857,12.6332142857143
"72","Carroll Ave. & 3rd St. (BC)",37.725156,-122.394156,100,2,23,15.1739444444445,1.07673078004412,13.6534285714286,1.52333333333333,11.7733333333333,55.128,70.1248148148148,0.33572,5.73592592592593,12.4722222222222
"73","Carroll Ave. & 3rd St. (BC)",37.725156,-122.394156,100,3,0,15.1101666666666,1.07999316907486,NA,NA,NA,55.712,66.474,0.233745,5.46266666666667,10.3813333333333
"74","Carroll Ave. & 3rd St. (BC)",37.725156,-122.394156,100,3,1,15.1876111111111,1.07326019531248,NA,NA,NA,55.3088,67.5016666666667,0.203888333333333,5.41433333333333,10.436
"75","Carroll Ave. & 3rd St. (BC)",37.725156,-122.394156,100,3,2,15.5573333333333,1.041468599274,14.2672608695652,-0.57,-3.98,55.0058620689655,68.1806896551724,0.202158965517241,5.38862068965517,10.0403448275862
"76","Carroll Ave. & 3rd St. (BC)",37.725156,-122.394156,100,3,3,15.1274166666667,1.07735504298414,14.319,-0.05,-0.38,54.5328965517241,69.3413793103448,0.193792068965517,5.39344827586207,10.5220689655172
"77","Carroll Ave. & 3rd St. (BC)",37.725156,-122.394156,100,3,4,14.8245,1.10610889392442,14.7690476190476,0.0533333333333334,4.76333333333333,53.974275862069,70.5606896551724,0.213328620689655,5.33931034482759,11.2924137931034
"78","Carroll Ave. & 3rd St. (BC)",37.725156,-122.394156,100,3,5,14.4726111111111,1.13683767615029,14.2682222222222,0.203333333333333,1.75333333333333,53.7032,71.3263333333333,0.274284666666667,5.647,12.172
"79","Carroll Ave. & 3rd St. (BC)",37.725156,-122.394156,100,3,6,15.8665,1.02450705816209,13.0329243589743,2.83666666666667,22.97,53.7291034482759,71.338275862069,0.350773448275862,5.69275862068965,14.4244827586207
"80","Carroll Ave. & 3rd St. (BC)",37.725156,-122.394156,100,3,7,15.8766944444444,1.03710447854743,12.3387040491937,3.53666666666667,29.5933333333333,53.9396,70.649,0.599542666666667,5.67966666666667,15.5436666666667
"81","Carroll Ave. & 3rd St. (BC)",37.725156,-122.394156,100,3,8,15.3861111111111,1.05585752772245,11.7093215083432,3.68,31.4666666666667,56.6529285714286,67.415,0.596207142857143,5.78428571428571,14.6292857142857
"82","Carroll Ave. & 3rd St. (BC)",37.725156,-122.394156,100,3,9,15.9851666666666,1.01756045090079,12.2526334959349,3.73333333333333,30.6233333333333,60.5136363636364,62.6586363636364,0.403223181818182,5.98272727272727,12.64
"83","Carroll Ave. & 3rd St. (BC)",37.725156,-122.394156,100,3,10,15.9647222222222,1.02687361160023,11.8169148896371,4.15,35.2266666666667,63.8214285714286,55.832380952381,0.283462380952381,5.7447619047619,11.4138095238095
"84","Carroll Ave. & 3rd St. (BC)",37.725156,-122.394156,100,3,11,15.9562777777778,1.02616916705832,11.8281131421894,4.12666666666667,35.3266666666667,67.1378,50.346,0.165944,5.2245,11.2405
"85","Carroll Ave. & 3rd St. (BC)",37.725156,-122.394156,100,3,12,16.0994722222222,1.02118928359388,12.2469180402706,3.85,31.5766666666667,67.829,45.8013636363636,0.177895454545455,5.25772727272727,11.2386363636364
"86","Carroll Ave. & 3rd St. (BC)",37.725156,-122.394156,100,3,13,16.02275,1.01107044433609,12.0390615134306,3.98666666666667,33.75,68.483,46.7654166666667,0.143171666666667,4.93041666666667,10.9783333333333
"87","Carroll Ave. & 3rd St. (BC)",37.725156,-122.394156,100,3,14,15.8265277777778,1.02457361261899,11.8250172986638,4,34.1766666666667,67.829,46.8221428571429,0.110900357142857,4.81428571428571,10.9432142857143
"88","Carroll Ave. & 3rd St. (BC)",37.725156,-122.394156,100,3,15,15.4114722222222,1.04959498401223,12.0633127353086,3.35,27.7766666666667,67.60472,46.464,0.137296,5.2708,11.2256
"89","Carroll Ave. & 3rd St. (BC)",37.725156,-122.394156,100,3,16,15.9870277777778,1.01569110476878,11.6601966426859,4.33,37.09,65.9081428571428,49.2464285714286,0.105306071428571,4.79535714285714,11.4810714285714
"90","Carroll Ave. & 3rd St. (BC)",37.725156,-122.394156,100,3,17,16.1236666666667,1.00523054219496,11.1961641414142,4.93,44,64.4102857142857,51.6710714285714,0.122927857142857,4.92964285714286,11.5825
"91","Carroll Ave. & 3rd St. (BC)",37.725156,-122.394156,100,3,18,17.0401388888889,1,11.9033082302313,5.14,43.52,62.1622142857143,55.7221428571429,0.140073571428571,5.09464285714286,12.025
"92","Carroll Ave. & 3rd St. (BC)",37.725156,-122.394156,100,3,19,16.3626111111111,1.03274711805427,12.0438039752493,4.31666666666667,35.9733333333333,59.7274482758621,59.9848275862069,0.196911034482759,5.23310344827586,12.1851724137931
"93","Carroll Ave. & 3rd St. (BC)",37.725156,-122.394156,100,3,20,15.7319166666667,1.0776681914304,12.3643610421836,3.37,28.39,58.3814,62.879,0.183719333333333,5.18,11.2943333333333
"94","Carroll Ave. & 3rd St. (BC)",37.725156,-122.394156,100,3,21,16.1099444444444,1.03538939731561,14.0100960960961,2.1,15.0933333333333,57.6752,64.1633333333333,0.178526333333333,5.171,10.4826666666667
"95","Carroll Ave. & 3rd St. (BC)",37.725156,-122.394156,100,3,22,15.6467777777778,1.06900568515195,13.9126018518519,1.28,9.21,57.1571724137931,64.7368965517241,0.170575862068965,5.24275862068966,10.3327586206897
"96","Carroll Ave. & 3rd St. (BC)",37.725156,-122.394156,100,3,23,15.7439722222222,1.05787298129191,13.6534285714286,2.09,15.99,56.5406,65.7863333333333,0.230425333333333,5.35333333333333,10.0043333333333
"97","Carroll Ave. & 3rd St. (BC)",37.725156,-122.394156,200,12,0,17.016907717446,1.00382051458413,NA,NA,NA,57.5503076923077,72.9384615384615,0.693129230769231,9.34153846153846,11.0707692307692
"98","Carroll Ave. & 3rd St. (BC)",37.725156,-122.394156,200,12,1,16.5461901080945,1,NA,NA,NA,56.4125,73.9241666666667,0.6981625,9.965,10.9291666666667
"99","Carroll Ave. & 3rd St. (BC)",37.725156,-122.394156,200,12,2,15.7715505050506,1.00734359566692,14.2672608695652,0.3,2.1,55.6896363636364,74.11,0.668743636363636,10.5672727272727,11.0081818181818
"100","Carroll Ave. & 3rd St. (BC)",37.725156,-122.394156,200,12,3,17.1691006493506,1,14.319,2.43,16.98,55.5485,74.5133333333333,0.6170675,10.0708333333333,10.3933333333333
"101","Carroll Ave. & 3rd St. (BC)",37.725156,-122.394156,200,12,4,16.3155947204969,1,15.8975714285714,0.415,7.685,55.31,76.1525,0.565526666666667,9.85833333333333,10.3808333333333
"102","Carroll Ave. & 3rd St. (BC)",37.725156,-122.394156,200,12,5,16.5306336263153,1.0077385369164,14.5243333333333,2.005,14.59,55.7309230769231,76.1130769230769,0.788211538461538,9.02076923076923,10.3607692307692
"103","Carroll Ave. & 3rd St. (BC)",37.725156,-122.394156,200,12,6,16.3609601343381,1,12.5300557692307,3.83,31.92,55.082,76.5825,0.574221666666667,8.74583333333333,10.855
"104","Carroll Ave. & 3rd St. (BC)",37.725156,-122.394156,200,12,7,16.5281442822385,1,11.9895443090846,4.54,38.665,55.9427692307692,76.4384615384615,0.884538461538461,8.96846153846154,10.8484615384615
"105","Carroll Ave. & 3rd St. (BC)",37.725156,-122.394156,200,12,8,16.080522751896,1.02768232364838,11.6252962160032,4.455,38.45,57.3107692307692,75.1146153846154,1.06229230769231,9.01,11.4876923076923
"106","Carroll Ave. & 3rd St. (BC)",37.725156,-122.394156,200,12,9,15.9456411277965,1.02198822000529,12.3650051219512,3.58,29.065,59.5895,72.49,0.569371666666667,8.615,9.74083333333333
"107","Carroll Ave. & 3rd St. (BC)",37.725156,-122.394156,200,12,10,16.650755321391,1,11.6870503647587,4.96,42.615,61.4015,69.4566666666667,0.53926,8.055,9.45416666666667
"108","Carroll Ave. & 3rd St. (BC)",37.725156,-122.394156,200,12,11,16.3314049773755,1.01038415414165,11.5609146112433,4.77,41.91,61.9421818181818,67.2345454545455,0.575257272727273,9.06909090909091,9.23454545454545
"109","Carroll Ave. & 3rd St. (BC)",37.725156,-122.394156,200,12,12,16.3724166232955,1.00329340616522,12.0801678405478,4.29,35.7,63.122,64.7163636363636,0.439370909090909,8.94909090909091,9.16545454545455
"110","Carroll Ave. & 3rd St. (BC)",37.725156,-122.394156,200,12,13,16.4408461538462,1,11.7066132491669,4.735,41.13,64.3325,63.015,0.3074225,8.9275,8.9425
"111","Carroll Ave. & 3rd St. (BC)",37.725156,-122.394156,200,12,14,16.1157001713882,1.01372162108007,11.568768255688,4.55,39.79,64.5505454545455,60.4736363636364,0.484455454545455,9.82272727272727,9.47
"112","Carroll Ave. & 3rd St. (BC)",37.725156,-122.394156,200,12,15,15.8029877926333,1.01182664224186,11.9368046734327,3.865,32.4,64.6925,59.3866666666667,0.454404166666667,9.59,9.59583333333333
"113","Carroll Ave. & 3rd St. (BC)",37.725156,-122.394156,200,12,16,16.1298693234476,1,11.5341474820144,4.595,39.845,63.0086,60.605,0.447701,10.422,11.5
"114","Carroll Ave. & 3rd St. (BC)",37.725156,-122.394156,200,12,17,15.837551247399,1.0100818802461,11.1839128787879,4.655,41.595,60.5402857142857,66.2035714285714,0.483842142857143,9.47571428571429,12.8471428571429
"115","Carroll Ave. & 3rd St. (BC)",37.725156,-122.394156,200,12,18,16.8218680660005,1,11.5762001075848,5.245,45.675,59.459,68.4771428571429,0.611979285714286,10.5685714285714,12.495
"116","Carroll Ave. & 3rd St. (BC)",37.725156,-122.394156,200,12,19,16.7446762254053,1,11.930893997062,4.815,40.35,58.8315714285714,69.8792857142857,0.667712857142857,10.69,11.0485714285714
"117","Carroll Ave. & 3rd St. (BC)",37.725156,-122.394156,200,12,20,16.2015311397708,1.01779709284342,11.9413877171216,4.26,36.22,58.3391428571429,70.5757142857143,0.683695714285714,10.3528571428571,10.76
"118","Carroll Ave. & 3rd St. (BC)",37.725156,-122.394156,200,12,21,17.2939075190238,1,13.7416441441441,3.55,26.19,57.866,70.9914285714286,0.738776428571429,10.575,10.7164285714286
"119","Carroll Ave. & 3rd St. (BC)",37.725156,-122.394156,200,12,22,17.1748522147651,1,13.9126018518519,2.63,18.87,57.4738571428571,71.63,0.690698571428571,10.1642857142857,10.6971428571429
"120","Carroll Ave. & 3rd St. (BC)",37.725156,-122.394156,200,12,23,16.7764563541885,1.00775243068806,13.2876428571428,3.49,27.205,57.3735714285714,72.1378571428571,0.598798571428571,9.31357142857143,10.5335714285714
"121","Carroll Ave. & 3rd St. (BC)",37.725156,-122.394156,200,1,0,16.4194949227373,1.00008701121306,NA,NA,NA,53.2516129032258,62.7548387096774,0.820742580645161,11.6470967741935,14.0577419354839
"122","Carroll Ave. & 3rd St. (BC)",37.725156,-122.394156,200,1,1,17.0059784172662,1.01028046106202,NA,NA,NA,52.7278709677419,63.79,0.768313548387097,10.82,13.8722580645161
"123","Carroll Ave. & 3rd St. (BC)",37.725156,-122.394156,200,1,2,15.5694153005464,1,14.2672608695652,1.3,9.13,52.052,64.8022580645161,0.898421290322581,10.8612903225806,13.4845161290323
"124","Carroll Ave. & 3rd St. (BC)",37.725156,-122.394156,200,1,3,16.3515352697095,1,14.319,2.03,14.19,51.9649032258065,64.0890322580645,0.925634193548387,11.121935483871,13.0267741935484
"125","Carroll Ave. & 3rd St. (BC)",37.725156,-122.394156,200,1,4,17.4634296109297,1,15.8975714285714,1.565,14.765,51.3630344827586,65.681724137931,0.957988965517241,11.8410344827586,13.4051724137931
"126","Carroll Ave. & 3rd St. (BC)",37.725156,-122.394156,200,1,5,15.0608415948276,1.06098254658949,14.5243333333333,0.535,4.305,51.074,65.5393333333333,1.00114633333333,11.4006666666667,13.605
"127","Carroll Ave. & 3rd St. (BC)",37.725156,-122.394156,200,1,6,16.3967984295296,1.00131793274263,12.5300557692307,3.865,32.655,50.837,65.494,1.181439,11.8953333333333,14.372
"128","Carroll Ave. & 3rd St. (BC)",37.725156,-122.394156,200,1,7,16.093949332105,1.01409835734105,11.9895443090846,4.105,35.21,51.1775483870968,64.6525806451613,1.41115548387097,11.7035483870968,15.4867741935484
"129","Carroll Ave. & 3rd St. (BC)",37.725156,-122.394156,200,1,8,15.7104193548387,1.03501412079732,11.6252962160032,4.085,35.225,53.9138,62.3943333333333,1.62516833333333,11.9783333333333,15.6336666666667
"130","Carroll Ave. & 3rd St. (BC)",37.725156,-122.394156,200,1,9,16.2552089914945,1.01514112196831,12.3650051219512,3.89,31.58,58.4204,55.844,0.794964,10.6676666666667,13.357
"131","Carroll Ave. & 3rd St. (BC)",37.725156,-122.394156,200,1,10,16.4916455327362,1.00410074829604,11.6870503647587,4.805,41.22,61.8416774193548,48.7922580645161,0.57299,10.4429032258065,12.1725806451613
"132","Carroll Ave. & 3rd St. (BC)",37.725156,-122.394156,200,1,11,15.8275514526503,1.01855351787827,11.5609146112433,4.265,37.42,63.5594,45.2753333333333,0.594739,10.4516666666667,11.891
"133","Carroll Ave. & 3rd St. (BC)",37.725156,-122.394156,200,1,12,16.4683928571428,1.01185812387185,12.0801678405478,4.39,36.585,65.0852857142857,43.3446428571429,0.496545357142857,9.56571428571429,12.0175
"134","Carroll Ave. & 3rd St. (BC)",37.725156,-122.394156,200,1,13,16.1887081172895,1.00799584767051,11.7066132491669,4.48,39.08,66.3928571428571,40,0.339153928571429,8.77571428571428,11.1967857142857
"135","Carroll Ave. & 3rd St. (BC)",37.725156,-122.394156,200,1,14,15.9198928571429,1.01143549193193,11.568768255688,4.35,37.98,67.4575172413793,38.0148275862069,0.305324137931035,8.10241379310345,10.9586206896552
"136","Carroll Ave. & 3rd St. (BC)",37.725156,-122.394156,200,1,15,15.8002391041162,1.01856682634131,11.9368046734327,3.86,32.345,67.4451034482759,37.7848275862069,0.303988620689655,7.6648275862069,11.3324137931034
"137","Carroll Ave. & 3rd St. (BC)",37.725156,-122.394156,200,1,16,15.6949434706398,1.01568326789243,11.5341474820144,4.16,36.07,65.6966,41.501,0.292248,7.161,12.3026666666667
"138","Carroll Ave. & 3rd St. (BC)",37.725156,-122.394156,200,1,17,15.9651033834587,1.00202437624271,11.1839128787879,4.785,42.73,61.4462580645161,48.42,0.417249677419355,7.52741935483871,15.6183870967742
"139","Carroll Ave. & 3rd St. (BC)",37.725156,-122.394156,200,1,18,16.9588666315235,1,11.5762001075848,5.385,47.14,58.941935483871,52.2064516129032,0.483570322580645,7.82290322580645,15.4722580645161
"140","Carroll Ave. & 3rd St. (BC)",37.725156,-122.394156,200,1,19,16.6478850624475,1,11.930893997062,4.72,39.55,57.5437419354839,54.8916129032258,0.597060967741935,8.33935483870968,15.3561290322581
"141","Carroll Ave. & 3rd St. (BC)",37.725156,-122.394156,200,1,20,16.3276914814184,1.00913325243424,11.9413877171216,4.385,38.13,56.426,56.9545161290323,0.722351612903226,9.34225806451613,14.811935483871
"142","Carroll Ave. & 3rd St. (BC)",37.725156,-122.394156,200,1,21,16.6221653623904,1.00779073226894,13.7416441441441,2.88,21.145,55.6009032258064,58.7732258064516,0.841299677419355,10.0103225806452,14.4077419354839
"143","Carroll Ave. & 3rd St. (BC)",37.725156,-122.394156,200,1,22,16.8588811635316,1,13.9126018518519,2.45,17.6,54.9511612903226,60.5238709677419,1.24899806451613,10.1038709677419,14.2464516129032
"144","Carroll Ave. & 3rd St. (BC)",37.725156,-122.394156,200,1,23,16.4268449949783,1,13.2876428571428,3.14,24.15,54.2491612903226,61.9435483870968,0.721890322580645,9.26774193548387,14.2270967741935
"145","Carroll Ave. & 3rd St. (BC)",37.725156,-122.394156,200,2,0,15.1175416666667,1.06807009399868,NA,NA,NA,54.7404285714286,70.85,0.3263175,5.33892857142857,11.8521428571429
"146","Carroll Ave. & 3rd St. (BC)",37.725156,-122.394156,200,2,1,15.1316666666666,1.06993401600723,NA,NA,NA,53.97,71.6737037037037,0.35212037037037,5.23222222222222,12.1507407407407
"147","Carroll Ave. & 3rd St. (BC)",37.725156,-122.394156,200,2,2,14.7541666666667,1.06157535660625,14.2672608695652,-0.82,-5.72,53.5582142857143,72.7257142857143,0.498655,5.43892857142857,11.9853571428571
"148","Carroll Ave. & 3rd St. (BC)",37.725156,-122.394156,200,2,3,14.6272916666667,1.07512275185172,14.319,-0.42,-2.9,53.042,72.5714814814815,0.390667407407407,5.38814814814815,13.1574074074074
"149","Carroll Ave. & 3rd St. (BC)",37.725156,-122.394156,200,2,4,14.6182083333333,1.08309185562368,15.8975714285714,-1.28,-3.105,52.556,73.3737037037037,0.509544814814815,5.93777777777778,13.1466666666667
"150","Carroll Ave. & 3rd St. (BC)",37.725156,-122.394156,200,2,5,14.4125416666666,1.11522176867774,14.5243333333333,-0.115,-0.33,52.5958571428571,73.8275,0.574861071428571,5.89321428571429,14.2110714285714
"151","Carroll Ave. & 3rd St. (BC)",37.725156,-122.394156,200,2,6,16.1537083333333,1,12.5300557692307,3.62,30.33,52.2706666666667,74.4777777777778,0.623341851851852,6.14185185185185,15.3259259259259
"152","Carroll Ave. & 3rd St. (BC)",37.725156,-122.394156,200,2,7,15.8085416666667,1.02273278208529,11.9895443090846,3.82,32.63,52.78,74.1722222222222,0.986093333333333,6.53814814814815,16.8188888888889
"153","Carroll Ave. & 3rd St. (BC)",37.725156,-122.394156,200,2,8,15.1995416666667,1.05637952079558,11.6252962160032,3.575,30.865,56.3102857142857,69.6964285714286,0.985694285714286,6.595,15.4032142857143
"154","Carroll Ave. & 3rd St. (BC)",37.725156,-122.394156,200,2,9,15.9057083333334,1.0175311340868,12.3650051219512,3.54,28.76,59.4930434782609,64.9343478260869,0.606260434782609,6.36260869565217,12.7430434782609
"155","Carroll Ave. & 3rd St. (BC)",37.725156,-122.394156,200,2,10,15.9065833333333,1.02457625544606,11.6870503647587,4.22,36.27,61.8585714285714,59.5828571428571,0.408254285714286,6.33571428571429,12.4304761904762
"156","Carroll Ave. & 3rd St. (BC)",37.725156,-122.394156,200,2,11,16.1209583333333,1.00719793597263,11.5609146112433,4.56,39.98,64.001652173913,55.19,0.514122173913043,6.69913043478261,12.564347826087
"157","Carroll Ave. & 3rd St. (BC)",37.725156,-122.394156,200,2,12,16.4042083333334,1.00010390562413,12.0801678405478,4.325,35.895,65.4062,51.8545,0.362786,5.8485,11.4335
"158","Carroll Ave. & 3rd St. (BC)",37.725156,-122.394156,200,2,13,16.105625,1.00153229650527,11.7066132491669,4.4,38.17,67.4919090909091,49.0531818181818,0.238696818181818,5.08636363636364,10.7727272727273
"159","Carroll Ave. & 3rd St. (BC)",37.725156,-122.394156,200,2,14,15.6930416666666,1.02266909118922,11.568768255688,4.125,36.07,67.9353636363636,45.6427272727273,0.198833636363636,5.03590909090909,11.2568181818182
"160","Carroll Ave. & 3rd St. (BC)",37.725156,-122.394156,200,2,15,15.2193333333333,1.03838601815182,11.9368046734327,3.285,27.55,67.27496,48.0996,0.1639912,4.9052,11.572
"161","Carroll Ave. & 3rd St. (BC)",37.725156,-122.394156,200,2,16,15.6328333333333,1.01623792708132,11.5341474820144,4.1,35.455,65.7603846153846,51.1023076923077,0.155929230769231,4.93192307692308,11.7692307692308
"162","Carroll Ave. & 3rd St. (BC)",37.725156,-122.394156,200,2,17,16.03,1.00314238872435,11.1839128787879,4.85,43.305,62.4806666666667,56.9288888888889,0.20909037037037,5.2162962962963,12.8022222222222
"163","Carroll Ave. & 3rd St. (BC)",37.725156,-122.394156,200,2,18,16.8198333333333,1,11.5762001075848,5.245,45.72,59.9700714285714,61.9810714285714,0.269736071428571,5.45964285714286,13.3225
"164","Carroll Ave. & 3rd St. (BC)",37.725156,-122.394156,200,2,19,16.3859583333333,1.00181804409636,11.930893997062,4.455,37.385,58.6406428571429,64.7714285714286,0.243264642857143,5.49357142857143,12.3114285714286
"165","Carroll Ave. & 3rd St. (BC)",37.725156,-122.394156,200,2,20,15.924,1.0527561796776,11.9413877171216,3.985,34.87,57.6384285714286,66.9267857142857,0.282983928571429,5.52714285714286,11.9328571428571
"166","Carroll Ave. & 3rd St. (BC)",37.725156,-122.394156,200,2,21,15.7489583333333,1.0368742621301,13.7416441441441,2.01,14.99,56.544,68.0318518518519,0.357518888888889,5.65222222222222,12.4507407407407
"167","Carroll Ave. & 3rd St. (BC)",37.725156,-122.394156,200,2,22,15.9297916666666,1.02499984937557,13.9126018518519,1.31,9.4,55.7156428571429,69.6492857142857,0.344767142857143,6.02892857142857,12.6332142857143
"168","Carroll Ave. & 3rd St. (BC)",37.725156,-122.394156,200,2,23,15.1498333333334,1.06109906651238,13.2876428571428,1.865,14.75,55.128,70.1248148148148,0.33572,5.73592592592593,12.4722222222222
"169","Carroll Ave. & 3rd St. (BC)",37.725156,-122.394156,200,3,0,15.3140833333333,1.05999487680615,NA,NA,NA,55.712,66.474,0.233745,5.46266666666667,10.3813333333333
"170","Carroll Ave. & 3rd St. (BC)",37.725156,-122.394156,200,3,1,14.90525,1.07779429975602,NA,NA,NA,55.3088,67.5016666666667,0.203888333333333,5.41433333333333,10.436
"171","Carroll Ave. & 3rd St. (BC)",37.725156,-122.394156,200,3,2,15.092875,1.06048847984168,14.2672608695652,-0.57,-3.98,55.0058620689655,68.1806896551724,0.202158965517241,5.38862068965517,10.0403448275862
"172","Carroll Ave. & 3rd St. (BC)",37.725156,-122.394156,200,3,3,14.911875,1.07288966305536,14.319,-0.05,-0.38,54.5328965517241,69.3413793103448,0.193792068965517,5.39344827586207,10.5220689655172
"173","Carroll Ave. & 3rd St. (BC)",37.725156,-122.394156,200,3,4,14.784625,1.08719212769406,15.8975714285714,-1.115,-2.415,53.974275862069,70.5606896551724,0.213328620689655,5.33931034482759,11.2924137931034
"174","Carroll Ave. & 3rd St. (BC)",37.725156,-122.394156,200,3,5,14.4040416666667,1.12497284571469,14.5243333333333,-0.12,-0.475,53.7032,71.3263333333333,0.274284666666667,5.647,12.172
"175","Carroll Ave. & 3rd St. (BC)",37.725156,-122.394156,200,3,6,15.72725,1.0192752226152,12.5300557692307,3.2,26.955,53.7291034482759,71.338275862069,0.350773448275862,5.69275862068965,14.4244827586207
"176","Carroll Ave. & 3rd St. (BC)",37.725156,-122.394156,200,3,7,15.895375,1.02782835891057,11.9895443090846,3.905,33.64,53.9396,70.649,0.599542666666667,5.67966666666667,15.5436666666667
"177","Carroll Ave. & 3rd St. (BC)",37.725156,-122.394156,200,3,8,15.4024583333333,1.04189314579184,11.6252962160032,3.78,32.565,56.6529285714286,67.415,0.596207142857143,5.78428571428571,14.6292857142857
"178","Carroll Ave. & 3rd St. (BC)",37.725156,-122.394156,200,3,9,15.8600833333333,1.01317033817559,12.3650051219512,3.495,28.445,60.5136363636364,62.6586363636364,0.403223181818182,5.98272727272727,12.64
"179","Carroll Ave. & 3rd St. (BC)",37.725156,-122.394156,200,3,10,15.9593333333334,1.02015520870017,11.6870503647587,4.275,36.7,63.8214285714286,55.832380952381,0.283462380952381,5.7447619047619,11.4138095238095
"180","Carroll Ave. & 3rd St. (BC)",37.725156,-122.394156,200,3,11,15.8616666666667,1.01962687529374,11.5609146112433,4.3,37.69,67.1378,50.346,0.165944,5.2245,11.2405
"181","Carroll Ave. & 3rd St. (BC)",37.725156,-122.394156,200,3,12,16.0115833333333,1.01589196269541,12.0801678405478,3.93,32.68,67.829,45.8013636363636,0.177895454545455,5.25772727272727,11.2386363636364
"182","Carroll Ave. & 3rd St. (BC)",37.725156,-122.394156,200,3,13,15.9182916666667,1.00830283325207,11.7066132491669,4.215,36.74,68.483,46.7654166666667,0.143171666666667,4.93041666666667,10.9783333333333
"183","Carroll Ave. & 3rd St. (BC)",37.725156,-122.394156,200,3,14,15.7047083333334,1.01969251082327,11.568768255688,4.135,36.14,67.829,46.8221428571429,0.110900357142857,4.81428571428571,10.9432142857143
"184","Carroll Ave. & 3rd St. (BC)",37.725156,-122.394156,200,3,15,15.2845,1.04229815485941,11.9368046734327,3.35,28.07,67.60472,46.464,0.137296,5.2708,11.2256
"185","Carroll Ave. & 3rd St. (BC)",37.725156,-122.394156,200,3,16,15.7959166666667,1.01285315962646,11.5341474820144,4.265,36.93,65.9081428571428,49.2464285714286,0.105306071428571,4.79535714285714,11.4810714285714
"186","Carroll Ave. & 3rd St. (BC)",37.725156,-122.394156,200,3,17,15.947375,1.00392290664622,11.1839128787879,4.765,42.58,64.4102857142857,51.6710714285714,0.122927857142857,4.92964285714286,11.5825
"187","Carroll Ave. & 3rd St. (BC)",37.725156,-122.394156,200,3,18,16.7580416666666,1,11.5762001075848,5.185,45.185,62.1622142857143,55.7221428571429,0.140073571428571,5.09464285714286,12.025
"188","Carroll Ave. & 3rd St. (BC)",37.725156,-122.394156,200,3,19,16.3824583333333,1.0245603385407,11.930893997062,4.45,37.44,59.7274482758621,59.9848275862069,0.196911034482759,5.23310344827586,12.1851724137931
"189","Carroll Ave. & 3rd St. (BC)",37.725156,-122.394156,200,3,20,15.674875,1.06907896838937,11.9413877171216,3.735,32.61,58.3814,62.879,0.183719333333333,5.18,11.2943333333333
"190","Carroll Ave. & 3rd St. (BC)",37.725156,-122.394156,200,3,21,15.8960416666666,1.03410230538688,13.7416441441441,2.155,15.8,57.6752,64.1633333333333,0.178526333333333,5.171,10.4826666666667
"191","Carroll Ave. & 3rd St. (BC)",37.725156,-122.394156,200,3,22,15.5335,1.0577700913579,13.9126018518519,1.28,9.21,57.1571724137931,64.7368965517241,0.170575862068965,5.24275862068966,10.3327586206897
"192","Carroll Ave. & 3rd St. (BC)",37.725156,-122.394156,200,3,23,15.7275833333333,1.04340473596893,13.2876428571428,2.44,19.145,56.5406,65.7863333333333,0.230425333333333,5.35333333333333,10.0043333333333
"193","Carroll Ave. & 3rd St. (BC)",37.725156,-122.394156,300,12,0,16.993303873806,1.00420256604254,NA,NA,NA,57.5503076923077,72.9384615384615,0.693129230769231,9.34153846153846,11.0707692307692
"194","Carroll Ave. & 3rd St. (BC)",37.725156,-122.394156,300,12,1,16.5802843325792,1,NA,NA,NA,56.4125,73.9241666666667,0.6981625,9.965,10.9291666666667
"195","Carroll Ave. & 3rd St. (BC)",37.725156,-122.394156,300,12,2,15.89195,1.00660923610023,14.2672608695652,0.3,2.1,55.6896363636364,74.11,0.668743636363636,10.5672727272727,11.0081818181818
"196","Carroll Ave. & 3rd St. (BC)",37.725156,-122.394156,300,12,3,17.2109905844156,1,14.319,2.43,16.98,55.5485,74.5133333333333,0.6170675,10.0708333333333,10.3933333333333
"197","Carroll Ave. & 3rd St. (BC)",37.725156,-122.394156,300,12,4,16.3284352484472,1,15.5590142857143,0.7665,10.0595,55.31,76.1525,0.565526666666667,9.85833333333333,10.3808333333333
"198","Carroll Ave. & 3rd St. (BC)",37.725156,-122.394156,300,12,5,16.654941501142,1.00696468322476,14.4475,2.2065,16.052,55.7309230769231,76.1130769230769,0.788211538461538,9.02076923076923,10.3607692307692
"199","Carroll Ave. & 3rd St. (BC)",37.725156,-122.394156,300,12,6,16.4198214691471,1,12.6809163461538,3.738,30.801,55.082,76.5825,0.574221666666667,8.74583333333333,10.855
"200","Carroll Ave. & 3rd St. (BC)",37.725156,-122.394156,300,12,7,16.5620920437956,1,12.0942922311173,4.469,37.7365,55.9427692307692,76.4384615384615,0.884538461538461,8.96846153846154,10.8484615384615
"201","Carroll Ave. & 3rd St. (BC)",37.725156,-122.394156,300,12,8,16.0495211809318,1.03045055601322,11.6505038037052,4.3985,37.883,57.3107692307692,75.1146153846154,1.06229230769231,9.01,11.4876923076923
"202","Carroll Ave. & 3rd St. (BC)",37.725156,-122.394156,300,12,9,15.95055908673,1.02418704200582,12.3312936341463,3.619,29.4565,59.5895,72.49,0.569371666666667,8.615,9.74083333333333
"203","Carroll Ave. & 3rd St. (BC)",37.725156,-122.394156,300,12,10,16.6566923919916,1,11.7260097222222,4.927,42.1905,61.4015,69.4566666666667,0.53926,8.055,9.45416666666667
"204","Carroll Ave. & 3rd St. (BC)",37.725156,-122.394156,300,12,11,16.3372762443439,1.01142256955581,11.6410741705271,4.696,40.977,61.9421818181818,67.2345454545455,0.575257272727273,9.06909090909091,9.23454545454545
"205","Carroll Ave. & 3rd St. (BC)",37.725156,-122.394156,300,12,12,16.3904364994275,1.00362274678175,12.1301929004647,4.258,35.287,63.122,64.7163636363636,0.439370909090909,8.94909090909091,9.16545454545455
"206","Carroll Ave. & 3rd St. (BC)",37.725156,-122.394156,300,12,13,16.4864153846154,1,11.806347728446,4.6805,40.317,64.3325,63.015,0.3074225,8.9275,8.9425
"207","Carroll Ave. & 3rd St. (BC)",37.725156,-122.394156,300,12,14,16.1386317269886,1.01509378318808,11.6456429685807,4.496,39.059,64.5505454545455,60.4736363636364,0.484455454545455,9.82272727272727,9.47
"208","Carroll Ave. & 3rd St. (BC)",37.725156,-122.394156,300,12,15,15.8492031073297,1.0129532701675,11.9747570919954,3.8735,32.366,64.6925,59.3866666666667,0.454404166666667,9.59,9.59583333333333
"209","Carroll Ave. & 3rd St. (BC)",37.725156,-122.394156,300,12,16,16.1834101019462,1,11.5719622302158,4.6105,39.8505,63.0086,60.605,0.447701,10.422,11.5
"210","Carroll Ave. & 3rd St. (BC)",37.725156,-122.394156,300,12,17,15.8879779168544,1.0110900682707,11.1875882575758,4.7015,41.9995,60.5402857142857,66.2035714285714,0.483842142857143,9.47571428571429,12.8471428571429
"211","Carroll Ave. & 3rd St. (BC)",37.725156,-122.394156,300,12,18,16.9159213146491,1,11.6743325443787,5.2405,45.2525,59.459,68.4771428571429,0.611979285714286,10.5685714285714,12.495
"212","Carroll Ave. & 3rd St. (BC)",37.725156,-122.394156,300,12,19,16.7910010742232,1,11.9647669905181,4.8275,40.34,58.8315714285714,69.8792857142857,0.667712857142857,10.69,11.0485714285714
"213","Carroll Ave. & 3rd St. (BC)",37.725156,-122.394156,300,12,20,16.3132348710318,1.01601738355907,12.0682797146402,4.245,35.708,58.3391428571429,70.5757142857143,0.683695714285714,10.3528571428571,10.76
"214","Carroll Ave. & 3rd St. (BC)",37.725156,-122.394156,300,12,21,17.3156518918815,1,13.8221797297297,3.491,25.609,57.866,70.9914285714286,0.738776428571429,10.575,10.7164285714286
"215","Carroll Ave. & 3rd St. (BC)",37.725156,-122.394156,300,12,22,17.2385334362416,1,13.9126018518519,2.63,18.87,57.4738571428571,71.63,0.690698571428571,10.1642857142857,10.6971428571429
"216","Carroll Ave. & 3rd St. (BC)",37.725156,-122.394156,300,12,23,16.7629005492781,1.00852767375687,13.3973785714286,3.367,26.0525,57.3735714285714,72.1378571428571,0.598798571428571,9.31357142857143,10.5335714285714
"217","Carroll Ave. & 3rd St. (BC)",37.725156,-122.394156,300,1,0,16.4028920971303,1.00009571233437,NA,NA,NA,53.2516129032258,62.7548387096774,0.820742580645161,11.6470967741935,14.0577419354839
"218","Carroll Ave. & 3rd St. (BC)",37.725156,-122.394156,300,1,1,17.1144762589928,1.00925241495582,NA,NA,NA,52.7278709677419,63.79,0.768313548387097,10.82,13.8722580645161
"219","Carroll Ave. & 3rd St. (BC)",37.725156,-122.394156,300,1,2,15.5694153005464,1,14.2672608695652,1.3,9.13,52.052,64.8022580645161,0.898421290322581,10.8612903225806,13.4845161290323
"220","Carroll Ave. & 3rd St. (BC)",37.725156,-122.394156,300,1,3,16.3515352697095,1,14.319,2.03,14.19,51.9649032258065,64.0890322580645,0.925634193548387,11.121935483871,13.0267741935484
"221","Carroll Ave. & 3rd St. (BC)",37.725156,-122.394156,300,1,4,17.44168994654,1,15.5590142857143,1.8815,17.0725,51.3630344827586,65.681724137931,0.957988965517241,11.8410344827586,13.4051724137931
"222","Carroll Ave. & 3rd St. (BC)",37.725156,-122.394156,300,1,5,15.1476449353448,1.05906264528278,14.4475,0.6985,5.4545,51.074,65.5393333333333,1.00114633333333,11.4006666666667,13.605
"223","Carroll Ave. & 3rd St. (BC)",37.725156,-122.394156,300,1,6,16.4100836988392,1.00144972601689,12.6809163461538,3.7275,31.1635,50.837,65.494,1.181439,11.8953333333333,14.372
"224","Carroll Ave. & 3rd St. (BC)",37.725156,-122.394156,300,1,7,16.1015005527406,1.01550819307516,12.0942922311173,4.0075,34.092,51.1775483870968,64.6525806451613,1.41115548387097,11.7035483870968,15.4867741935484
"225","Carroll Ave. & 3rd St. (BC)",37.725156,-122.394156,300,1,8,15.6991151364764,1.03851553287706,11.6505038037052,4.0485,34.8345,53.9138,62.3943333333333,1.62516833333333,11.9783333333333,15.6336666666667
"226","Carroll Ave. & 3rd St. (BC)",37.725156,-122.394156,300,1,9,16.2644663426489,1.01665523416515,12.3312936341463,3.933,32.014,58.4204,55.844,0.794964,10.6676666666667,13.357
"227","Carroll Ave. & 3rd St. (BC)",37.725156,-122.394156,300,1,10,16.5090057951874,1.00451082312564,11.7260097222222,4.7835,40.898,61.8416774193548,48.7922580645161,0.57299,10.4429032258065,12.1725806451613
"228","Carroll Ave. & 3rd St. (BC)",37.725156,-122.394156,300,1,11,15.8520028942116,1.0204088696661,11.6410741705271,4.2095,36.679,63.5594,45.2753333333333,0.594739,10.4516666666667,11.891
"229","Carroll Ave. & 3rd St. (BC)",37.725156,-122.394156,300,1,12,16.4621107142857,1.01304393625904,12.1301929004647,4.334,35.9675,65.0852857142857,43.3446428571429,0.496545357142857,9.56571428571429,12.0175
"230","Carroll Ave. & 3rd St. (BC)",37.725156,-122.394156,300,1,13,16.2184217861613,1.00879543243756,11.806347728446,4.41,38.149,66.3928571428571,40,0.339153928571429,8.77571428571428,11.1967857142857
"231","Carroll Ave. & 3rd St. (BC)",37.725156,-122.394156,300,1,14,15.961725,1.01257904112512,11.6456429685807,4.315,37.425,67.4575172413793,38.0148275862069,0.305324137931035,8.10241379310345,10.9586206896552
"232","Carroll Ave. & 3rd St. (BC)",37.725156,-122.394156,300,1,15,15.8593415859564,1.02042350897544,11.9747570919954,3.881,32.4195,67.4451034482759,37.7848275862069,0.303988620689655,7.6648275862069,11.3324137931034
"233","Carroll Ave. & 3rd St. (BC)",37.725156,-122.394156,300,1,16,15.7471092462752,1.01721160859759,11.5719622302158,4.174,36.076,65.6966,41.501,0.292248,7.161,12.3026666666667
"234","Carroll Ave. & 3rd St. (BC)",37.725156,-122.394156,300,1,17,16.0371922932331,1.00182193861843,11.1875882575758,4.8535,43.328,61.4462580645161,48.42,0.417249677419355,7.52741935483871,15.6183870967742
"235","Carroll Ave. & 3rd St. (BC)",37.725156,-122.394156,300,1,18,17.0153942540854,1,11.6743325443787,5.3435,46.381,58.941935483871,52.2064516129032,0.483570322580645,7.82290322580645,15.4722580645161
"236","Carroll Ave. & 3rd St. (BC)",37.725156,-122.394156,300,1,19,16.6899330145361,1,11.9647669905181,4.728,39.506,57.5437419354839,54.8916129032258,0.597060967741935,8.33935483870968,15.3561290322581
"237","Carroll Ave. & 3rd St. (BC)",37.725156,-122.394156,300,1,20,16.3462986219363,1.01004657767766,12.0682797146402,4.2765,36.818,56.426,56.9545161290323,0.722351612903226,9.34225806451613,14.811935483871
"238","Carroll Ave. & 3rd St. (BC)",37.725156,-122.394156,300,1,21,16.6759714004087,1.00856980549583,13.8221797297297,2.853,20.8265,55.6009032258064,58.7732258064516,0.841299677419355,10.0103225806452,14.4077419354839
"239","Carroll Ave. & 3rd St. (BC)",37.725156,-122.394156,300,1,22,16.9087008097356,1,13.9126018518519,2.45,17.6,54.9511612903226,60.5238709677419,1.24899806451613,10.1038709677419,14.2464516129032
"240","Carroll Ave. & 3rd St. (BC)",37.725156,-122.394156,300,1,23,16.4792234265149,1,13.3973785714286,3.083,23.519,54.2491612903226,61.9435483870968,0.721890322580645,9.26774193548387,14.2270967741935
"241","Carroll Ave. & 3rd St. (BC)",37.725156,-122.394156,300,2,0,15.0671625,1.07487710339854,NA,NA,NA,54.7404285714286,70.85,0.3263175,5.33892857142857,11.8521428571429
"242","Carroll Ave. & 3rd St. (BC)",37.725156,-122.394156,300,2,1,15.2343083333333,1.06810933418219,NA,NA,NA,53.97,71.6737037037037,0.35212037037037,5.23222222222222,12.1507407407407
"243","Carroll Ave. & 3rd St. (BC)",37.725156,-122.394156,300,2,2,14.8845,1.05686041488236,14.2672608695652,-0.82,-5.72,53.5582142857143,72.7257142857143,0.498655,5.43892857142857,11.9853571428571
"244","Carroll Ave. & 3rd St. (BC)",37.725156,-122.394156,300,2,3,14.6996458333333,1.07612164233181,14.319,-0.42,-2.9,53.042,72.5714814814815,0.390667407407407,5.38814814814815,13.1574074074074
"245","Carroll Ave. & 3rd St. (BC)",37.725156,-122.394156,300,2,4,14.6592625,1.08603984223962,15.5590142857143,-0.9,-0.7835,52.556,73.3737037037037,0.509544814814815,5.93777777777778,13.1466666666667
"246","Carroll Ave. & 3rd St. (BC)",37.725156,-122.394156,300,2,5,14.4572125,1.11823913758512,14.4475,0.00650000000000002,0.505,52.5958571428571,73.8275,0.574861071428571,5.89321428571429,14.2110714285714
"247","Carroll Ave. & 3rd St. (BC)",37.725156,-122.394156,300,2,6,16.2034541666667,1,12.6809163461538,3.519,29.158,52.2706666666667,74.4777777777778,0.623341851851852,6.14185185185185,15.3259259259259
"248","Carroll Ave. & 3rd St. (BC)",37.725156,-122.394156,300,2,7,15.8411041666667,1.02500606029382,12.0942922311173,3.748,31.743,52.78,74.1722222222222,0.986093333333333,6.53814814814815,16.8188888888889
"249","Carroll Ave. & 3rd St. (BC)",37.725156,-122.394156,300,2,8,15.1694625,1.06201747287514,11.6505038037052,3.5195,30.3225,56.3102857142857,69.6964285714286,0.985694285714286,6.595,15.4032142857143
"250","Carroll Ave. & 3rd St. (BC)",37.725156,-122.394156,300,2,9,15.9182875,1.01928424749549,12.3312936341463,3.586,29.213,59.4930434782609,64.9343478260869,0.606260434782609,6.36260869565217,12.7430434782609
"251","Carroll Ave. & 3rd St. (BC)",37.725156,-122.394156,300,2,10,15.9027583333333,1.02703388099067,11.7260097222222,4.177,35.783,61.8585714285714,59.5828571428571,0.408254285714286,6.33571428571429,12.4304761904762
"252","Carroll Ave. & 3rd St. (BC)",37.725156,-122.394156,300,2,11,16.1435708333333,1.00791772956989,11.6410741705271,4.502,39.205,64.001652173913,55.19,0.514122173913043,6.69913043478261,12.564347826087
"253","Carroll Ave. & 3rd St. (BC)",37.725156,-122.394156,300,2,12,16.4425791666667,1.00011429618654,12.1301929004647,4.3135,35.6495,65.4062,51.8545,0.362786,5.8485,11.4335
"254","Carroll Ave. & 3rd St. (BC)",37.725156,-122.394156,300,2,13,16.1613708333333,1.0016855261558,11.806347728446,4.356,37.469,67.4919090909091,49.0531818181818,0.238696818181818,5.08636363636364,10.7727272727273
"255","Carroll Ave. & 3rd St. (BC)",37.725156,-122.394156,300,2,14,15.7245208333333,1.02493600030814,11.6456429685807,4.0795,35.438,67.9353636363636,45.6427272727273,0.198833636363636,5.03590909090909,11.2568181818182
"256","Carroll Ave. & 3rd St. (BC)",37.725156,-122.394156,300,2,15,15.2479583333333,1.04141425259705,11.9747570919954,3.2755,27.384,67.27496,48.0996,0.1639912,4.9052,11.572
"257","Carroll Ave. & 3rd St. (BC)",37.725156,-122.394156,300,2,16,15.7124083333333,1.01610152175656,11.5719622302158,4.142,35.7005,65.7603846153846,51.1023076923077,0.155929230769231,4.93192307692308,11.7692307692308
"258","Carroll Ave. & 3rd St. (BC)",37.725156,-122.394156,300,2,17,16.1216333333333,1.00282814985191,11.1875882575758,4.938,44.0775,62.4806666666667,56.9288888888889,0.20909037037037,5.2162962962963,12.8022222222222
"259","Carroll Ave. & 3rd St. (BC)",37.725156,-122.394156,300,2,18,16.9054,1,11.6743325443787,5.2325,45.224,59.9700714285714,61.9810714285714,0.269736071428571,5.45964285714286,13.3225
"260","Carroll Ave. & 3rd St. (BC)",37.725156,-122.394156,300,2,19,16.4149958333333,1.001999848506,11.9647669905181,4.4505,37.2385,58.6406428571429,64.7714285714286,0.243264642857143,5.49357142857143,12.3114285714286
"261","Carroll Ave. & 3rd St. (BC)",37.725156,-122.394156,300,2,20,15.9242666666667,1.05803179764536,12.0682797146402,3.8585,33.439,57.6384285714286,66.9267857142857,0.282983928571429,5.52714285714286,11.9328571428571
"262","Carroll Ave. & 3rd St. (BC)",37.725156,-122.394156,300,2,21,15.7523958333333,1.04056168834311,13.8221797297297,1.933,14.341,56.544,68.0318518518519,0.357518888888889,5.65222222222222,12.4507407407407
"263","Carroll Ave. & 3rd St. (BC)",37.725156,-122.394156,300,2,22,16.0007708333333,1.02630667434338,13.9126018518519,1.31,9.4,55.7156428571429,69.6492857142857,0.344767142857143,6.02892857142857,12.6332142857143
"264","Carroll Ave. & 3rd St. (BC)",37.725156,-122.394156,300,2,23,15.1570666666667,1.06578858057191,13.3973785714286,1.7625,13.857,55.128,70.1248148148148,0.33572,5.73592592592593,12.4722222222222
"265","Carroll Ave. & 3rd St. (BC)",37.725156,-122.394156,300,3,0,15.2529083333333,1.06599436448676,NA,NA,NA,55.712,66.474,0.233745,5.46266666666667,10.3813333333333
"266","Carroll Ave. & 3rd St. (BC)",37.725156,-122.394156,300,3,1,14.9899583333333,1.07643406842296,NA,NA,NA,55.3088,67.5016666666667,0.203888333333333,5.41433333333333,10.436
"267","Carroll Ave. & 3rd St. (BC)",37.725156,-122.394156,300,3,2,15.2322125,1.05478251567137,14.2672608695652,-0.57,-3.98,55.0058620689655,68.1806896551724,0.202158965517241,5.38862068965517,10.0403448275862
"268","Carroll Ave. & 3rd St. (BC)",37.725156,-122.394156,300,3,3,14.9765375,1.074229277034,14.319,-0.05,-0.38,54.5328965517241,69.3413793103448,0.193792068965517,5.39344827586207,10.5220689655172
"269","Carroll Ave. & 3rd St. (BC)",37.725156,-122.394156,300,3,4,14.7965875,1.09286715756317,15.5590142857143,-0.7645,-0.261499999999999,53.974275862069,70.5606896551724,0.213328620689655,5.33931034482759,11.2924137931034
"270","Carroll Ave. & 3rd St. (BC)",37.725156,-122.394156,300,3,5,14.4246125,1.12853229484537,14.4475,-0.023,0.1935,53.7032,71.3263333333333,0.274284666666667,5.647,12.172
"271","Carroll Ave. & 3rd St. (BC)",37.725156,-122.394156,300,3,6,15.769025,1.02084477327926,12.6809163461538,3.091,25.7595,53.7291034482759,71.338275862069,0.350773448275862,5.69275862068965,14.4244827586207
"272","Carroll Ave. & 3rd St. (BC)",37.725156,-122.394156,300,3,7,15.8897708333333,1.03061119480163,12.0942922311173,3.7945,32.426,53.9396,70.649,0.599542666666667,5.67966666666667,15.5436666666667
"273","Carroll Ave. & 3rd St. (BC)",37.725156,-122.394156,300,3,8,15.3975541666667,1.04608246037102,11.6505038037052,3.75,32.2355,56.6529285714286,67.415,0.596207142857143,5.78428571428571,14.6292857142857
"274","Carroll Ave. & 3rd St. (BC)",37.725156,-122.394156,300,3,9,15.8976083333333,1.01448737199315,12.3312936341463,3.5665,29.0985,60.5136363636364,62.6586363636364,0.403223181818182,5.98272727272727,12.64
"275","Carroll Ave. & 3rd St. (BC)",37.725156,-122.394156,300,3,10,15.96095,1.02217072957019,11.7260097222222,4.2375,36.258,63.8214285714286,55.832380952381,0.283462380952381,5.7447619047619,11.4138095238095
"276","Carroll Ave. & 3rd St. (BC)",37.725156,-122.394156,300,3,11,15.89005,1.02158956282311,11.6410741705271,4.248,36.981,67.1378,50.346,0.165944,5.2245,11.2405
"277","Carroll Ave. & 3rd St. (BC)",37.725156,-122.394156,300,3,12,16.03795,1.01748115896495,12.1301929004647,3.906,32.349,67.829,45.8013636363636,0.177895454545455,5.25772727272727,11.2386363636364
"278","Carroll Ave. & 3rd St. (BC)",37.725156,-122.394156,300,3,13,15.9496291666667,1.00913311657728,11.806347728446,4.1465,35.843,68.483,46.7654166666667,0.143171666666667,4.93041666666667,10.9783333333333
"279","Carroll Ave. & 3rd St. (BC)",37.725156,-122.394156,300,3,14,15.7412541666667,1.02115684136198,11.6456429685807,4.0945,35.551,67.829,46.8221428571429,0.110900357142857,4.81428571428571,10.9432142857143
"280","Carroll Ave. & 3rd St. (BC)",37.725156,-122.394156,300,3,15,15.3225916666667,1.04448720360525,11.9747570919954,3.35,27.982,67.60472,46.464,0.137296,5.2708,11.2256
"281","Carroll Ave. & 3rd St. (BC)",37.725156,-122.394156,300,3,16,15.85325,1.01370454316916,11.5719622302158,4.2845,36.978,65.9081428571428,49.2464285714286,0.105306071428571,4.79535714285714,11.4810714285714
"282","Carroll Ave. & 3rd St. (BC)",37.725156,-122.394156,300,3,17,16.0002625,1.00431519731084,11.1875882575758,4.8145,43.006,64.4102857142857,51.6710714285714,0.122927857142857,4.92964285714286,11.5825
"283","Carroll Ave. & 3rd St. (BC)",37.725156,-122.394156,300,3,18,16.8426708333333,1,11.6743325443787,5.1715,44.6855,62.1622142857143,55.7221428571429,0.140073571428571,5.09464285714286,12.025
"284","Carroll Ave. & 3rd St. (BC)",37.725156,-122.394156,300,3,19,16.3765041666667,1.02701637239477,11.9647669905181,4.41,37,59.7274482758621,59.9848275862069,0.196911034482759,5.23310344827586,12.1851724137931
"285","Carroll Ave. & 3rd St. (BC)",37.725156,-122.394156,300,3,20,15.6919875,1.07165573530168,12.0682797146402,3.6255,31.344,58.3814,62.879,0.183719333333333,5.18,11.2943333333333
"286","Carroll Ave. & 3rd St. (BC)",37.725156,-122.394156,300,3,21,15.9602125,1.0344884329655,13.8221797297297,2.1385,15.588,57.6752,64.1633333333333,0.178526333333333,5.171,10.4826666666667
"287","Carroll Ave. & 3rd St. (BC)",37.725156,-122.394156,300,3,22,15.5674833333333,1.06114076949611,13.9126018518519,1.28,9.21,57.1571724137931,64.7368965517241,0.170575862068965,5.24275862068966,10.3327586206897
"288","Carroll Ave. & 3rd St. (BC)",37.725156,-122.394156,300,3,23,15.7325,1.04774520956583,13.3973785714286,2.335,18.1985,56.5406,65.7863333333333,0.230425333333333,5.35333333333333,10.0043333333333
"289","9th St. and Brannan St. (BC)",37.769559,-122.406857,100,12,0,25.0736891604289,1.00149472525398,23.7797212324457,3.680625,14.72875,NA,NA,NA,NA,NA
"290","9th St. and Brannan St. (BC)",37.769559,-122.406857,100,12,1,24.3837744088547,1.01701582538443,23.0164681012066,1.3695,7.8075,NA,NA,NA,NA,NA
"291","9th St. and Brannan St. (BC)",37.769559,-122.406857,100,12,2,26.1949856223489,1,26.0199288248337,2.884,10.992,NA,NA,NA,NA,NA
"292","9th St. and Brannan St. (BC)",37.769559,-122.406857,100,12,3,24.3060667254888,1.00189379009649,28.4553157550538,2.68272727272727,14.7909090909091,NA,NA,NA,NA,NA
"293","9th St. and Brannan St. (BC)",37.769559,-122.406857,100,12,4,25.7117049837087,1.03809240600154,24.4113439701224,4.7425,20.98,NA,NA,NA,NA,NA
"294","9th St. and Brannan St. (BC)",37.769559,-122.406857,100,12,5,24.0496502641676,1.04240492214306,22.2527587862309,1.7955,6.834,NA,NA,NA,NA,NA
"295","9th St. and Brannan St. (BC)",37.769559,-122.406857,100,12,6,20.6053014433122,1.10223821610172,16.3167623876698,4.289,26.866,NA,NA,NA,NA,NA
"296","9th St. and Brannan St. (BC)",37.769559,-122.406857,100,12,7,18.2638451312932,1.23710576647096,14.7579147798742,3.5075,28.545,NA,NA,NA,NA,NA
"297","9th St. and Brannan St. (BC)",37.769559,-122.406857,100,12,8,16.7300834979248,1.31979702676913,14.0986333333333,2.631,26.6945,NA,NA,NA,NA,NA
"298","9th St. and Brannan St. (BC)",37.769559,-122.406857,100,12,9,17.3016672318721,1.26966827022169,13.55611,3.745,36.972,NA,NA,NA,NA,NA
"299","9th St. and Brannan St. (BC)",37.769559,-122.406857,100,12,10,17.2077414788219,1.30046833192021,12.7108199346405,4.4995,46.1085,NA,NA,NA,NA,NA
"300","9th St. and Brannan St. (BC)",37.769559,-122.406857,100,12,11,17.0220567195461,1.3109016989813,13.3273997113997,3.6945,33.238,NA,NA,NA,NA,NA
"301","9th St. and Brannan St. (BC)",37.769559,-122.406857,100,12,12,17.0783252708252,1.29681406178399,14.3257777704161,2.751,22.154,NA,NA,NA,NA,NA
"302","9th St. and Brannan St. (BC)",37.769559,-122.406857,100,12,13,17.0878791873245,1.33190348807428,15.6171781902357,1.47,20.414,NA,NA,NA,NA,NA
"303","9th St. and Brannan St. (BC)",37.769559,-122.406857,100,12,14,17.2017911165811,1.30931533965278,13.1940828502923,4.009,30.2305,NA,NA,NA,NA,NA
"304","9th St. and Brannan St. (BC)",37.769559,-122.406857,100,12,15,17.1651155503914,1.31988137076899,12.3605646373851,4.8025,39.48,NA,NA,NA,NA,NA
"305","9th St. and Brannan St. (BC)",37.769559,-122.406857,100,12,16,16.9798978369181,1.33705363755878,12.3698550826649,4.6115,36.4505,NA,NA,NA,NA,NA
"306","9th St. and Brannan St. (BC)",37.769559,-122.406857,100,12,17,16.3823045555987,1.41515655090756,11.9252968616497,4.458,36.94,NA,NA,NA,NA,NA
"307","9th St. and Brannan St. (BC)",37.769559,-122.406857,100,12,18,17.472382007908,1.3030919294496,11.8073407407407,5.666,48.471,NA,NA,NA,NA,NA
"308","9th St. and Brannan St. (BC)",37.769559,-122.406857,100,12,19,19.4293632887481,1.14907477485766,14.4110135249554,5.0195,35.3365,NA,NA,NA,NA,NA
"309","9th St. and Brannan St. (BC)",37.769559,-122.406857,100,12,20,22.726569456763,1.03907206203089,19.2804824492395,3.4465,18.9595,NA,NA,NA,NA,NA
"310","9th St. and Brannan St. (BC)",37.769559,-122.406857,100,12,21,23.3579565213305,1.00419141572523,20.8647391390042,2.4935,17.4845,NA,NA,NA,NA,NA
"311","9th St. and Brannan St. (BC)",37.769559,-122.406857,100,12,22,23.8164926726604,1.0075466868839,22.4054453585772,1.4105,7.8075,NA,NA,NA,NA,NA
"312","9th St. and Brannan St. (BC)",37.769559,-122.406857,100,12,23,24.8612408345768,1.00556948657126,21.8832750200604,2.978,14.782,NA,NA,NA,NA,NA
"313","9th St. and Brannan St. (BC)",37.769559,-122.406857,100,1,0,24.6036664469258,1.00857315077491,23.7797212324457,3.683125,14.385,51.738,61.8183333333333,0.897263333333333,13.3622222222222,13.8433333333333
"314","9th St. and Brannan St. (BC)",37.769559,-122.406857,100,1,1,24.086854272068,1.01111022030736,23.0164681012066,1.07,8.4045,51.268,63.0783333333333,0.980737222222222,12.6994444444444,13.3461111111111
"315","9th St. and Brannan St. (BC)",37.769559,-122.406857,100,1,2,23.1491490015685,1.02640083109505,26.0199288248337,0.344,-2.68666666666667,50.459,64.5194444444444,0.960388333333333,12.9222222222222,12.5555555555556
"316","9th St. and Brannan St. (BC)",37.769559,-122.406857,100,1,3,24.7174938665747,1,28.4553157550538,4.75090909090909,19.6827272727273,50.021,65.3033333333333,0.848252777777778,12.9661111111111,12.25
"317","9th St. and Brannan St. (BC)",37.769559,-122.406857,100,1,4,25.403563100857,1,24.4113439701224,4.326875,18.82,49.797,65.7427777777778,0.785557777777778,12.8738888888889,11.7261111111111
"318","9th St. and Brannan St. (BC)",37.769559,-122.406857,100,1,5,24.4271058361712,1.03908186835196,22.2527587862309,2.1735,8.1235,49.676,65.7005555555556,0.821581666666667,13.2716666666667,11.6183333333333
"319","9th St. and Brannan St. (BC)",37.769559,-122.406857,100,1,6,20.3228834510068,1.15179053636089,16.3167623876698,4.0065,25.9485,49.755,65.275,0.947343888888889,12.6488888888889,11.7816666666667
"320","9th St. and Brannan St. (BC)",37.769559,-122.406857,100,1,7,17.0343028244124,1.40257346225778,14.7579147798742,2.275,21.2455,50.08,65.3083333333333,1.023935,12.9305555555556,12.7416666666667
"321","9th St. and Brannan St. (BC)",37.769559,-122.406857,100,1,8,16.1474455151013,1.44509226958414,14.0986333333333,2.0475,23.357,52.586,62.9211111111111,1.01346555555556,13.7088888888889,15.2033333333333
"322","9th St. and Brannan St. (BC)",37.769559,-122.406857,100,1,9,16.5730124116183,1.37059677677638,13.55611,3.0185,33.3105,56.782,57.045,0.744969444444444,13.3577777777778,14.6138888888889
"323","9th St. and Brannan St. (BC)",37.769559,-122.406857,100,1,10,16.2234514265935,1.40499528558318,12.7108199346405,3.512,38.9095,60.2621176470588,50.7370588235294,0.639425294117647,12.9623529411765,12.7658823529412
"324","9th St. and Brannan St. (BC)",37.769559,-122.406857,100,1,11,16.9737608437635,1.34715606783461,13.3273997113997,3.648,32.9285,62.2643529411765,45.9241176470588,0.576247647058824,12.1629411764706,11.4829411764706
"325","9th St. and Brannan St. (BC)",37.769559,-122.406857,100,1,12,17.2967114295512,1.32706054958991,14.3257777704161,2.9735,23.3115,63.715,41.6444444444444,0.504932222222222,11.0044444444444,10.7488888888889
"326","9th St. and Brannan St. (BC)",37.769559,-122.406857,100,1,13,18.1159568389058,1.25591914270373,15.6171781902357,2.499,25.8275,64.811,39.785,0.408878333333333,10.0027777777778,10.1288888888889
"327","9th St. and Brannan St. (BC)",37.769559,-122.406857,100,1,14,16.7135744705554,1.36198952414674,13.1940828502923,3.519,26.5955,65.183,38.9361111111111,0.37882,9.58611111111111,9.74222222222222
"328","9th St. and Brannan St. (BC)",37.769559,-122.406857,100,1,15,16.0873000915751,1.39918780578001,12.3605646373851,3.726,30.451,64.5866315789474,39.8310526315789,0.392140526315789,8.95315789473684,9.91105263157895
"329","9th St. and Brannan St. (BC)",37.769559,-122.406857,100,1,16,15.7909642857143,1.46063519946363,12.3698550826649,3.4205,27.5925,63.3986315789474,41.8547368421053,0.416695263157895,8.61526315789474,10.6442105263158
"330","9th St. and Brannan St. (BC)",37.769559,-122.406857,100,1,17,15.0764357142857,1.50280147546443,11.9252968616497,3.1485,28.52,60.0923157894737,46.4057894736842,0.451251052631579,8.65052631578947,12.1673684210526
"331","9th St. and Brannan St. (BC)",37.769559,-122.406857,100,1,18,15.9699879357485,1.39873354824838,11.8073407407407,4.1625,37.9425,57.6992631578947,50.2536842105263,0.52592,9.01157894736842,13.8021052631579
"332","9th St. and Brannan St. (BC)",37.769559,-122.406857,100,1,19,18.5069297442567,1.25492144970126,14.4110135249554,4.0935,30.4525,56.2971578947368,53.3452631578947,0.662032631578947,10.0863157894737,14.8815789473684
"333","9th St. and Brannan St. (BC)",37.769559,-122.406857,100,1,20,23.2063985226768,1.00900998353768,19.2804824492395,3.9235,20.159,55.1773684210526,55.5894736842105,0.795622105263158,11.7463157894737,14.5626315789474
"334","9th St. and Brannan St. (BC)",37.769559,-122.406857,100,1,21,24.3666485144438,1.00072733615185,20.8647391390042,3.502,19.6965,54.2868421052632,56.9436842105263,0.894881578947368,11.8421052631579,14.1284210526316
"335","9th St. and Brannan St. (BC)",37.769559,-122.406857,100,1,22,24.7912912770505,1.00013939064184,22.4054453585772,2.3855,10.4525,53.6331578947368,58.7573684210526,1.03002368421053,12.6210526315789,14.4021052631579
"336","9th St. and Brannan St. (BC)",37.769559,-122.406857,100,1,23,25.4267151914974,1,21.8832750200604,3.5455,14.821,52.97,60.6415789473684,0.930963157894737,12.2910526315789,13.9578947368421
"337","9th St. and Brannan St. (BC)",37.769559,-122.406857,100,2,0,23.0740166666667,1.04629965360132,23.7797212324457,2.084375,7.75625,54.4447142857143,70.3275,0.491159642857143,7.21892857142857,13.0421428571429
"338","9th St. and Brannan St. (BC)",37.769559,-122.406857,100,2,1,22.2814708333333,1.08544454923964,23.0164681012066,-0.7335,-2.3735,53.8565,71.1117857142857,0.484286785714286,6.98785714285714,12.5332142857143
"339","9th St. and Brannan St. (BC)",37.769559,-122.406857,100,2,2,22.8882791666667,1.08345050873727,26.0199288248337,-0.00199999999999992,-5.03933333333333,53.3647142857143,72.0282142857143,0.568778928571429,6.39964285714286,12.5328571428571
"340","9th St. and Brannan St. (BC)",37.769559,-122.406857,100,2,3,23.1382125,1.07109426897299,28.4553157550538,4.08545454545455,16.3518181818182,52.7986666666667,72.5548148148148,0.728028888888889,7.22555555555556,13.2
"341","9th St. and Brannan St. (BC)",37.769559,-122.406857,100,2,4,23.6410583333333,1.09068403449594,24.4113439701224,2.76625,8.98625,52.6434285714286,73.5885714285714,0.584210357142857,6.725,13.4378571428571
"342","9th St. and Brannan St. (BC)",37.769559,-122.406857,100,2,5,23.4882375,1.09083028973355,22.2527587862309,1.2345,3.077,52.3715,73.8228571428571,0.692625714285714,7.43107142857143,14.3821428571429
"343","9th St. and Brannan St. (BC)",37.769559,-122.406857,100,2,6,18.9913208333333,1.22922328776192,16.3167623876698,2.674,17.6355,52.4010714285714,74.22,0.656105,6.51035714285714,14.7842857142857
"344","9th St. and Brannan St. (BC)",37.769559,-122.406857,100,2,7,15.8056958333333,1.49596840658424,14.7579147798742,1.047,12.78,52.9944285714286,74.3735714285714,0.843287142857143,6.56857142857143,15.5464285714286
"345","9th St. and Brannan St. (BC)",37.769559,-122.406857,100,2,8,14.919375,1.56642016784847,14.0986333333333,0.8215,14.93,56.1180714285714,70.3842857142857,0.801118928571429,6.68964285714286,15.5807142857143
"346","9th St. and Brannan St. (BC)",37.769559,-122.406857,100,2,9,15.0048041666667,1.51226584891023,13.55611,1.45,23.4175,59.8266153846154,64.4584615384615,0.443657307692308,6.59269230769231,12.7438461538462
"347","9th St. and Brannan St. (BC)",37.769559,-122.406857,100,2,10,15.6992875,1.44421297786657,12.7108199346405,2.99,35.976,62.77856,58.2048,0.3957704,6.6152,11.4144
"348","9th St. and Brannan St. (BC)",37.769559,-122.406857,100,2,11,16.7616458333333,1.33487488889224,13.3273997113997,3.4355,31.8555,64.5824545454545,57.2854545454545,0.389008636363636,6.39363636363636,10.6704545454545
"349","9th St. and Brannan St. (BC)",37.769559,-122.406857,100,2,12,17.0892208333333,1.31465892488369,14.3257777704161,2.765,22.157,65.96456,52.4908,0.3806268,6.0444,9.5776
"350","9th St. and Brannan St. (BC)",37.769559,-122.406857,100,2,13,17.9371958333333,1.22794501322052,15.6171781902357,2.32,22.8415,67.1293333333333,49.3874074074074,0.245876666666667,5.16481481481481,8.58074074074074
"351","9th St. and Brannan St. (BC)",37.769559,-122.406857,100,2,14,17.0549791666667,1.31326490054695,13.1940828502923,3.86,29.3745,67.3726666666667,47.5611111111111,0.208333703703704,5.14481481481481,8.45851851851852
"352","9th St. and Brannan St. (BC)",37.769559,-122.406857,100,2,15,16.017675,1.41255991610399,12.3605646373851,3.656,29.9315,66.6249285714286,50.0167857142857,0.223962142857143,5.15428571428571,8.9475
"353","9th St. and Brannan St. (BC)",37.769559,-122.406857,100,2,16,15.5831333333333,1.45978235155638,12.3698550826649,3.216,26.0225,65.2746666666667,51.5703703703704,0.266853333333333,5.50444444444444,9.72444444444444
"354","9th St. and Brannan St. (BC)",37.769559,-122.406857,100,2,17,14.1985291666667,1.61525405758176,11.9252968616497,2.272,21.1105,62.9580714285714,55.5671428571429,0.317358214285714,5.82785714285714,10.9017857142857
"355","9th St. and Brannan St. (BC)",37.769559,-122.406857,100,2,18,14.83755,1.56702814490514,11.8073407407407,3.029,28.795,60.449,59.9496428571429,0.358688928571429,6.17142857142857,12.2789285714286
"356","9th St. and Brannan St. (BC)",37.769559,-122.406857,100,2,19,17.8013666666667,1.2876006796971,14.4110135249554,3.3905,25.452,59.1272857142857,62.5210714285714,0.369013214285714,6.53571428571429,12.6589285714286
"357","9th St. and Brannan St. (BC)",37.769559,-122.406857,100,2,20,22.08285,1.04222279553844,19.2804824492395,2.804,15.768,58.0395714285714,64.7678571428571,0.393923214285714,6.6975,12.4707142857143
"358","9th St. and Brannan St. (BC)",37.769559,-122.406857,100,2,21,23.4273666666667,1.00654247430768,20.8647391390042,2.5635,15.7275,56.9042857142857,66.4707142857143,0.455743214285714,6.74607142857143,13.0385714285714
"359","9th St. and Brannan St. (BC)",37.769559,-122.406857,100,2,22,23.4299208333333,1.00638410308619,22.4054453585772,1.0245,3.33,55.9406428571429,67.8357142857143,0.557888214285714,6.98678571428571,13.1514285714286
"360","9th St. and Brannan St. (BC)",37.769559,-122.406857,100,2,23,24.5985958333333,1.0124220294138,21.8832750200604,2.714,9.5145,55.0985,69.1807142857143,0.492951785714286,7.51964285714286,12.8135714285714
"361","9th St. and Brannan St. (BC)",37.769559,-122.406857,100,3,0,23.9747166666667,1.04103624070159,23.7797212324457,3.280625,10.895625,55.5776,65.501,0.338097333333333,6.383,11.901
"362","9th St. and Brannan St. (BC)",37.769559,-122.406857,100,3,1,22.8342833333333,1.08321053058504,23.0164681012066,-0.1815,-0.6535,54.944,66.8773333333333,0.308388333333333,6.18433333333333,11.6193333333333
"363","9th St. and Brannan St. (BC)",37.769559,-122.406857,100,3,2,22.8844583333333,1.08445267767258,26.0199288248337,-0.100666666666667,-4.662,54.5713793103448,68.0341379310345,0.252444482758621,6.05931034482759,11.7455172413793
"364","9th St. and Brannan St. (BC)",37.769559,-122.406857,100,3,3,23.3659958333333,1.08319474817544,28.4553157550538,4.42272727272727,19.1354545454545,54.0074,69.3676666666667,0.287558333333333,6.13866666666667,12.0283333333333
"365","9th St. and Brannan St. (BC)",37.769559,-122.406857,100,3,4,23.8656833333334,1.07806919107984,24.4113439701224,3.115625,11.3175,53.5832413793103,70.0827586206897,0.330776896551724,6.0348275862069,12.8020689655172
"366","9th St. and Brannan St. (BC)",37.769559,-122.406857,100,3,5,23.6524333333333,1.08994594618024,22.2527587862309,1.399,3.8465,53.4249655172414,71.1306896551724,0.422385862068966,6.22758620689655,14.1441379310345
"367","9th St. and Brannan St. (BC)",37.769559,-122.406857,100,3,6,19.3246125,1.20539410540662,16.3167623876698,3.008,19.48,53.1914,70.9716666666667,0.543721333333333,6.30166666666667,15.9626666666667
"368","9th St. and Brannan St. (BC)",37.769559,-122.406857,100,3,7,16.1537041666667,1.46953580940389,14.7579147798742,1.3945,15.2065,53.687,70.6076666666667,0.718665333333333,6.332,17.4933333333333
"369","9th St. and Brannan St. (BC)",37.769559,-122.406857,100,3,8,15.092875,1.5407975004472,14.0986333333333,0.9945,15.107,56.6264827586207,67.4496551724138,0.665619310344828,6.52551724137931,16.6868965517241
"370","9th St. and Brannan St. (BC)",37.769559,-122.406857,100,3,9,15.2130958333333,1.51134968707935,13.55611,1.6575,23.5555,60.492,61.5381481481481,0.291778148148148,6.15222222222222,13.2748148148148
"371","9th St. and Brannan St. (BC)",37.769559,-122.406857,100,3,10,15.589025,1.464235453755,12.7108199346405,2.878,34.4955,63.6284545454545,55.1322727272727,0.307369545454545,5.87863636363636,11.4163636363636
"372","9th St. and Brannan St. (BC)",37.769559,-122.406857,100,3,11,16.9079875,1.31298454220611,13.3273997113997,3.58,33.715,67.8848,47.507,0.200731,5.5305,9.271
"373","9th St. and Brannan St. (BC)",37.769559,-122.406857,100,3,12,16.9794458333333,1.31150615750069,14.3257777704161,2.653,21.5705,67.1621818181818,47.7336363636364,0.169247272727273,5.305,9.04636363636364
"374","9th St. and Brannan St. (BC)",37.769559,-122.406857,100,3,13,17.2996375,1.31640606110794,15.6171781902357,1.6815,21.756,68.0977142857143,46.105,0.200228928571429,5.28535714285714,8.68785714285714
"375","9th St. and Brannan St. (BC)",37.769559,-122.406857,100,3,14,16.8101541666666,1.35567376959694,13.1940828502923,3.617,28.5655,67.8673333333333,44.9266666666667,0.174838518518519,5.15444444444444,8.69740740740741
"376","9th St. and Brannan St. (BC)",37.769559,-122.406857,100,3,15,16.0211375,1.418894358057,12.3605646373851,3.659,30.5665,67.0844827586207,46.1172413793103,0.184927586206897,5.16103448275862,8.79724137931034
"377","9th St. and Brannan St. (BC)",37.769559,-122.406857,100,3,16,15.791525,1.46053116669831,12.3698550826649,3.4215,27.7175,65.8673103448276,48.1958620689655,0.196219655172414,5.19758620689655,9.31206896551724
"378","9th St. and Brannan St. (BC)",37.769559,-122.406857,100,3,17,14.2957666666667,1.59372051662953,11.9252968616497,2.369,21.866,64.445,50.9003333333333,0.233872666666667,5.57233333333333,9.84933333333333
"379","9th St. and Brannan St. (BC)",37.769559,-122.406857,100,3,18,15.4542416666667,1.47536882031775,11.8073407407407,3.6465,33.551,62.5766,54.204,0.239616333333333,5.75166666666667,10.3486666666667
"380","9th St. and Brannan St. (BC)",37.769559,-122.406857,100,3,19,17.6710666666667,1.32180035507022,14.4110135249554,3.262,25.8,60.206,58.443,0.310285,6.06866666666667,11.365
"381","9th St. and Brannan St. (BC)",37.769559,-122.406857,100,3,20,22.159225,1.0368083454804,19.2804824492395,2.879,15.7085,58.6466,61.0353333333333,0.301742333333333,6.253,11.5253333333333
"382","9th St. and Brannan St. (BC)",37.769559,-122.406857,100,3,21,23.6687208333333,1.00241610696549,20.8647391390042,2.8035,16.723,57.8642,62.456,0.25432,5.991,11.065
"383","9th St. and Brannan St. (BC)",37.769559,-122.406857,100,3,22,23.8531,1.00033029741767,22.4054453585772,1.4485,5.414,57.257724137931,63.1727586206897,0.264055172413793,6.11620689655172,11.2775862068966
"384","9th St. and Brannan St. (BC)",37.769559,-122.406857,100,3,23,24.4598958333333,1.01526922231017,21.8832750200604,2.5755,9.041,56.5334,64.7073333333333,0.267226,6.14433333333333,11.591
"385","9th St. and Brannan St. (BC)",37.769559,-122.406857,200,12,0,35.4430075640117,1.00409973973109,29.6052484489393,7.64863636363636,30.3574242424242,NA,NA,NA,NA,NA
"386","9th St. and Brannan St. (BC)",37.769559,-122.406857,200,12,1,35.1245927894723,1.00890747366763,32.6583651799177,3.27388059701493,10.1146268656716,NA,NA,NA,NA,NA
"387","9th St. and Brannan St. (BC)",37.769559,-122.406857,200,12,2,35.5509084266704,1.00782780754957,34.8106129597599,2.7446875,8.66734375,NA,NA,NA,NA,NA
"388","9th St. and Brannan St. (BC)",37.769559,-122.406857,200,12,3,34.4380889951681,1.00684684671784,37.0642289330214,2.11145454545455,7.17490909090909,NA,NA,NA,NA,NA
"389","9th St. and Brannan St. (BC)",37.769559,-122.406857,200,12,4,36.170100550146,1.02466370870888,33.7751626233651,5.96147540983607,22.2537704918033,NA,NA,NA,NA,NA
"390","9th St. and Brannan St. (BC)",37.769559,-122.406857,200,12,5,34.5036816908082,1.03067329834228,32.9759625344172,1.52666666666667,4.95111111111111,NA,NA,NA,NA,NA
"391","9th St. and Brannan St. (BC)",37.769559,-122.406857,200,12,6,29.6143065816612,1.12742172305659,24.9276081669938,4.68736111111111,25.6775,NA,NA,NA,NA,NA
"392","9th St. and Brannan St. (BC)",37.769559,-122.406857,200,12,7,25.1824677959911,1.33403012731684,22.9249435664259,2.25857142857143,21.1547142857143,NA,NA,NA,NA,NA
"393","9th St. and Brannan St. (BC)",37.769559,-122.406857,200,12,8,24.1888258002032,1.38665571965758,23.3561791906093,0.8325,14.9873611111111,NA,NA,NA,NA,NA
"394","9th St. and Brannan St. (BC)",37.769559,-122.406857,200,12,9,24.9452502965584,1.33219661876737,22.9748478892068,1.96972222222222,19.5529166666667,NA,NA,NA,NA,NA
"395","9th St. and Brannan St. (BC)",37.769559,-122.406857,200,12,10,24.4398279317347,1.40235739921928,20.8049284116147,3.63739130434783,27.2728985507246,NA,NA,NA,NA,NA
"396","9th St. and Brannan St. (BC)",37.769559,-122.406857,200,12,11,23.103984508931,1.44518992109393,21.3004441405016,1.8025,17.8651388888889,NA,NA,NA,NA,NA
"397","9th St. and Brannan St. (BC)",37.769559,-122.406857,200,12,12,21.364252081269,1.57762446516805,19.4459711854122,1.91777777777778,14.18125,NA,NA,NA,NA,NA
"398","9th St. and Brannan St. (BC)",37.769559,-122.406857,200,12,13,21.535212016436,1.64140451191305,20.7314006070398,0.803194444444444,12.6505555555556,NA,NA,NA,NA,NA
"399","9th St. and Brannan St. (BC)",37.769559,-122.406857,200,12,14,20.1564886225879,1.79161621358009,15.613394684224,4.54375,28.4423611111111,NA,NA,NA,NA,NA
"400","9th St. and Brannan St. (BC)",37.769559,-122.406857,200,12,15,19.0967179987501,1.92176011725342,14.5219102613828,4.57405797101449,35.2131884057971,NA,NA,NA,NA,NA
"401","9th St. and Brannan St. (BC)",37.769559,-122.406857,200,12,16,18.0407719865307,1.99788430953955,14.1573636307955,3.88513888888889,30.6816666666667,NA,NA,NA,NA,NA
"402","9th St. and Brannan St. (BC)",37.769559,-122.406857,200,12,17,17.7281599888527,1.97796111469103,12.8930580572747,4.83666666666667,37.4586111111111,NA,NA,NA,NA,NA
"403","9th St. and Brannan St. (BC)",37.769559,-122.406857,200,12,18,20.1455970698972,1.69552157308179,13.1321211374606,7.01388888888889,53.2222222222222,NA,NA,NA,NA,NA
"404","9th St. and Brannan St. (BC)",37.769559,-122.406857,200,12,19,24.5845081909017,1.35631319181724,17.0808033661422,7.5036231884058,43.3968115942029,NA,NA,NA,NA,NA
"405","9th St. and Brannan St. (BC)",37.769559,-122.406857,200,12,20,29.1468008639701,1.1839589195386,25.3016791211321,3.84652173913043,17.8936231884058,NA,NA,NA,NA,NA
"406","9th St. and Brannan St. (BC)",37.769559,-122.406857,200,12,21,31.8896083673738,1.03709432209627,30.5067970056575,1.38275362318841,8.33840579710145,NA,NA,NA,NA,NA
"407","9th St. and Brannan St. (BC)",37.769559,-122.406857,200,12,22,32.0614484782332,1.04989035024359,29.212305249354,2.84902777777778,11.2951388888889,NA,NA,NA,NA,NA
"408","9th St. and Brannan St. (BC)",37.769559,-122.406857,200,12,23,33.5481166433312,1.02176009081544,25.2087037890786,8.34097222222222,41.8095833333333,NA,NA,NA,NA,NA
"409","9th St. and Brannan St. (BC)",37.769559,-122.406857,200,1,0,35.4969484697086,1.01263030377543,29.6052484489393,7.92106060606061,30.4019696969697,51.738,61.8183333333333,0.897263333333333,13.3622222222222,13.8433333333333
"410","9th St. and Brannan St. (BC)",37.769559,-122.406857,200,1,1,34.3938334659159,1.01586036843313,32.6583651799177,2.71074626865672,9.47298507462687,51.268,63.0783333333333,0.980737222222222,12.6994444444444,13.3461111111111
"411","9th St. and Brannan St. (BC)",37.769559,-122.406857,200,1,2,34.5999937186243,1.01285553378441,34.8106129597599,1.76703125,3.78171875,50.459,64.5194444444444,0.960388333333333,12.9222222222222,12.5555555555556
"412","9th St. and Brannan St. (BC)",37.769559,-122.406857,200,1,3,35.846990814749,1.00168897976987,37.0642289330214,4.48963636363636,13.0227272727273,50.021,65.3033333333333,0.848252777777778,12.9661111111111,12.25
"413","9th St. and Brannan St. (BC)",37.769559,-122.406857,200,1,4,36.4709593333302,1.0107532871218,33.7751626233651,6.20639344262295,22.1122950819672,49.797,65.7427777777778,0.785557777777778,12.8738888888889,11.7261111111111
"414","9th St. and Brannan St. (BC)",37.769559,-122.406857,200,1,5,35.5277390235258,1.02428493564442,32.9759625344172,2.55125,7.88347222222222,49.676,65.7005555555556,0.821581666666667,13.2716666666667,11.6183333333333
"415","9th St. and Brannan St. (BC)",37.769559,-122.406857,200,1,6,29.4894027291248,1.17673720186915,24.9276081669938,4.56263888888889,23.7976388888889,49.755,65.275,0.947343888888889,12.6488888888889,11.7816666666667
"416","9th St. and Brannan St. (BC)",37.769559,-122.406857,200,1,7,22.5829140227681,1.55378363158183,22.7370080479325,-0.154861111111111,9.35055555555556,50.08,65.3083333333333,1.023935,12.9305555555556,12.7416666666667
"417","9th St. and Brannan St. (BC)",37.769559,-122.406857,200,1,8,21.642184070086,1.59332043025761,23.3561791906093,-1.71444444444444,4.81458333333333,52.586,62.9211111111111,1.01346555555556,13.7088888888889,15.2033333333333
"418","9th St. and Brannan St. (BC)",37.769559,-122.406857,200,1,9,22.6875679332968,1.49125446713335,22.9748478892068,-0.287083333333333,11.3640277777778,56.782,57.045,0.744969444444444,13.3577777777778,14.6138888888889
"419","9th St. and Brannan St. (BC)",37.769559,-122.406857,200,1,10,23.1282238487342,1.51306160217328,20.5245698353243,2.60305555555556,19.9290277777778,60.2621176470588,50.7370588235294,0.639425294117647,12.9623529411765,12.7658823529412
"420","9th St. and Brannan St. (BC)",37.769559,-122.406857,200,1,11,24.1549667258269,1.43914246694675,21.3004441405016,2.85638888888889,20.0513888888889,62.2643529411765,45.9241176470588,0.576247647058824,12.1629411764706,11.4829411764706
"421","9th St. and Brannan St. (BC)",37.769559,-122.406857,200,1,12,22.9130450796917,1.5041209513563,19.4459711854122,3.46875,18.7938888888889,63.715,41.6444444444444,0.504932222222222,11.0044444444444,10.7488888888889
"422","9th St. and Brannan St. (BC)",37.769559,-122.406857,200,1,13,22.9224887214342,1.5655993000028,20.7314006070398,2.19152777777778,16.8959722222222,64.811,39.785,0.408878333333333,10.0027777777778,10.1288888888889
"423","9th St. and Brannan St. (BC)",37.769559,-122.406857,200,1,14,21.1941780240778,1.72955144318266,15.6718682162218,5.52217391304348,31.5352173913043,65.183,38.9361111111111,0.37882,9.58611111111111,9.74222222222222
"424","9th St. and Brannan St. (BC)",37.769559,-122.406857,200,1,15,18.3112426579269,1.89008731195849,14.5211677430068,3.78902777777778,27.3683333333333,64.5866315789474,39.8310526315789,0.392140526315789,8.95315789473684,9.91105263157895
"425","9th St. and Brannan St. (BC)",37.769559,-122.406857,200,1,16,17.0958473159605,2.05499898065765,14.1573636307955,2.93777777777778,22.7248611111111,63.3986315789474,41.8547368421053,0.416695263157895,8.61526315789474,10.6442105263158
"426","9th St. and Brannan St. (BC)",37.769559,-122.406857,200,1,17,15.8285163951546,2.14973872886192,12.8930580572747,2.93333333333333,23.7725,60.0923157894737,46.4057894736842,0.451251052631579,8.65052631578947,12.1673684210526
"427","9th St. and Brannan St. (BC)",37.769559,-122.406857,200,1,18,17.6766538158844,1.91425136203057,13.1321211374606,4.54416666666667,35.1241666666667,57.6992631578947,50.2536842105263,0.52592,9.01157894736842,13.8021052631579
"428","9th St. and Brannan St. (BC)",37.769559,-122.406857,200,1,19,23.5182615300314,1.47367899533233,16.9597311828755,6.55777777777778,37.9793055555556,56.2971578947368,53.3452631578947,0.662032631578947,10.0863157894737,14.8815789473684
"429","9th St. and Brannan St. (BC)",37.769559,-122.406857,200,1,20,30.4324486874046,1.08820403902657,24.9189468200892,5.51291666666667,25.4897222222222,55.1773684210526,55.5894736842105,0.795622105263158,11.7463157894737,14.5626315789474
"430","9th St. and Brannan St. (BC)",37.769559,-122.406857,200,1,21,33.403394550045,1.01452495243858,30.1039372185018,3.29957142857143,13.738,54.2868421052632,56.9436842105263,0.894881578947368,11.8421052631579,14.1284210526316
"431","9th St. and Brannan St. (BC)",37.769559,-122.406857,200,1,22,33.4260324599176,1.03548828046896,29.212305249354,4.21305555555556,14.4354166666667,53.6331578947368,58.7573684210526,1.03002368421053,12.6210526315789,14.4021052631579
"432","9th St. and Brannan St. (BC)",37.769559,-122.406857,200,1,23,35.0786187572581,1.00878756980323,25.2087037890786,9.87166666666667,47.3843055555556,52.97,60.6415789473684,0.930963157894737,12.2910526315789,13.9578947368421
"433","9th St. and Brannan St. (BC)",37.769559,-122.406857,200,2,0,34.3162766203704,1.01759317155965,29.6052484489393,6.74772727272727,26.1681818181818,54.4447142857143,70.3275,0.491159642857143,7.21892857142857,13.0421428571429
"434","9th St. and Brannan St. (BC)",37.769559,-122.406857,200,2,1,33.4104525462963,1.03467448933418,32.6583651799177,1.46955223880597,3.40985074626866,53.8565,71.1117857142857,0.484286785714286,6.98785714285714,12.5332142857143
"435","9th St. and Brannan St. (BC)",37.769559,-122.406857,200,2,2,33.8804270833334,1.03699975027651,34.8106129597599,1.006875,1.03546875,53.3647142857143,72.0282142857143,0.568778928571429,6.39964285714286,12.5328571428571
"436","9th St. and Brannan St. (BC)",37.769559,-122.406857,200,2,3,34.4560625,1.02879657492349,37.0642289330214,3.13036363636364,9.07018181818182,52.7986666666667,72.5548148148148,0.728028888888889,7.22555555555556,13.2
"437","9th St. and Brannan St. (BC)",37.769559,-122.406857,200,2,4,35.5488483796296,1.03690981817561,33.7751626233651,5.0844262295082,17.354262295082,52.6434285714286,73.5885714285714,0.584210357142857,6.725,13.4378571428571
"438","9th St. and Brannan St. (BC)",37.769559,-122.406857,200,2,5,34.4168865740741,1.04598864031375,32.9759625344172,1.43861111111111,3.78472222222222,52.3715,73.8228571428571,0.692625714285714,7.43107142857143,14.3821428571429
"439","9th St. and Brannan St. (BC)",37.769559,-122.406857,200,2,6,27.6961053240741,1.26134944725274,24.9276081669938,2.76805555555556,15.7575,52.4010714285714,74.22,0.656105,6.51035714285714,14.7842857142857
"440","9th St. and Brannan St. (BC)",37.769559,-122.406857,200,2,7,20.8226689814815,1.70669621584128,22.7370080479325,-1.91555555555556,0.737361111111111,52.9944285714286,74.3735714285714,0.843287142857143,6.56857142857143,15.5464285714286
"441","9th St. and Brannan St. (BC)",37.769559,-122.406857,200,2,8,20.6226979166667,1.71521842689192,23.3561791906093,-2.73291666666667,-1.86777777777778,56.1180714285714,70.3842857142857,0.801118928571429,6.68964285714286,15.5807142857143
"442","9th St. and Brannan St. (BC)",37.769559,-122.406857,200,2,9,21.0301157407407,1.65510387659686,22.9748478892068,-1.94375,2.32402777777778,59.8266153846154,64.4584615384615,0.443657307692308,6.59269230769231,12.7438461538462
"443","9th St. and Brannan St. (BC)",37.769559,-122.406857,200,2,10,22.1774097222222,1.57521481927983,20.5245698353243,1.65236111111111,16.6915277777778,62.77856,58.2048,0.3957704,6.6152,11.4144
"444","9th St. and Brannan St. (BC)",37.769559,-122.406857,200,2,11,23.1702511574074,1.46583846146219,21.3004441405016,1.87013888888889,17.8851388888889,64.5824545454545,57.2854545454545,0.389008636363636,6.39363636363636,10.6704545454545
"445","9th St. and Brannan St. (BC)",37.769559,-122.406857,200,2,12,21.9030752314815,1.55222630659199,19.4459711854122,2.45805555555556,16.0763888888889,65.96456,52.4908,0.3806268,6.0444,9.5776
"446","9th St. and Brannan St. (BC)",37.769559,-122.406857,200,2,13,22.1233935185185,1.58040492238182,20.7314006070398,1.39194444444444,13.7093055555556,67.1293333333333,49.3874074074074,0.245876666666667,5.16481481481481,8.58074074074074
"447","9th St. and Brannan St. (BC)",37.769559,-122.406857,200,2,14,20.3553576388889,1.82220311376317,15.613394684224,4.74069444444444,28.4836111111111,67.3726666666667,47.5611111111111,0.208333703703704,5.14481481481481,8.45851851851852
"448","9th St. and Brannan St. (BC)",37.769559,-122.406857,200,2,15,17.4523865740741,2.08880015550144,14.5211677430068,2.93069444444444,22.6730555555556,66.6249285714286,50.0167857142857,0.223962142857143,5.15428571428571,8.9475
"449","9th St. and Brannan St. (BC)",37.769559,-122.406857,200,2,16,15.7863032407407,2.32250967553444,14.1573636307955,1.63083333333333,14.5604166666667,65.2746666666667,51.5703703703704,0.266853333333333,5.50444444444444,9.72444444444444
"450","9th St. and Brannan St. (BC)",37.769559,-122.406857,200,2,17,14.5236458333333,2.45007169325999,12.8930580572747,1.62819444444444,13.5095833333333,62.9580714285714,55.5671428571429,0.317358214285714,5.82785714285714,10.9017857142857
"451","9th St. and Brannan St. (BC)",37.769559,-122.406857,200,2,18,16.3584282407407,2.16661943058782,13.1321211374606,3.22597222222222,25.1833333333333,60.449,59.9496428571429,0.358688928571429,6.17142857142857,12.2789285714286
"452","9th St. and Brannan St. (BC)",37.769559,-122.406857,200,2,19,21.9123090277778,1.61850558326572,16.9597311828755,4.95222222222222,27.2188888888889,59.1272857142857,62.5210714285714,0.369013214285714,6.53571428571429,12.6589285714286
"453","9th St. and Brannan St. (BC)",37.769559,-122.406857,200,2,20,28.34128125,1.17233763191807,24.9189468200892,3.42319444444444,16.89,58.0395714285714,64.7678571428571,0.393923214285714,6.6975,12.4707142857143
"454","9th St. and Brannan St. (BC)",37.769559,-122.406857,200,2,21,31.4163611111111,1.04918285982037,29.8751218328027,1.5425,8.63625,56.9042857142857,66.4707142857143,0.455743214285714,6.74607142857143,13.0385714285714
"455","9th St. and Brannan St. (BC)",37.769559,-122.406857,200,2,22,32.5207395833333,1.03066666881874,29.212305249354,3.30875,10.0370833333333,55.9406428571429,67.8357142857143,0.557888214285714,6.98678571428571,13.1514285714286
"456","9th St. and Brannan St. (BC)",37.769559,-122.406857,200,2,23,34.6677685185185,1.01360917246439,25.2087037890786,9.45847222222222,44.1498611111111,55.0985,69.1807142857143,0.492951785714286,7.51964285714286,12.8135714285714
"457","9th St. and Brannan St. (BC)",37.769559,-122.406857,200,3,0,35.5715821759259,1.01483865836058,29.6052484489393,8.14272727272727,30.3368181818182,55.5776,65.501,0.338097333333333,6.383,11.901
"458","9th St. and Brannan St. (BC)",37.769559,-122.406857,200,3,1,34.5828657407407,1.03082533280021,32.6583651799177,2.68253731343284,6.59223880597015,54.944,66.8773333333333,0.308388333333333,6.18433333333333,11.6193333333333
"459","9th St. and Brannan St. (BC)",37.769559,-122.406857,200,3,2,34.0242546296296,1.0353820170959,34.8106129597599,1.08125,1.33140625,54.5713793103448,68.0341379310345,0.252444482758621,6.05931034482759,11.7455172413793
"460","9th St. and Brannan St. (BC)",37.769559,-122.406857,200,3,3,34.8855717592593,1.03420842839258,37.0642289330214,3.62527272727273,10.6372727272727,54.0074,69.3676666666667,0.287558333333333,6.13866666666667,12.0283333333333
"461","9th St. and Brannan St. (BC)",37.769559,-122.406857,200,3,4,35.7042280092593,1.03221739768868,33.7751626233651,5.27295081967213,18.3514754098361,53.5832413793103,70.0827586206897,0.330776896551724,6.0348275862069,12.8020689655172
"462","9th St. and Brannan St. (BC)",37.769559,-122.406857,200,3,5,34.597537037037,1.04320054148558,32.9759625344172,1.62027777777778,4.47652777777778,53.4249655172414,71.1306896551724,0.422385862068966,6.22758620689655,14.1441379310345
"463","9th St. and Brannan St. (BC)",37.769559,-122.406857,200,3,6,28.3628888888889,1.22648460403045,24.9276081669938,3.43513888888889,17.8811111111111,53.1914,70.9716666666667,0.543721333333333,6.30166666666667,15.9626666666667
"464","9th St. and Brannan St. (BC)",37.769559,-122.406857,200,3,7,21.4735972222222,1.65614699408811,22.7370080479325,-1.26388888888889,3.84055555555556,53.687,70.6076666666667,0.718665333333333,6.332,17.4933333333333
"465","9th St. and Brannan St. (BC)",37.769559,-122.406857,200,3,8,20.7916388888889,1.68180370957509,23.3561791906093,-2.56416666666667,-0.542222222222222,56.6264827586207,67.4496551724138,0.665619310344828,6.52551724137931,16.6868965517241
"466","9th St. and Brannan St. (BC)",37.769559,-122.406857,200,3,9,21.6495081018519,1.62326847518797,22.9748478892068,-1.32458333333333,3.65388888888889,60.492,61.5381481481481,0.291778148148148,6.15222222222222,13.2748148148148
"467","9th St. and Brannan St. (BC)",37.769559,-122.406857,200,3,10,22.0082858796296,1.59538431388861,20.5245698353243,1.48444444444444,16.0523611111111,63.6284545454545,55.1322727272727,0.307369545454545,5.87863636363636,11.4163636363636
"468","9th St. and Brannan St. (BC)",37.769559,-122.406857,200,3,11,23.1140023148148,1.45880010260156,21.3004441405016,1.81319444444444,18.83375,67.8848,47.507,0.200731,5.5305,9.271
"469","9th St. and Brannan St. (BC)",37.769559,-122.406857,200,3,12,20.8314641203704,1.65503780215957,19.4459711854122,1.38638888888889,11.6990277777778,67.1621818181818,47.7336363636364,0.169247272727273,5.305,9.04636363636364
"470","9th St. and Brannan St. (BC)",37.769559,-122.406857,200,3,13,20.6334097222222,1.82571659957228,20.7314006070398,-0.0988888888888889,7.03097222222222,68.0977142857143,46.105,0.200228928571429,5.28535714285714,8.68785714285714
"471","9th St. and Brannan St. (BC)",37.769559,-122.406857,200,3,14,19.1525763888889,1.9440529702285,15.613394684224,3.53944444444444,23.3104166666667,67.8673333333333,44.9266666666667,0.174838518518519,5.15444444444444,8.69740740740741
"472","9th St. and Brannan St. (BC)",37.769559,-122.406857,200,3,15,17.2480509259259,2.13392016368999,14.5211677430068,2.72569444444444,22.5804166666667,67.0844827586207,46.1172413793103,0.184927586206897,5.16103448275862,8.79724137931034
"473","9th St. and Brannan St. (BC)",37.769559,-122.406857,200,3,16,16.11825,2.28439142839404,14.1573636307955,1.96041666666667,17.1122222222222,65.8673103448276,48.1958620689655,0.196219655172414,5.19758620689655,9.31206896551724
"474","9th St. and Brannan St. (BC)",37.769559,-122.406857,200,3,17,14.7866736111111,2.38816146161992,12.8930580572747,1.89263888888889,15.4140277777778,64.445,50.9003333333333,0.233872666666667,5.57233333333333,9.84933333333333
"475","9th St. and Brannan St. (BC)",37.769559,-122.406857,200,3,18,17.1129953703704,2.0959211481525,13.1321211374606,3.98013888888889,30.3602777777778,62.5766,54.204,0.239616333333333,5.75166666666667,10.3486666666667
"476","9th St. and Brannan St. (BC)",37.769559,-122.406857,200,3,19,21.4713761574074,1.68374782496276,16.9597311828755,4.51263888888889,25.4226388888889,60.206,58.443,0.310285,6.06866666666667,11.365
"477","9th St. and Brannan St. (BC)",37.769559,-122.406857,200,3,20,28.368375,1.1722622846116,24.9189468200892,3.44972222222222,15.99375,58.6466,61.0353333333333,0.301742333333333,6.253,11.5253333333333
"478","9th St. and Brannan St. (BC)",37.769559,-122.406857,200,3,21,31.6720173611111,1.04651254873417,29.8751218328027,1.79597222222222,9.08013888888889,57.8642,62.456,0.25432,5.991,11.065
"479","9th St. and Brannan St. (BC)",37.769559,-122.406857,200,3,22,32.2568287037037,1.04339357571162,29.212305249354,3.04611111111111,10.3504166666667,57.257724137931,63.1727586206897,0.264055172413793,6.11620689655172,11.2775862068966
"480","9th St. and Brannan St. (BC)",37.769559,-122.406857,200,3,23,34.0818969907407,1.0238036944276,25.2087037890786,8.87333333333333,42.3177777777778,56.5334,64.7073333333333,0.267226,6.14433333333333,11.591
"481","9th St. and Brannan St. (BC)",37.769559,-122.406857,300,12,0,34.4343713141815,1.00404705928502,28.6271812766013,7.1307,29.1952,NA,NA,NA,NA,NA
"482","9th St. and Brannan St. (BC)",37.769559,-122.406857,300,12,1,34.1015544593485,1.0081647269182,32.9657874600381,3.2058064516129,9.64064516129032,NA,NA,NA,NA,NA
"483","9th St. and Brannan St. (BC)",37.769559,-122.406857,300,12,2,34.4304529283954,1.00732630519007,33.3050390172708,2.81916666666667,9.63697916666667,NA,NA,NA,NA,NA
"484","9th St. and Brannan St. (BC)",37.769559,-122.406857,300,12,3,33.2854348892642,1.00841202254108,36.7038321121048,1.97794871794872,6.69846153846154,NA,NA,NA,NA,NA
"485","9th St. and Brannan St. (BC)",37.769559,-122.406857,300,12,4,34.9873823016719,1.02293678566966,32.5984592307687,5.29010869565217,19.4383695652174,NA,NA,NA,NA,NA
"486","9th St. and Brannan St. (BC)",37.769559,-122.406857,300,12,5,33.4958413821182,1.02748900063725,31.9403772061636,1.55457943925234,5.08803738317757,NA,NA,NA,NA,NA
"487","9th St. and Brannan St. (BC)",37.769559,-122.406857,300,12,6,28.7403580101677,1.12594337515808,23.8987613693408,4.84214953271028,26.867476635514,NA,NA,NA,NA,NA
"488","9th St. and Brannan St. (BC)",37.769559,-122.406857,300,12,7,24.4265727481542,1.32870015572919,21.7911342112428,2.63663461538462,23.7433653846154,NA,NA,NA,NA,NA
"489","9th St. and Brannan St. (BC)",37.769559,-122.406857,300,12,8,23.2705905606633,1.38967961503243,22.102829696588,1.16757009345794,16.982523364486,NA,NA,NA,NA,NA
"490","9th St. and Brannan St. (BC)",37.769559,-122.406857,300,12,9,24.0381261828258,1.33296484951189,21.7465846441538,2.29084112149533,22.2094392523364,NA,NA,NA,NA,NA
"491","9th St. and Brannan St. (BC)",37.769559,-122.406857,300,12,10,23.5899628357587,1.4016599011529,19.8485841918948,3.74352941176471,28.6710784313725,NA,NA,NA,NA,NA
"492","9th St. and Brannan St. (BC)",37.769559,-122.406857,300,12,11,22.3648357277223,1.43887457518237,20.3622253364762,2.00158878504673,19.2351401869159,NA,NA,NA,NA,NA
"493","9th St. and Brannan St. (BC)",37.769559,-122.406857,300,12,12,20.8405989967433,1.5526493356777,18.768249563953,2.07224299065421,15.3520560747664,NA,NA,NA,NA,NA
"494","9th St. and Brannan St. (BC)",37.769559,-122.406857,300,12,13,20.9739479041112,1.61357926965818,20.0173516419382,0.95588785046729,14.0344859813084,NA,NA,NA,NA,NA
"495","9th St. and Brannan St. (BC)",37.769559,-122.406857,300,12,14,19.7499689199446,1.74427841588192,15.1349756277417,4.61588785046729,30.4584112149533,NA,NA,NA,NA,NA
"496","9th St. and Brannan St. (BC)",37.769559,-122.406857,300,12,15,18.8853680982866,1.85768385695434,14.0876266602385,4.79705882352941,37.966862745098,NA,NA,NA,NA,NA
"497","9th St. and Brannan St. (BC)",37.769559,-122.406857,300,12,16,17.9351775640613,1.92588502029707,13.8217092147346,4.11485981308411,32.8334579439252,NA,NA,NA,NA,NA
"498","9th St. and Brannan St. (BC)",37.769559,-122.406857,300,12,17,17.682752942107,1.90294985261775,12.6101613630677,5.07411214953271,40.3460747663551,NA,NA,NA,NA,NA
"499","9th St. and Brannan St. (BC)",37.769559,-122.406857,300,12,18,19.9025422988673,1.64460653168747,12.8557417915028,7.04738317757009,54.81,NA,NA,NA,NA,NA
"500","9th St. and Brannan St. (BC)",37.769559,-122.406857,300,12,19,24.089197204854,1.33514536502221,16.6606438291884,7.42852941176471,44.4945098039216,NA,NA,NA,NA,NA
"501","9th St. and Brannan St. (BC)",37.769559,-122.406857,300,12,20,28.4406366949287,1.17147512233575,24.4556292012981,3.98656862745098,19.4066666666667,NA,NA,NA,NA,NA
"502","9th St. and Brannan St. (BC)",37.769559,-122.406857,300,12,21,31.0338393983419,1.03448607636346,29.5012894276987,1.53245098039216,9.31490196078431,NA,NA,NA,NA,NA
"503","9th St. and Brannan St. (BC)",37.769559,-122.406857,300,12,22,31.2414520146406,1.04544044826915,28.2705746978001,2.97065420560748,12.9742990654206,NA,NA,NA,NA,NA
"504","9th St. and Brannan St. (BC)",37.769559,-122.406857,300,12,23,32.6162876349728,1.02029775715714,24.9187072056295,7.69915887850467,38.5335514018692,NA,NA,NA,NA,NA
"505","9th St. and Brannan St. (BC)",37.769559,-122.406857,300,1,0,34.4907843225157,1.01214742221435,28.6271812766013,7.3557,29.0919,51.738,61.8183333333333,0.897263333333333,13.3622222222222,13.8433333333333
"506","9th St. and Brannan St. (BC)",37.769559,-122.406857,300,1,1,33.3950909208122,1.01490276215053,32.9657874600381,2.62344086021505,9.00795698924731,51.268,63.0783333333333,0.980737222222222,12.6994444444444,13.3461111111111
"507","9th St. and Brannan St. (BC)",37.769559,-122.406857,300,1,2,33.6032830618412,1.01073020897368,33.3050390172708,1.97302083333333,5.93708333333333,50.459,64.5194444444444,0.960388333333333,12.9222222222222,12.5555555555556
"508","9th St. and Brannan St. (BC)",37.769559,-122.406857,300,1,3,34.7573655014243,1.00170476462753,36.7038321121048,4.41807692307692,12.7314102564103,50.021,65.3033333333333,0.848252777777778,12.9661111111111,12.25
"509","9th St. and Brannan St. (BC)",37.769559,-122.406857,300,1,4,35.2147531415692,1.01052821905592,32.5984592307687,5.4425,19.0463043478261,49.797,65.7427777777778,0.785557777777778,12.8738888888889,11.7261111111111
"510","9th St. and Brannan St. (BC)",37.769559,-122.406857,300,1,5,34.4512282650008,1.02178461468914,31.9403772061636,2.5103738317757,7.87485981308411,49.676,65.7005555555556,0.821581666666667,13.2716666666667,11.6183333333333
"511","9th St. and Brannan St. (BC)",37.769559,-122.406857,300,1,6,28.5351484032914,1.17711960539937,23.8987613693408,4.63757009345794,24.6784112149533,49.755,65.275,0.947343888888889,12.6488888888889,11.7816666666667
"512","9th St. and Brannan St. (BC)",37.769559,-122.406857,300,1,7,21.8925695757452,1.5473425844087,21.6332313333761,0.258878504672897,11.447476635514,50.08,65.3083333333333,1.023935,12.9305555555556,12.7416666666667
"513","9th St. and Brannan St. (BC)",37.769559,-122.406857,300,1,8,20.8382338987028,1.59237078423352,22.102829696588,-1.26495327102804,6.52700934579439,52.586,62.9211111111111,1.01346555555556,13.7088888888889,15.2033333333333
"514","9th St. and Brannan St. (BC)",37.769559,-122.406857,300,1,9,21.8775091348714,1.48886428065884,21.7465846441538,0.130747663551402,13.6333644859813,56.782,57.045,0.744969444444444,13.3577777777778,14.6138888888889
"515","9th St. and Brannan St. (BC)",37.769559,-122.406857,300,1,10,22.2240558897416,1.51512856727386,19.5788523409018,2.64448598130841,20.758785046729,60.2621176470588,50.7370588235294,0.639425294117647,12.9623529411765,12.7658823529412
"516","9th St. and Brannan St. (BC)",37.769559,-122.406857,300,1,11,23.2797186018244,1.43824719111906,20.3622253364762,2.9192523364486,20.9758878504673,62.2643529411765,45.9241176470588,0.576247647058824,12.1629411764706,11.4829411764706
"517","9th St. and Brannan St. (BC)",37.769559,-122.406857,300,1,12,22.1525646998925,1.49535797185977,18.768249563953,3.38626168224299,19.1203738317757,63.715,41.6444444444444,0.504932222222222,11.0044444444444,10.7488888888889
"518","9th St. and Brannan St. (BC)",37.769559,-122.406857,300,1,13,22.2040888276567,1.54278791953714,20.0173516419382,2.18719626168224,17.8318691588785,64.811,39.785,0.408878333333333,10.0027777777778,10.1288888888889
"519","9th St. and Brannan St. (BC)",37.769559,-122.406857,300,1,14,20.5637575535978,1.70133346028264,15.1774497541861,5.38617647058824,32.8144117647059,65.183,38.9361111111111,0.37882,9.58611111111111,9.74222222222222
"520","9th St. and Brannan St. (BC)",37.769559,-122.406857,300,1,15,17.9849617447645,1.84103447346985,14.1070875555712,3.87682242990654,29.2390654205607,64.5866315789474,39.8310526315789,0.392140526315789,8.95315789473684,9.91105263157895
"521","9th St. and Brannan St. (BC)",37.769559,-122.406857,300,1,16,16.8701956887398,1.99273428542719,13.8217092147346,3.04775700934579,24.0081308411215,63.3986315789474,41.8547368421053,0.416695263157895,8.61526315789474,10.6442105263158
"522","9th St. and Brannan St. (BC)",37.769559,-122.406857,300,1,17,15.666795920877,2.08260074044421,12.6101613630677,3.05457943925234,25.621308411215,60.0923157894737,46.4057894736842,0.451251052631579,8.65052631578947,12.1673684210526
"523","9th St. and Brannan St. (BC)",37.769559,-122.406857,300,1,18,17.4260907511451,1.85964491897182,12.8557417915028,4.56990654205608,36.5585046728972,57.6992631578947,50.2536842105263,0.52592,9.01157894736842,13.8021052631579
"524","9th St. and Brannan St. (BC)",37.769559,-122.406857,300,1,19,22.9165357144774,1.45642411183614,16.5444955646348,6.37140186915888,38.536261682243,56.2971578947368,53.3452631578947,0.662032631578947,10.0863157894737,14.8815789473684
"525","9th St. and Brannan St. (BC)",37.769559,-122.406857,300,1,20,29.6099161364781,1.08236951810978,24.0659317571302,5.54355140186916,26.5657009345794,55.1773684210526,55.5894736842105,0.795622105263158,11.7463157894737,14.5626315789474
"526","9th St. and Brannan St. (BC)",37.769559,-122.406857,300,1,21,32.4791660646357,1.01286386767179,29.0410070760672,3.43846153846154,14.9398076923077,54.2868421052632,56.9436842105263,0.894881578947368,11.8421052631579,14.1284210526316
"527","9th St. and Brannan St. (BC)",37.769559,-122.406857,300,1,22,32.5321155293373,1.03301352228088,28.2705746978001,4.26121495327103,15.9829906542056,53.6331578947368,58.7573684210526,1.03002368421053,12.6210526315789,14.4021052631579
"528","9th St. and Brannan St. (BC)",37.769559,-122.406857,300,1,23,34.0667037642615,1.00841651028804,24.9187072056295,9.1496261682243,43.748785046729,52.97,60.6415789473684,0.930963157894737,12.2910526315789,13.9578947368421
"529","9th St. and Brannan St. (BC)",37.769559,-122.406857,300,2,0,33.3132990654206,1.01500035221007,28.6271812766013,6.1844,24.7766,54.4447142857143,70.3275,0.491159642857143,7.21892857142857,13.0421428571429
"530","9th St. and Brannan St. (BC)",37.769559,-122.406857,300,2,1,32.4070225856698,1.02947283056311,32.9657874600381,1.36462365591398,3.11903225806452,53.8565,71.1117857142857,0.484286785714286,6.98785714285714,12.5332142857143
"531","9th St. and Brannan St. (BC)",37.769559,-122.406857,300,2,2,32.8882780373832,1.03095327012796,33.3050390172708,1.19416666666667,2.61354166666667,53.3647142857143,72.0282142857143,0.568778928571429,6.39964285714286,12.5328571428571
"532","9th St. and Brannan St. (BC)",37.769559,-122.406857,300,2,3,33.3007671339564,1.03242961729056,36.7038321121048,3.11987179487179,8.88435897435897,52.7986666666667,72.5548148148148,0.728028888888889,7.22555555555556,13.2
"533","9th St. and Brannan St. (BC)",37.769559,-122.406857,300,2,4,34.3744267912773,1.03975416920839,32.5984592307687,4.38717391304348,14.4022826086957,52.6434285714286,73.5885714285714,0.584210357142857,6.725,13.4378571428571
"534","9th St. and Brannan St. (BC)",37.769559,-122.406857,300,2,5,33.3806339563863,1.04017167830137,31.9403772061636,1.4381308411215,3.86607476635514,52.3715,73.8228571428571,0.692625714285714,7.43107142857143,14.3821428571429
"535","9th St. and Brannan St. (BC)",37.769559,-122.406857,300,2,6,26.8124626168224,1.26085425560144,23.8987613693408,2.91336448598131,16.821214953271,52.4010714285714,74.22,0.656105,6.51035714285714,14.7842857142857
"536","9th St. and Brannan St. (BC)",37.769559,-122.406857,300,2,7,20.2487998442368,1.69429116289115,21.6332313333761,-1.38542056074766,3.21504672897196,52.9944285714286,74.3735714285714,0.843287142857143,6.56857142857143,15.5464285714286
"537","9th St. and Brannan St. (BC)",37.769559,-122.406857,300,2,8,19.8542274143302,1.71773819382974,22.102829696588,-2.24785046728972,-0.00710280373831709,56.1180714285714,70.3842857142857,0.801118928571429,6.68964285714286,15.5807142857143
"538","9th St. and Brannan St. (BC)",37.769559,-122.406857,300,2,9,20.2669774143302,1.65253436271235,21.7465846441538,-1.47841121495327,4.64476635514019,59.8266153846154,64.4584615384615,0.443657307692308,6.59269230769231,12.7438461538462
"539","9th St. and Brannan St. (BC)",37.769559,-122.406857,300,2,10,21.3835,1.56950590423416,19.5788523409018,1.80401869158879,17.9072897196262,62.77856,58.2048,0.3957704,6.6152,11.4144
"540","9th St. and Brannan St. (BC)",37.769559,-122.406857,300,2,11,22.4383940809969,1.45616398100575,20.3622253364762,2.07626168224299,19.2839252336449,64.5824545454545,57.2854545454545,0.389008636363636,6.39363636363636,10.6704545454545
"541","9th St. and Brannan St. (BC)",37.769559,-122.406857,300,2,12,21.2972141744548,1.5320507475743,18.768249563953,2.52990654205607,16.8293457943925,65.96456,52.4908,0.3806268,6.0444,9.5776
"542","9th St. and Brannan St. (BC)",37.769559,-122.406857,300,2,13,21.563183800623,1.54867016577208,20.0173516419382,1.54588785046729,15.0378504672897,67.1293333333333,49.3874074074074,0.245876666666667,5.16481481481481,8.58074074074074
"543","9th St. and Brannan St. (BC)",37.769559,-122.406857,300,2,14,19.8749711838006,1.77426409380452,15.1349756277417,4.73859813084112,30.0281308411215,67.3726666666667,47.5611111111111,0.208333703703704,5.14481481481481,8.45851851851852
"544","9th St. and Brannan St. (BC)",37.769559,-122.406857,300,2,15,17.2120887850467,2.02152696118246,14.1070875555712,3.10467289719626,24.7746728971963,66.6249285714286,50.0167857142857,0.223962142857143,5.15428571428571,8.9475
"545","9th St. and Brannan St. (BC)",37.769559,-122.406857,300,2,16,15.6916074766355,2.23173083079595,13.8217092147346,1.87177570093458,16.4670093457944,65.2746666666667,51.5703703703704,0.266853333333333,5.50444444444444,9.72444444444444
"546","9th St. and Brannan St. (BC)",37.769559,-122.406857,300,2,17,14.4080303738318,2.36467301287206,12.6101613630677,1.79542056074766,15.5442990654206,62.9580714285714,55.5671428571429,0.317358214285714,5.82785714285714,10.9017857142857
"547","9th St. and Brannan St. (BC)",37.769559,-122.406857,300,2,18,16.1161105919003,2.10496854646588,12.8557417915028,3.25981308411215,26.44,60.449,59.9496428571429,0.358688928571429,6.17142857142857,12.2789285714286
"548","9th St. and Brannan St. (BC)",37.769559,-122.406857,300,2,19,21.3196277258567,1.59353766648777,16.5444955646348,4.77485981308411,27.6418691588785,59.1272857142857,62.5210714285714,0.369013214285714,6.53571428571429,12.6589285714286
"549","9th St. and Brannan St. (BC)",37.769559,-122.406857,300,2,20,27.6011884735202,1.16333018691088,24.0659317571302,3.53635514018692,18.2288785046729,58.0395714285714,64.7678571428571,0.393923214285714,6.6975,12.4707142857143
"550","9th St. and Brannan St. (BC)",37.769559,-122.406857,300,2,21,30.6010693146418,1.04676225068758,28.8398550085139,1.76242990654206,9.90130841121495,56.9042857142857,66.4707142857143,0.455743214285714,6.74607142857143,13.0385714285714
"551","9th St. and Brannan St. (BC)",37.769559,-122.406857,300,2,22,31.6471035825545,1.02893964828673,28.2705746978001,3.37663551401869,11.7971962616822,55.9406428571429,67.8357142857143,0.557888214285714,6.98678571428571,13.1514285714286
"552","9th St. and Brannan St. (BC)",37.769559,-122.406857,300,2,23,33.695441588785,1.01323590340395,24.9187072056295,8.77607476635514,40.9521495327103,55.0985,69.1807142857143,0.492951785714286,7.51964285714286,12.8135714285714
"553","9th St. and Brannan St. (BC)",37.769559,-122.406857,300,3,0,34.5570599688474,1.01249202338637,28.6271812766013,7.5349,28.7305,55.5776,65.501,0.338097333333333,6.383,11.901
"554","9th St. and Brannan St. (BC)",37.769559,-122.406857,300,3,1,33.5086721183801,1.02601558805845,32.9657874600381,2.59451612903226,6.29569892473118,54.944,66.8773333333333,0.308388333333333,6.18433333333333,11.6193333333333
"555","9th St. and Brannan St. (BC)",37.769559,-122.406857,300,3,2,32.9525459501558,1.03267958063208,33.3050390172708,1.18145833333333,2.44979166666667,54.5713793103448,68.0341379310345,0.252444482758621,6.05931034482759,11.7455172413793
"556","9th St. and Brannan St. (BC)",37.769559,-122.406857,300,3,3,33.6744065420561,1.03823998441978,36.7038321121048,3.55987179487179,10.2810256410256,54.0074,69.3676666666667,0.287558333333333,6.13866666666667,12.0283333333333
"557","9th St. and Brannan St. (BC)",37.769559,-122.406857,300,3,4,34.5154859813084,1.03530328241791,32.5984592307687,4.5479347826087,15.2563043478261,53.5832413793103,70.0827586206897,0.330776896551724,6.0348275862069,12.8020689655172
"558","9th St. and Brannan St. (BC)",37.769559,-122.406857,300,3,5,33.5610856697819,1.03822959224678,31.9403772061636,1.6196261682243,4.61467289719626,53.4249655172414,71.1306896551724,0.422385862068966,6.22758620689655,14.1441379310345
"559","9th St. and Brannan St. (BC)",37.769559,-122.406857,300,3,6,27.4089431464174,1.2266007328513,23.8987613693408,3.51,18.7067289719626,53.1914,70.9716666666667,0.543721333333333,6.30166666666667,15.9626666666667
"560","9th St. and Brannan St. (BC)",37.769559,-122.406857,300,3,7,20.8438761682243,1.64780388680619,21.6332313333761,-0.789626168224299,6.15953271028037,53.687,70.6076666666667,0.718665333333333,6.332,17.4933333333333
"561","9th St. and Brannan St. (BC)",37.769559,-122.406857,300,3,8,20.0151401869159,1.68334708322128,22.102829696588,-2.08757009345794,1.2411214953271,56.6264827586207,67.4496551724138,0.665619310344828,6.52551724137931,16.6868965517241
"562","9th St. and Brannan St. (BC)",37.769559,-122.406857,300,3,9,20.7846728971963,1.62693795527973,21.7465846441538,-0.961214953271028,5.51495327102804,60.492,61.5381481481481,0.291778148148148,6.15222222222222,13.2748148148148
"563","9th St. and Brannan St. (BC)",37.769559,-122.406857,300,3,10,21.2262297507788,1.59061372172075,19.5788523409018,1.64822429906542,17.1681308411215,63.6284545454545,55.1322727272727,0.307369545454545,5.87863636363636,11.4163636363636
"564","9th St. and Brannan St. (BC)",37.769559,-122.406857,300,3,11,22.4038676012461,1.44395270901411,20.3622253364762,2.04140186915888,20.2373831775701,67.8848,47.507,0.200731,5.5305,9.271
"565","9th St. and Brannan St. (BC)",37.769559,-122.406857,300,3,12,20.3210778816199,1.62415733165976,18.768249563953,1.55345794392523,12.7797196261682,67.1621818181818,47.7336363636364,0.169247272727273,5.305,9.04636363636364
"566","9th St. and Brannan St. (BC)",37.769559,-122.406857,300,3,13,20.148242211838,1.77898892597471,20.0173516419382,0.129906542056075,8.49233644859813,68.0977142857143,46.105,0.200228928571429,5.28535714285714,8.68785714285714
"567","9th St. and Brannan St. (BC)",37.769559,-122.406857,300,3,14,18.8146471962617,1.88288113462317,15.1349756277417,3.68018691588785,25.3557943925234,67.8673333333333,44.9266666666667,0.174838518518519,5.15444444444444,8.69740740740741
"568","9th St. and Brannan St. (BC)",37.769559,-122.406857,300,3,15,17.0515443925234,2.06019088023473,14.1070875555712,2.94336448598131,24.728691588785,67.0844827586207,46.1172413793103,0.184927586206897,5.16103448275862,8.79724137931034
"569","9th St. and Brannan St. (BC)",37.769559,-122.406857,300,3,16,16.0205739875389,2.1961520570377,13.8217092147346,2.19841121495327,18.9798130841122,65.8673103448276,48.1958620689655,0.196219655172414,5.19758620689655,9.31206896551724
"570","9th St. and Brannan St. (BC)",37.769559,-122.406857,300,3,17,14.6457959501558,2.30558078702013,12.6101613630677,2.03439252336449,17.226261682243,64.445,50.9003333333333,0.233872666666667,5.57233333333333,9.84933333333333
"571","9th St. and Brannan St. (BC)",37.769559,-122.406857,300,3,18,16.8589859813084,2.03017461913463,12.8557417915028,4.00271028037383,31.6898130841121,62.5766,54.204,0.239616333333333,5.75166666666667,10.3486666666667
"572","9th St. and Brannan St. (BC)",37.769559,-122.406857,300,3,19,20.901308411215,1.65546033824977,16.5444955646348,4.35775700934579,26.015046728972,60.206,58.443,0.310285,6.06866666666667,11.365
"573","9th St. and Brannan St. (BC)",37.769559,-122.406857,300,3,20,27.6098668224299,1.1629421169564,24.0659317571302,3.54457943925234,17.3728037383178,58.6466,61.0353333333333,0.301742333333333,6.253,11.5253333333333
"574","9th St. and Brannan St. (BC)",37.769559,-122.406857,300,3,21,30.8152990654205,1.04462258434591,28.8398550085139,1.97457943925234,10.2169158878505,57.8642,62.456,0.25432,5.991,11.065
"575","9th St. and Brannan St. (BC)",37.769559,-122.406857,300,3,22,31.4307157320872,1.04044678757727,28.2705746978001,3.16158878504673,12.1747663551402,57.257724137931,63.1727586206897,0.264055172413793,6.11620689655172,11.2775862068966
"576","9th St. and Brannan St. (BC)",37.769559,-122.406857,300,3,23,33.1532788161994,1.02237970640242,24.9187072056295,8.23485981308411,39.2341121495327,56.5334,64.7073333333333,0.267226,6.14433333333333,11.591
"577","Hyde St. & Golden Gate Ave. (BC)",37.782098,-122.415329,100,12,0,14.7914070329057,1.00888749563304,12.3417957342657,2.45090909090909,20.5881818181818,NA,NA,NA,NA,NA
"578","Hyde St. & Golden Gate Ave. (BC)",37.782098,-122.415329,100,12,1,14.4652939346029,1.01324521138034,13.5477606379585,0.914545454545455,7.35363636363636,NA,NA,NA,NA,NA
"579","Hyde St. & Golden Gate Ave. (BC)",37.782098,-122.415329,100,12,2,14.6235244252442,1.00737653208136,12.4336763636364,2.19363636363636,17.3318181818182,NA,NA,NA,NA,NA
"580","Hyde St. & Golden Gate Ave. (BC)",37.782098,-122.415329,100,12,3,13.5034364285714,1.02334510159993,13.004977827051,0.838181818181818,6.43181818181818,NA,NA,NA,NA,NA
"581","Hyde St. & Golden Gate Ave. (BC)",37.782098,-122.415329,100,12,4,13.3480653445108,1.06503755136474,9.51314545454545,0.734,9.008,NA,NA,NA,NA,NA
"582","Hyde St. & Golden Gate Ave. (BC)",37.782098,-122.415329,100,12,5,12.739238147753,1.08888632189384,13.5000092753623,-0.761428571428571,-5.84571428571429,NA,NA,NA,NA,NA
"583","Hyde St. & Golden Gate Ave. (BC)",37.782098,-122.415329,100,12,6,14.1818780034107,1.03210975386733,12.858797972028,1.32636363636364,10.4327272727273,NA,NA,NA,NA,NA
"584","Hyde St. & Golden Gate Ave. (BC)",37.782098,-122.415329,100,12,7,13.8500433855799,1.01707687784745,12.3244545454545,1.52272727272727,12.9881818181818,NA,NA,NA,NA,NA
"585","Hyde St. & Golden Gate Ave. (BC)",37.782098,-122.415329,100,12,8,11.5899983645766,1.17608377423224,8.46801242236025,3.125,37.23,NA,NA,NA,NA,NA
"586","Hyde St. & Golden Gate Ave. (BC)",37.782098,-122.415329,100,12,9,11.4886412576313,1.18692429348912,8.06334798534798,3.42428571428571,43.0285714285714,NA,NA,NA,NA,NA
"587","Hyde St. & Golden Gate Ave. (BC)",37.782098,-122.415329,100,12,10,11.3298872631142,1.20282354661549,8.52213918147904,2.81,33.6814285714286,NA,NA,NA,NA,NA
"588","Hyde St. & Golden Gate Ave. (BC)",37.782098,-122.415329,100,12,11,10.743751735107,1.25639284115506,8.97291999848024,1.77285714285714,19.745,NA,NA,NA,NA,NA
"589","Hyde St. & Golden Gate Ave. (BC)",37.782098,-122.415329,100,12,12,10.801405693057,1.2588715120353,8.78709653713528,2.01785714285714,24.9071428571429,NA,NA,NA,NA,NA
"590","Hyde St. & Golden Gate Ave. (BC)",37.782098,-122.415329,100,12,13,11.158679581044,1.20082575217402,7.8359606741573,3.32214285714286,46.5792857142857,NA,NA,NA,NA,NA
"591","Hyde St. & Golden Gate Ave. (BC)",37.782098,-122.415329,100,12,14,10.5340955226683,1.28504792402711,8.76417293776107,1.77,22.9757142857143,NA,NA,NA,NA,NA
"592","Hyde St. & Golden Gate Ave. (BC)",37.782098,-122.415329,100,12,15,10.1431836560847,1.34956513042798,8.0960289017341,2.04642857142857,25.3985714285714,NA,NA,NA,NA,NA
"593","Hyde St. & Golden Gate Ave. (BC)",37.782098,-122.415329,100,12,16,9.82195073626374,1.39211025370113,7.41148444851995,2.40928571428571,33.2414285714286,NA,NA,NA,NA,NA
"594","Hyde St. & Golden Gate Ave. (BC)",37.782098,-122.415329,100,12,17,9.64729456354516,1.41410115000112,6.81945458183273,2.825,41.3742857142857,NA,NA,NA,NA,NA
"595","Hyde St. & Golden Gate Ave. (BC)",37.782098,-122.415329,100,12,18,10.8105491656018,1.26308574491603,8.75383354761905,2.05714285714286,23.8878571428571,NA,NA,NA,NA,NA
"596","Hyde St. & Golden Gate Ave. (BC)",37.782098,-122.415329,100,12,19,11.9492521924849,1.17965580648456,11.2744482600733,0.673571428571428,11.0942857142857,NA,NA,NA,NA,NA
"597","Hyde St. & Golden Gate Ave. (BC)",37.782098,-122.415329,100,12,20,13.2639323126873,1.04214328718534,11.7843505357143,1.48071428571429,15.1692857142857,NA,NA,NA,NA,NA
"598","Hyde St. & Golden Gate Ave. (BC)",37.782098,-122.415329,100,12,21,13.8603747252747,1.03430793898615,12.6115958637874,1.24642857142857,12.395,NA,NA,NA,NA,NA
"599","Hyde St. & Golden Gate Ave. (BC)",37.782098,-122.415329,100,12,22,13.0887375204239,1.06202289716253,11.0354612736661,2.05285714285714,20.62,NA,NA,NA,NA,NA
"600","Hyde St. & Golden Gate Ave. (BC)",37.782098,-122.415329,100,12,23,14.0496010698735,1.0190855008494,12.7864586151447,1.26428571428571,13.7271428571429,NA,NA,NA,NA,NA
"601","Hyde St. & Golden Gate Ave. (BC)",37.782098,-122.415329,100,1,0,14.2640598510313,1.05437940117896,11.5714823626374,2.69571428571429,24.1,54.2468,59.262,0.475372666666667,10.6926666666667,14.9713333333333
"602","Hyde St. & Golden Gate Ave. (BC)",37.782098,-122.415329,100,1,1,14.97171,1.00617035539937,13.5477606379585,1.42454545454545,11.1490909090909,53.882,59.782,0.572621333333333,11.3866666666667,15.1193333333333
"603","Hyde St. & Golden Gate Ave. (BC)",37.782098,-122.415329,100,1,2,14.2133333677877,1.01865315423382,12.4336763636364,2.33454545454545,18.6890909090909,53.2412,60.926,0.537486,11.502,14.986
"604","Hyde St. & Golden Gate Ave. (BC)",37.782098,-122.415329,100,1,3,14.0039924876847,1.01052031690882,13.004977827051,0.996363636363636,7.44727272727273,52.9496,61.1026666666667,0.591860666666667,11.81,14.6566666666667
"605","Hyde St. & Golden Gate Ave. (BC)",37.782098,-122.415329,100,1,4,13.2593887516066,1.03191364546144,9.51314545454545,1.65,17.746,52.6292,61.382,0.639784,12.27,14.55
"606","Hyde St. & Golden Gate Ave. (BC)",37.782098,-122.415329,100,1,5,12.7534648394628,1.07110108530943,13.5000092753623,-0.746428571428571,-5.61571428571429,52.424,61.8346666666667,0.527608666666667,11.448,13.8893333333333
"607","Hyde St. & Golden Gate Ave. (BC)",37.782098,-122.415329,100,1,6,13.8900843120249,1.1091185936173,11.8291984065934,2.06142857142857,17.0564285714286,52.2404,62.1786666666667,0.542768,11.1186666666667,14.626
"608","Hyde St. & Golden Gate Ave. (BC)",37.782098,-122.415329,100,1,7,12.7743715306122,1.0924234512438,11.4387331240188,1.33642857142857,12.9307142857143,52.418,62.3646666666667,0.529276666666667,11.9806666666667,15.558
"609","Hyde St. & Golden Gate Ave. (BC)",37.782098,-122.415329,100,1,8,10.8955584123817,1.24999662915573,8.46801242236025,2.42428571428571,28.6957142857143,53.0276,61.4726666666667,0.614212,12.712,16.7426666666667
"610","Hyde St. & Golden Gate Ave. (BC)",37.782098,-122.415329,100,1,9,11.4283183527697,1.20685937961799,8.06334798534798,3.36428571428571,42.5071428571429,55.742,55.9513333333333,0.622216,12.7346666666667,17.0333333333333
"611","Hyde St. & Golden Gate Ave. (BC)",37.782098,-122.415329,100,1,10,11.6464206273001,1.17111935282086,8.52213918147904,3.12642857142857,37.5478571428571,61.646,47.082,0.494136666666667,12.2413333333333,14.1133333333333
"612","Hyde St. & Golden Gate Ave. (BC)",37.782098,-122.415329,100,1,11,10.9573243490054,1.23379588384921,8.97291999848024,1.98357142857143,22.1271428571429,64.742,43.4661538461538,0.632973076923077,12.4215384615385,12.8469230769231
"613","Hyde St. & Golden Gate Ave. (BC)",37.782098,-122.415329,100,1,12,11.2486475504306,1.21372373095806,8.78709653713528,2.46,30.0421428571429,66.7065714285714,39.3471428571429,0.43642,10.83,11.6985714285714
"614","Hyde St. & Golden Gate Ave. (BC)",37.782098,-122.415329,100,1,13,10.8739417979304,1.23831733196419,7.8359606741573,3.03928571428571,42.0957142857143,67.7516,37.2873333333333,0.327498666666667,9.812,11.1793333333333
"615","Hyde St. & Golden Gate Ave. (BC)",37.782098,-122.415329,100,1,14,10.5505658712716,1.29484926006744,8.76417293776107,1.78428571428571,22.7528571428571,67.472,37.878,0.29549,9.538,10.8206666666667
"616","Hyde St. & Golden Gate Ave. (BC)",37.782098,-122.415329,100,1,15,10.1405512959184,1.35208302665286,8.0960289017341,2.04571428571429,25.4057142857143,66.619625,39.86375,0.317561875,9.12,11.53875
"617","Hyde St. & Golden Gate Ave. (BC)",37.782098,-122.415329,100,1,16,9.63597824129652,1.45824289188658,7.41148444851995,2.22714285714286,30.8214285714286,63.56,44.3153333333333,0.316431333333333,8.83333333333333,12.7986666666667
"618","Hyde St. & Golden Gate Ave. (BC)",37.782098,-122.415329,100,1,17,9.53168696678246,1.459184796232,6.81945458183273,2.71071428571429,39.6414285714286,59.6878571428571,50.3364285714286,0.367266428571429,9.15214285714286,14.715
"619","Hyde St. & Golden Gate Ave. (BC)",37.782098,-122.415329,100,1,18,11.3265716333666,1.20147929243986,8.75383354761905,2.57428571428571,29.6192857142857,57.60725,53.48375,0.38370125,8.931875,16.571875
"620","Hyde St. & Golden Gate Ave. (BC)",37.782098,-122.415329,100,1,19,12.4824916279723,1.09827831476725,11.2744482600733,1.21071428571429,14.9007142857143,56.52275,55.505,0.509048125,10.055,17.333125
"621","Hyde St. & Golden Gate Ave. (BC)",37.782098,-122.415329,100,1,20,13.5607122388956,1.02782287468974,11.7843505357143,1.77857142857143,18.3564285714286,55.734125,56.908125,0.55722875,10.778125,17.45375
"622","Hyde St. & Golden Gate Ave. (BC)",37.782098,-122.415329,100,1,21,14.2554605998009,1.00395507328186,12.6115958637874,1.64357142857143,16.3771428571429,55.214375,57.818125,0.5007925,10.65,16.585
"623","Hyde St. & Golden Gate Ave. (BC)",37.782098,-122.415329,100,1,22,13.5968873507181,1.03451881671832,11.0354612736661,2.56285714285714,24.2728571428571,55.016375,58.4025,0.47968625,10.219375,15.90625
"624","Hyde St. & Golden Gate Ave. (BC)",37.782098,-122.415329,100,1,23,15.0317768550107,1.00538243349156,12.7864586151447,2.24357142857143,21.5092857142857,54.782375,59.64625,0.42227625,9.76375,15.034375
"625","Hyde St. & Golden Gate Ave. (BC)",37.782098,-122.415329,100,2,0,14.1522797619048,1.04297725994735,11.5714823626374,2.58428571428571,23.5128571428571,55.7947142857143,68.6882142857143,0.268451428571429,5.74321428571429,13.3457142857143
"626","Hyde St. & Golden Gate Ave. (BC)",37.782098,-122.415329,100,2,1,13.3838928571429,1.05835289164337,12.6910976441103,0.695,6.46785714285714,55.4488571428571,69.2296428571429,0.273014285714286,5.70178571428571,13.855
"627","Hyde St. & Golden Gate Ave. (BC)",37.782098,-122.415329,100,2,2,13.5115276190476,1.04756464025026,12.4336763636364,1.73,13.8072727272727,55.0708571428571,70.0817857142857,0.35524,5.61535714285714,13.775
"628","Hyde St. & Golden Gate Ave. (BC)",37.782098,-122.415329,100,2,3,13.1017776190476,1.07008766706579,13.004977827051,0.636363636363636,4.60181818181818,54.658,70.3918518518519,0.383348888888889,5.69037037037037,14.1751851851852
"629","Hyde St. & Golden Gate Ave. (BC)",37.782098,-122.415329,100,2,4,12.1401390476191,1.12011697806592,9.51314545454545,1.316,14.186,54.5443571428571,71.3682142857143,0.396017857142857,5.74964285714286,14.7439285714286
"630","Hyde St. & Golden Gate Ave. (BC)",37.782098,-122.415329,100,2,5,12.5677061904762,1.113261665305,13.5000092753623,-0.931428571428571,-7.02785714285714,54.2994285714286,71.4232142857143,0.388065357142857,5.6325,15.19
"631","Hyde St. & Golden Gate Ave. (BC)",37.782098,-122.415329,100,2,6,13.4910038095238,1.13681867632414,11.8291984065934,1.66428571428571,14.0907142857143,54.194,71.7767857142857,0.4000175,5.88071428571429,15.7342857142857
"632","Hyde St. & Golden Gate Ave. (BC)",37.782098,-122.415329,100,2,7,12.5694902380952,1.11473188393188,11.4387331240188,1.12785714285714,11.39,54.4042142857143,71.7896428571429,0.455728214285714,6.5125,17.7928571428571
"633","Hyde St. & Golden Gate Ave. (BC)",37.782098,-122.415329,100,2,8,10.2298847619048,1.35117270160422,8.46801242236025,1.75928571428571,21.3921428571429,56.554,68.347037037037,0.730767037037037,6.95259259259259,17.2259259259259
"634","Hyde St. & Golden Gate Ave. (BC)",37.782098,-122.415329,100,2,9,10.5297002380952,1.30253877720537,8.06334798534798,2.46857142857143,32.2228571428571,59.6597391304348,61.8078260869565,0.612439130434783,7.13478260869565,13.7369565217391
"635","Hyde St. & Golden Gate Ave. (BC)",37.782098,-122.415329,100,2,10,11.1337342857143,1.22237297416614,8.52213918147904,2.61571428571429,31.5542857142857,65.0879130434783,53.4947826086957,0.333917826086956,7.06695652173913,12.9465217391304
"636","Hyde St. & Golden Gate Ave. (BC)",37.782098,-122.415329,100,2,11,10.8927402380952,1.23648157896891,8.97291999848024,1.92214285714286,21.6635714285714,67.0131304347826,50.7947826086957,0.469200869565217,6.89217391304348,11.6169565217391
"637","Hyde St. & Golden Gate Ave. (BC)",37.782098,-122.415329,100,2,12,10.6912180952381,1.28451587807817,8.78709653713528,1.90428571428571,23.8928571428571,68.8239090909091,46.6627272727273,0.472338181818182,6.67863636363636,10.6154545454545
"638","Hyde St. & Golden Gate Ave. (BC)",37.782098,-122.415329,100,2,13,10.9475892857143,1.24849633921475,7.8359606741573,3.11,43.1228571428571,69.85688,44.0876,0.3029852,5.5512,9.2392
"639","Hyde St. & Golden Gate Ave. (BC)",37.782098,-122.415329,100,2,14,10.5829345238095,1.28541727546753,8.76417293776107,1.81928571428571,23.0521428571429,70.0691818181818,43.4181818181818,0.230731818181818,5.56727272727273,9.52045454545454
"640","Hyde St. & Golden Gate Ave. (BC)",37.782098,-122.415329,100,2,15,9.83441092857143,1.38514295834685,8.0960289017341,1.74,21.5771428571429,68.23616,47.7028,0.174722,5.6048,10.3124
"641","Hyde St. & Golden Gate Ave. (BC)",37.782098,-122.415329,100,2,16,9.50351211904762,1.4529305803539,7.41148444851995,2.09357142857143,28.7628571428571,66.0262307692308,50.3019230769231,0.203773076923077,5.76076923076923,11.0315384615385
"642","Hyde St. & Golden Gate Ave. (BC)",37.782098,-122.415329,100,2,17,9.32960097619048,1.49173039931088,6.81945458183273,2.51,36.6564285714286,62.7581428571429,56.7517857142857,0.236383571428571,6.13678571428571,12.9557142857143
"643","Hyde St. & Golden Gate Ave. (BC)",37.782098,-122.415329,100,2,18,11.0443869047619,1.23245327900566,8.75383354761905,2.29142857142857,26.5542857142857,60.2497142857143,61.3546428571429,0.244869285714286,6.33107142857143,13.3432142857143
"644","Hyde St. & Golden Gate Ave. (BC)",37.782098,-122.415329,100,2,19,12.1119961904762,1.12342567159154,11.2744482600733,0.838571428571429,12.1278571428571,58.9942142857143,63.7607142857143,0.268511071428571,6.56964285714286,13.5292857142857
"645","Hyde St. & Golden Gate Ave. (BC)",37.782098,-122.415329,100,2,20,13.5306845238095,1.04459359455228,11.7843505357143,1.74571428571429,17.6521428571429,58.0672142857143,65.6371428571429,0.306023928571429,6.61357142857143,14.1492857142857
"646","Hyde St. & Golden Gate Ave. (BC)",37.782098,-122.415329,100,2,21,13.8690930952381,1.05788456587599,12.6115958637874,1.25785714285714,12.3971428571429,57.2520714285714,66.8203571428571,0.3140275,6.31285714285714,14.5914285714286
"647","Hyde St. & Golden Gate Ave. (BC)",37.782098,-122.415329,100,2,22,13.3996607142857,1.05588941133891,11.0354612736661,2.36642857142857,22.5564285714286,56.588,67.6892857142857,0.315336785714286,6.27821428571429,14.2442857142857
"648","Hyde St. & Golden Gate Ave. (BC)",37.782098,-122.415329,100,2,23,14.3531823809524,1.03096315358155,12.7864586151447,1.56714285714286,15.4185714285714,56.1167857142857,68.0585714285714,0.295284642857143,5.99642857142857,13.7614285714286
"649","Hyde St. & Golden Gate Ave. (BC)",37.782098,-122.415329,100,3,0,14.0999561904762,1.04944712726125,11.5714823626374,2.52928571428571,23.1864285714286,56.3372,64.9656666666667,0.586879666666667,6.31533333333333,12.114
"650","Hyde St. & Golden Gate Ave. (BC)",37.782098,-122.415329,100,3,1,14.135974047619,1.03838471512405,12.6910976441103,1.44785714285714,12.765,56.0204,65.4963333333333,0.306938666666667,6.18933333333333,11.822
"651","Hyde St. & Golden Gate Ave. (BC)",37.782098,-122.415329,100,3,2,13.6217083333333,1.04349421898365,12.4336763636364,1.78636363636364,14.2736363636364,55.6395862068966,66.6779310344828,0.208745172413793,5.76896551724138,11.8013793103448
"652","Hyde St. & Golden Gate Ave. (BC)",37.782098,-122.415329,100,3,3,12.8762202380952,1.05940679891948,13.004977827051,0.349090909090909,2.57818181818182,55.2900714285714,67.8364285714286,0.229066785714286,6.0525,12.6496428571429
"653","Hyde St. & Golden Gate Ave. (BC)",37.782098,-122.415329,100,3,4,12.5776330952381,1.10075829019914,9.51314545454545,1.482,15.984,54.9937142857143,68.3960714285714,0.215420357142857,5.6575,12.4071428571429
"654","Hyde St. & Golden Gate Ave. (BC)",37.782098,-122.415329,100,3,5,12.3130616666667,1.11988866544977,13.5000092753623,-1.18642857142857,-8.93142857142857,54.6854,68.9973333333333,0.236025333333333,5.89133333333333,13.0933333333333
"655","Hyde St. & Golden Gate Ave. (BC)",37.782098,-122.415329,100,3,6,13.6089404761905,1.13742619671842,11.8291984065934,1.77785714285714,14.5028571428571,54.5024,69.396,0.252556333333333,5.80366666666667,14.8606666666667
"656","Hyde St. & Golden Gate Ave. (BC)",37.782098,-122.415329,100,3,7,12.9713354761905,1.12707960336621,11.4387331240188,1.53357142857143,13.8071428571429,54.6998,69.1396666666667,0.306329,6.01466666666667,17.2066666666667
"657","Hyde St. & Golden Gate Ave. (BC)",37.782098,-122.415329,100,3,8,10.5529961904762,1.32019920995544,8.46801242236025,2.08642857142857,25.01,56.5538,65.8433333333333,0.500358333333333,6.36533333333333,15.9593333333333
"658","Hyde St. & Golden Gate Ave. (BC)",37.782098,-122.415329,100,3,9,10.7928273809524,1.27763177306027,8.06334798534798,2.72857142857143,35.1342857142857,60.3831578947368,60.8289473684211,1.78288578947368,6.28473684210526,13.9694736842105
"659","Hyde St. & Golden Gate Ave. (BC)",37.782098,-122.415329,100,3,10,11.1486428571429,1.22046987885667,8.52213918147904,2.62571428571429,31.6978571428571,66.542,53.374375,0.354616875,6.804375,11.62375
"660","Hyde St. & Golden Gate Ave. (BC)",37.782098,-122.415329,100,3,11,11.0824366666667,1.23507388630847,8.97291999848024,2.11,23.6007142857143,72.098,42.3933333333333,0.274941333333333,5.83466666666667,9.52866666666667
"661","Hyde St. & Golden Gate Ave. (BC)",37.782098,-122.415329,100,3,12,10.9908728571429,1.24290129517465,8.78709653713528,2.20642857142857,27.2178571428571,70.77425,43.0466666666667,0.257501666666667,5.55,8.8825
"662","Hyde St. & Golden Gate Ave. (BC)",37.782098,-122.415329,100,3,13,11.0453907142857,1.23521211181554,7.8359606741573,3.21214285714286,44.0328571428571,71.1929230769231,42.4565384615385,0.144856538461538,5.45884615384615,8.71923076923077
"663","Hyde St. & Golden Gate Ave. (BC)",37.782098,-122.415329,100,3,14,10.4281785714286,1.3213190488731,8.76417293776107,1.66642857142857,21.4335714285714,70.808,42.877037037037,0.153981851851852,5.2837037037037,8.85777777777778
"664","Hyde St. & Golden Gate Ave. (BC)",37.782098,-122.415329,100,3,15,9.79141688095238,1.42075968552555,8.0960289017341,1.69357142857143,21.02,69.162,44.0796296296296,0.13851962962963,5.25592592592593,9.27407407407407
"665","Hyde St. & Golden Gate Ave. (BC)",37.782098,-122.415329,100,3,16,9.30002954761904,1.47727036902828,7.41148444851995,1.88857142857143,26.0964285714286,67.1138,47.459,0.129119,5.38933333333333,9.80266666666667
"666","Hyde St. & Golden Gate Ave. (BC)",37.782098,-122.415329,100,3,17,9.08942240476191,1.52007451460245,6.81945458183273,2.27142857142857,33.0414285714286,65.1458,50.7436666666667,0.153383666666667,5.691,10.3453333333333
"667","Hyde St. & Golden Gate Ave. (BC)",37.782098,-122.415329,100,3,18,10.7240833333333,1.27627969107494,8.75383354761905,1.97071428571429,22.8271428571429,62.303,55.53,0.188314666666667,5.96433333333333,11.2416666666667
"668","Hyde St. & Golden Gate Ave. (BC)",37.782098,-122.415329,100,3,19,12.5597597619048,1.08516312463809,11.2744482600733,1.285,15.8907142857143,59.9018,59.8476666666667,0.207657666666667,6.12166666666667,12.49
"669","Hyde St. & Golden Gate Ave. (BC)",37.782098,-122.415329,100,3,20,13.4140616666667,1.03675142709022,11.7843505357143,1.63214285714286,16.8207142857143,58.6964,61.7383333333333,0.219737666666667,6.302,12.4226666666667
"670","Hyde St. & Golden Gate Ave. (BC)",37.782098,-122.415329,100,3,21,13.9831347619048,1.03998389553139,12.6115958637874,1.37071428571429,13.67,57.9938,63.0563333333333,0.213851,6.06733333333333,11.8926666666667
"671","Hyde St. & Golden Gate Ave. (BC)",37.782098,-122.415329,100,3,22,13.9554545238095,1.03295031448359,11.0354612736661,2.92214285714286,27.5707142857143,57.5264827586207,63.44,0.186151034482759,6.01241379310345,11.9441379310345
"672","Hyde St. & Golden Gate Ave. (BC)",37.782098,-122.415329,100,3,23,14.3879502380952,1.02203210179005,12.7864586151447,1.60357142857143,16.0121428571429,56.9786,64.4793333333333,0.195762666666667,5.95966666666667,12.1946666666667
"673","Hyde St. & Golden Gate Ave. (BC)",37.782098,-122.415329,200,12,0,13.4702706901841,1.01519572987158,11.3673661009615,2.10375,18.8940625,NA,NA,NA,NA,NA
"674","Hyde St. & Golden Gate Ave. (BC)",37.782098,-122.415329,200,12,1,13.2509287450593,1.02500787423597,12.3154276578947,0.9328125,8.2625,NA,NA,NA,NA,NA
"675","Hyde St. & Golden Gate Ave. (BC)",37.782098,-122.415329,200,12,2,13.2904498760331,1.0122917987089,11.761134375,1.531875,12.2390625,NA,NA,NA,NA,NA
"676","Hyde St. & Golden Gate Ave. (BC)",37.782098,-122.415329,200,12,3,12.4954108421053,1.04591359722853,12.7330945121951,0.81875,6.4025,NA,NA,NA,NA,NA
"677","Hyde St. & Golden Gate Ave. (BC)",37.782098,-122.415329,200,12,4,12.4856161702488,1.06935940095094,9.72005909090909,0.44,5.6785,NA,NA,NA,NA,NA
"678","Hyde St. & Golden Gate Ave. (BC)",37.782098,-122.415329,200,12,5,12.0972655695744,1.0750225542705,12.6544670938215,-0.557105263157895,-4.28236842105263,NA,NA,NA,NA,NA
"679","Hyde St. & Golden Gate Ave. (BC)",37.782098,-122.415329,200,12,6,13.1431523160173,1.03311318367568,11.6789497211538,1.4665625,13.2628125,NA,NA,NA,NA,NA
"680","Hyde St. & Golden Gate Ave. (BC)",37.782098,-122.415329,200,12,7,13.0940697413793,1.01761053028018,11.394537,1.6975,15.881875,NA,NA,NA,NA,NA
"681","Hyde St. & Golden Gate Ave. (BC)",37.782098,-122.415329,200,12,8,11.5788532079066,1.13538539864086,8.54946536384439,3.03052631578947,35.7010526315789,NA,NA,NA,NA,NA
"682","Hyde St. & Golden Gate Ave. (BC)",37.782098,-122.415329,200,12,9,11.4163139631129,1.14036218611588,8.03472139271255,3.38026315789474,42.5165789473684,NA,NA,NA,NA,NA
"683","Hyde St. & Golden Gate Ave. (BC)",37.782098,-122.415329,200,12,10,11.2568624367886,1.15152819013932,8.4475154620422,2.81,33.9097368421053,NA,NA,NA,NA,NA
"684","Hyde St. & Golden Gate Ave. (BC)",37.782098,-122.415329,200,12,11,10.9005959343703,1.1930718357761,8.88983578835386,2.01131578947368,22.7121052631579,NA,NA,NA,NA,NA
"685","Hyde St. & Golden Gate Ave. (BC)",37.782098,-122.415329,200,12,12,11.0882151260582,1.19371314034195,8.69966557545721,2.39157894736842,29.0536842105263,NA,NA,NA,NA,NA
"686","Hyde St. & Golden Gate Ave. (BC)",37.782098,-122.415329,200,12,13,11.3377011487854,1.14960952721888,7.97407628622117,3.36368421052632,45.6928947368421,NA,NA,NA,NA,NA
"687","Hyde St. & Golden Gate Ave. (BC)",37.782098,-122.415329,200,12,14,10.8862488466625,1.21056407211214,8.7318044312096,2.155,26.8268421052632,NA,NA,NA,NA,NA
"688","Hyde St. & Golden Gate Ave. (BC)",37.782098,-122.415329,200,12,15,10.6352490097466,1.25882565917788,8.25274247033769,2.38315789473684,28.8092105263158,NA,NA,NA,NA,NA
"689","Hyde St. & Golden Gate Ave. (BC)",37.782098,-122.415329,200,12,16,10.2859566558704,1.28951666918499,8.00372531294452,2.28236842105263,29.7986842105263,NA,NA,NA,NA,NA
"690","Hyde St. & Golden Gate Ave. (BC)",37.782098,-122.415329,200,12,17,10.0859589901426,1.30628538100028,7.51277355152587,2.57157894736842,36.0286842105263,NA,NA,NA,NA,NA
"691","Hyde St. & Golden Gate Ave. (BC)",37.782098,-122.415329,200,12,18,11.1180593042086,1.19385265414865,8.90263173684211,2.21447368421053,25.2147368421053,NA,NA,NA,NA,NA
"692","Hyde St. & Golden Gate Ave. (BC)",37.782098,-122.415329,200,12,19,12.0023714130861,1.13273630050185,10.661961805668,1.34026315789474,17.5981578947368,NA,NA,NA,NA,NA
"693","Hyde St. & Golden Gate Ave. (BC)",37.782098,-122.415329,200,12,20,13.0150047810085,1.03130490750137,11.1336092368421,1.88236842105263,19.6707894736842,NA,NA,NA,NA,NA
"694","Hyde St. & Golden Gate Ave. (BC)",37.782098,-122.415329,200,12,21,13.4167773279352,1.02635024218983,11.5531829889841,1.86184210526316,20.1286842105263,NA,NA,NA,NA,NA
"695","Hyde St. & Golden Gate Ave. (BC)",37.782098,-122.415329,200,12,22,12.8185132661888,1.04570108211976,10.4808230919467,2.33710526315789,24.4715789473684,NA,NA,NA,NA,NA
"696","Hyde St. & Golden Gate Ave. (BC)",37.782098,-122.415329,200,12,23,13.4092616790161,1.01406300062587,11.7643207731982,1.64552631578947,18.1923684210526,NA,NA,NA,NA,NA
"697","Hyde St. & Golden Gate Ave. (BC)",37.782098,-122.415329,200,1,0,13.3553146200394,1.05320882577323,10.9536240850202,2.40447368421053,22.4184210526316,54.2468,59.262,0.475372666666667,10.6926666666667,14.9713333333333
"698","Hyde St. & Golden Gate Ave. (BC)",37.782098,-122.415329,200,1,1,13.627595,1.0208864290056,12.3154276578947,1.3115625,11.19875,53.882,59.782,0.572621333333333,11.3866666666667,15.1193333333333
"699","Hyde St. & Golden Gate Ave. (BC)",37.782098,-122.415329,200,1,2,13.275885564397,1.01891981664133,11.761134375,1.7209375,14.06625,53.2412,60.926,0.537486,11.502,14.986
"700","Hyde St. & Golden Gate Ave. (BC)",37.782098,-122.415329,200,1,3,13.0261556442831,1.02176898184659,12.7330945121951,0.9425,7.12375,52.9496,61.1026666666667,0.591860666666667,11.81,14.6566666666667
"701","Hyde St. & Golden Gate Ave. (BC)",37.782098,-122.415329,200,1,4,12.6325590101113,1.02792875883248,9.72005909090909,1.298,13.92,52.6292,61.382,0.639784,12.27,14.55
"702","Hyde St. & Golden Gate Ave. (BC)",37.782098,-122.415329,200,1,5,12.1433405744438,1.06267255953827,12.6544670938215,-0.510263157894737,-3.78526315789474,52.424,61.8346666666667,0.527608666666667,11.448,13.8893333333333
"703","Hyde St. & Golden Gate Ave. (BC)",37.782098,-122.415329,200,1,6,13.1523045027644,1.08790353209431,11.1065892388664,2.04578947368421,18.3652631578947,52.2404,62.1786666666667,0.542768,11.1186666666667,14.626
"704","Hyde St. & Golden Gate Ave. (BC)",37.782098,-122.415329,200,1,7,12.4333777443609,1.07338672606735,10.888729249277,1.54473684210526,15.5239473684211,52.418,62.3646666666667,0.529276666666667,11.9806666666667,15.558
"705","Hyde St. & Golden Gate Ave. (BC)",37.782098,-122.415329,200,1,8,10.9812752211534,1.18842584913951,8.54946536384439,2.42842105263158,28.4576315789474,53.0276,61.4726666666667,0.614212,12.712,16.7426666666667
"706","Hyde St. & Golden Gate Ave. (BC)",37.782098,-122.415329,200,1,9,11.3967928464017,1.15623900631713,8.03472139271255,3.36236842105263,42.4486842105263,55.742,55.9513333333333,0.622216,12.7346666666667,17.0333333333333
"707","Hyde St. & Golden Gate Ave. (BC)",37.782098,-122.415329,200,1,10,11.5526435449279,1.12858051043899,8.4475154620422,3.10631578947368,37.4865789473684,61.646,47.082,0.494136666666667,12.2413333333333,14.1133333333333
"708","Hyde St. & Golden Gate Ave. (BC)",37.782098,-122.415329,200,1,11,10.9652210992672,1.17550010037051,8.88983578835386,2.075,23.43,64.742,43.4661538461538,0.632973076923077,12.4215384615385,12.8469230769231
"709","Hyde St. & Golden Gate Ave. (BC)",37.782098,-122.415329,200,1,12,11.3128179694902,1.16052314550682,8.69966557545721,2.61210526315789,31.6715789473684,66.7065714285714,39.3471428571429,0.43642,10.83,11.6985714285714
"710","Hyde St. & Golden Gate Ave. (BC)",37.782098,-122.415329,200,1,13,11.046083354866,1.17908622526055,7.97407628622117,3.07236842105263,41.3452631578947,67.7516,37.2873333333333,0.327498666666667,9.812,11.1793333333333
"711","Hyde St. & Golden Gate Ave. (BC)",37.782098,-122.415329,200,1,14,10.8848035743204,1.21802861097006,8.7318044312096,2.15236842105263,26.4952631578947,67.472,37.878,0.29549,9.538,10.8206666666667
"712","Hyde St. & Golden Gate Ave. (BC)",37.782098,-122.415329,200,1,15,10.4957730601504,1.2613853408097,8.25274247033769,2.24473684210526,27.23,66.619625,39.86375,0.317561875,9.12,11.53875
"713","Hyde St. & Golden Gate Ave. (BC)",37.782098,-122.415329,200,1,16,10.2134570499779,1.33936127545892,8.00372531294452,2.21210526315789,28.645,63.56,44.3153333333333,0.316431333333333,8.83333333333333,12.7986666666667
"714","Hyde St. & Golden Gate Ave. (BC)",37.782098,-122.415329,200,1,17,10.0541759604863,1.3383911641059,7.51277355152587,2.53947368421053,35.32,59.6878571428571,50.3364285714286,0.367266428571429,9.15214285714286,14.715
"715","Hyde St. & Golden Gate Ave. (BC)",37.782098,-122.415329,200,1,18,11.5311333087965,1.14880616984195,8.90263173684211,2.63026315789474,29.7702631578947,57.60725,53.48375,0.38370125,8.931875,16.571875
"716","Hyde St. & Golden Gate Ave. (BC)",37.782098,-122.415329,200,1,19,12.440745109333,1.07241560035482,10.661961805668,1.78184210526316,20.9542105263158,56.52275,55.505,0.509048125,10.055,17.333125
"717","Hyde St. & Golden Gate Ave. (BC)",37.782098,-122.415329,200,1,20,13.1944957098629,1.02150482890541,11.1336092368421,2.06184210526316,21.5994736842105,55.734125,56.908125,0.55722875,10.778125,17.45375
"718","Hyde St. & Golden Gate Ave. (BC)",37.782098,-122.415329,200,1,21,13.8139158554924,1.00402027906739,11.5531829889841,2.25973684210526,24.3281578947368,55.214375,57.818125,0.5007925,10.65,16.585
"719","Hyde St. & Golden Gate Ave. (BC)",37.782098,-122.415329,200,1,22,13.2638530854915,1.02756258774616,10.4808230919467,2.78394736842105,27.9260526315789,55.016375,58.4025,0.47968625,10.219375,15.90625
"720","Hyde St. & Golden Gate Ave. (BC)",37.782098,-122.415329,200,1,23,14.0814588923802,1.00594900543804,11.7643207731982,2.315,23.3360526315789,54.782375,59.64625,0.42227625,9.76375,15.034375
"721","Hyde St. & Golden Gate Ave. (BC)",37.782098,-122.415329,200,2,0,13.1407536842105,1.05033125632586,10.9536240850202,2.19052631578947,20.5639473684211,55.7947142857143,68.6882142857143,0.268451428571429,5.74321428571429,13.3457142857143
"722","Hyde St. & Golden Gate Ave. (BC)",37.782098,-122.415329,200,2,1,12.5907171052632,1.05753082872847,11.8787811855956,0.713684210526316,6.91394736842105,55.4488571428571,69.2296428571429,0.273014285714286,5.70178571428571,13.855
"723","Hyde St. & Golden Gate Ave. (BC)",37.782098,-122.415329,200,2,2,12.6003974736842,1.05141383097127,11.761134375,1.1159375,8.9053125,55.0708571428571,70.0817857142857,0.35524,5.61535714285714,13.775
"724","Hyde St. & Golden Gate Ave. (BC)",37.782098,-122.415329,200,2,3,12.2196737894737,1.07582179637795,12.7330945121951,0.5675,4.07375,54.658,70.3918518518519,0.383348888888889,5.69037037037037,14.1751851851852
"725","Hyde St. & Golden Gate Ave. (BC)",37.782098,-122.415329,200,2,4,11.5834789473684,1.09799837691299,9.72005909090909,0.7055,7.959,54.5443571428571,71.3682142857143,0.396017857142857,5.74964285714286,14.7439285714286
"726","Hyde St. & Golden Gate Ave. (BC)",37.782098,-122.415329,200,2,5,11.8899486842105,1.10005824450362,12.6544670938215,-0.764210526315789,-5.90789473684211,54.2994285714286,71.4232142857143,0.388065357142857,5.6325,15.19
"727","Hyde St. & Golden Gate Ave. (BC)",37.782098,-122.415329,200,2,6,12.8379194736842,1.1111248633811,11.1065892388664,1.73236842105263,15.945,54.194,71.7767857142857,0.4000175,5.88071428571429,15.7342857142857
"728","Hyde St. & Golden Gate Ave. (BC)",37.782098,-122.415329,200,2,7,12.1830505263158,1.08997297753819,10.888729249277,1.29210526315789,13.3423684210526,54.4042142857143,71.7896428571429,0.455728214285714,6.5125,17.7928571428571
"729","Hyde St. & Golden Gate Ave. (BC)",37.782098,-122.415329,200,2,8,10.362777631579,1.2613930933418,8.54946536384439,1.81157894736842,21.6563157894737,56.554,68.347037037037,0.730767037037037,6.95259259259259,17.2259259259259
"730","Hyde St. & Golden Gate Ave. (BC)",37.782098,-122.415329,200,2,9,10.6428705263158,1.22545180877987,8.03472139271255,2.60868421052632,33.7486842105263,59.6597391304348,61.8078260869565,0.612439130434783,7.13478260869565,13.7369565217391
"731","Hyde St. & Golden Gate Ave. (BC)",37.782098,-122.415329,200,2,10,11.0924752631579,1.17007316425813,8.4475154620422,2.64789473684211,32.0452631578947,65.0879130434783,53.4947826086957,0.333917826086956,7.06695652173913,12.9465217391304
"732","Hyde St. & Golden Gate Ave. (BC)",37.782098,-122.415329,200,2,11,10.9670907894737,1.17675900437312,8.88983578835386,2.07868421052632,23.6347368421053,67.0131304347826,50.7947826086957,0.469200869565217,6.89217391304348,11.6169565217391
"733","Hyde St. & Golden Gate Ave. (BC)",37.782098,-122.415329,200,2,12,10.8384494736842,1.21480491739375,8.69966557545721,2.13868421052632,26.3360526315789,68.8239090909091,46.6627272727273,0.472338181818182,6.67863636363636,10.6154545454545
"734","Hyde St. & Golden Gate Ave. (BC)",37.782098,-122.415329,200,2,13,11.0744707894737,1.18812796745942,7.97407628622117,3.09842105263158,41.7863157894737,69.85688,44.0876,0.3029852,5.5512,9.2392
"735","Hyde St. & Golden Gate Ave. (BC)",37.782098,-122.415329,200,2,14,10.8211747368421,1.21088937938798,8.7318044312096,2.08894736842105,25.7210526315789,70.0691818181818,43.4181818181818,0.230731818181818,5.56727272727273,9.52045454545454
"736","Hyde St. & Golden Gate Ave. (BC)",37.782098,-122.415329,200,2,15,10.2499804210526,1.28645093911408,8.25274247033769,1.99947368421053,24.1871052631579,68.23616,47.7028,0.174722,5.6048,10.3124
"737","Hyde St. & Golden Gate Ave. (BC)",37.782098,-122.415329,200,2,16,10.0160293684211,1.33378679160878,8.00372531294452,2.01289473684211,26.1407894736842,66.0262307692308,50.3019230769231,0.203773076923077,5.76076923076923,11.0315384615385
"738","Hyde St. & Golden Gate Ave. (BC)",37.782098,-122.415329,200,2,17,9.84709563157895,1.36232766265012,7.51277355152587,2.33473684210526,32.5486842105263,62.7581428571429,56.7517857142857,0.236383571428571,6.13678571428571,12.9557142857143
"739","Hyde St. & Golden Gate Ave. (BC)",37.782098,-122.415329,200,2,18,11.2933055263158,1.17128136347786,8.90263173684211,2.39210526315789,27.2102631578947,60.2497142857143,61.3546428571429,0.244869285714286,6.33107142857143,13.3432142857143
"740","Hyde St. & Golden Gate Ave. (BC)",37.782098,-122.415329,200,2,19,12.1483934210526,1.09094523169903,10.661961805668,1.48789473684211,18.695,58.9942142857143,63.7607142857143,0.268511071428571,6.56964285714286,13.5292857142857
"741","Hyde St. & Golden Gate Ave. (BC)",37.782098,-122.415329,200,2,20,13.1101381578947,1.03333037547721,11.1336092368421,1.97552631578947,20.4215789473684,58.0672142857143,65.6371428571429,0.306023928571429,6.61357142857143,14.1492857142857
"742","Hyde St. & Golden Gate Ave. (BC)",37.782098,-122.415329,200,2,21,13.3936036842105,1.04366912929788,11.5531829889841,1.84078947368421,19.8181578947368,57.2520714285714,66.8203571428571,0.3140275,6.31285714285714,14.5914285714286
"743","Hyde St. & Golden Gate Ave. (BC)",37.782098,-122.415329,200,2,22,12.9422010526316,1.04455457896041,10.4808230919467,2.46368421052632,24.7128947368421,56.588,67.6892857142857,0.315336785714286,6.27821428571429,14.2442857142857
"744","Hyde St. & Golden Gate Ave. (BC)",37.782098,-122.415329,200,2,23,13.5883207894737,1.02281495527061,11.7643207731982,1.82368421052632,18.9378947368421,56.1167857142857,68.0585714285714,0.295284642857143,5.99642857142857,13.7614285714286
"745","Hyde St. & Golden Gate Ave. (BC)",37.782098,-122.415329,200,3,0,13.1829421052632,1.04371739801168,10.9536240850202,2.23,21.2313157894737,56.3372,64.9656666666667,0.586879666666667,6.31533333333333,12.114
"746","Hyde St. & Golden Gate Ave. (BC)",37.782098,-122.415329,200,3,1,13.1620086842105,1.03859148297664,11.8787811855956,1.28526315789474,11.7231578947368,56.0204,65.4963333333333,0.306938666666667,6.18933333333333,11.822
"747","Hyde St. & Golden Gate Ave. (BC)",37.782098,-122.415329,200,3,2,12.7458721052632,1.04479506025871,11.761134375,1.2325,9.9428125,55.6395862068966,66.6779310344828,0.208745172413793,5.76896551724138,11.8013793103448
"748","Hyde St. & Golden Gate Ave. (BC)",37.782098,-122.415329,200,3,3,12.0639056315789,1.063033889812,12.7330945121951,0.32625,2.435,55.2900714285714,67.8364285714286,0.229066785714286,6.0525,12.6496428571429
"749","Hyde St. & Golden Gate Ave. (BC)",37.782098,-122.415329,200,3,4,11.9035307894737,1.0858404379351,9.72005909090909,0.787,8.848,54.9937142857143,68.3960714285714,0.215420357142857,5.6575,12.4071428571429
"750","Hyde St. & Golden Gate Ave. (BC)",37.782098,-122.415329,200,3,5,11.6943597368421,1.10433318691359,12.6544670938215,-0.95921052631579,-7.41526315789474,54.6854,68.9973333333333,0.236025333333333,5.89133333333333,13.0933333333333
"751","Hyde St. & Golden Gate Ave. (BC)",37.782098,-122.415329,200,3,6,12.8285160526316,1.11323261587891,11.1065892388664,1.72105263157895,15.2010526315789,54.5024,69.396,0.252556333333333,5.80366666666667,14.8606666666667
"752","Hyde St. & Golden Gate Ave. (BC)",37.782098,-122.415329,200,3,7,12.522715,1.0980072078814,10.888729249277,1.63578947368421,15.6026315789474,54.6998,69.1396666666667,0.306329,6.01466666666667,17.2066666666667
"753","Hyde St. & Golden Gate Ave. (BC)",37.782098,-122.415329,200,3,8,10.6609292105263,1.24086551169983,8.54946536384439,2.11210526315789,24.9605263157895,56.5538,65.8433333333333,0.500358333333333,6.36533333333333,15.9593333333333
"754","Hyde St. & Golden Gate Ave. (BC)",37.782098,-122.415329,200,3,9,10.8057171052632,1.20693871343836,8.03472139271255,2.77131578947368,35.5305263157895,60.3831578947368,60.8289473684211,1.78288578947368,6.28473684210526,13.9694736842105
"755","Hyde St. & Golden Gate Ave. (BC)",37.782098,-122.415329,200,3,10,11.2160357894737,1.16354135324395,8.4475154620422,2.76815789473684,33.5494736842105,66.542,53.374375,0.354616875,6.804375,11.62375
"756","Hyde St. & Golden Gate Ave. (BC)",37.782098,-122.415329,200,3,11,11.1647676315789,1.17630582594961,8.88983578835386,2.27578947368421,25.7215789473684,72.098,42.3933333333333,0.274941333333333,5.83466666666667,9.52866666666667
"757","Hyde St. & Golden Gate Ave. (BC)",37.782098,-122.415329,200,3,12,11.1567257894737,1.18453134378558,8.69966557545721,2.45868421052632,29.8934210526316,70.77425,43.0466666666667,0.257501666666667,5.55,8.8825
"758","Hyde St. & Golden Gate Ave. (BC)",37.782098,-122.415329,200,3,13,11.1837944736842,1.17581800219598,7.97407628622117,3.21210526315789,42.9315789473684,71.1929230769231,42.4565384615385,0.144856538461538,5.45884615384615,8.71923076923077
"759","Hyde St. & Golden Gate Ave. (BC)",37.782098,-122.415329,200,3,14,10.7805160526316,1.23728556400281,8.7318044312096,2.05052631578947,25.3626315789474,70.808,42.877037037037,0.153981851851852,5.2837037037037,8.85777777777778
"760","Hyde St. & Golden Gate Ave. (BC)",37.782098,-122.415329,200,3,15,10.2339306842105,1.31122100714429,8.25274247033769,1.98026315789474,23.9697368421053,69.162,44.0796296296296,0.13851962962963,5.25592592592593,9.27407407407407
"761","Hyde St. & Golden Gate Ave. (BC)",37.782098,-122.415329,200,3,16,9.91827905263157,1.35167290349452,8.00372531294452,1.91368421052632,24.6989473684211,67.1138,47.459,0.129119,5.38933333333333,9.80266666666667
"762","Hyde St. & Golden Gate Ave. (BC)",37.782098,-122.415329,200,3,17,9.75866721052632,1.38321280023338,7.51277355152587,2.24684210526316,30.7228947368421,65.1458,50.7436666666667,0.153383666666667,5.691,10.3453333333333
"763","Hyde St. & Golden Gate Ave. (BC)",37.782098,-122.415329,200,3,18,11.1615884210526,1.20357450921311,8.90263173684211,2.26026315789474,25.5557894736842,62.303,55.53,0.188314666666667,5.96433333333333,11.2416666666667
"764","Hyde St. & Golden Gate Ave. (BC)",37.782098,-122.415329,200,3,19,12.4592381578947,1.06275177604912,10.661961805668,1.79815789473684,21.2671052631579,59.9018,59.8476666666667,0.207657666666667,6.12166666666667,12.49
"765","Hyde St. & Golden Gate Ave. (BC)",37.782098,-122.415329,200,3,20,13.0618202631579,1.02752391791041,11.1336092368421,1.93105263157895,20.1955263157895,58.6964,61.7383333333333,0.219737666666667,6.302,12.4226666666667
"766","Hyde St. & Golden Gate Ave. (BC)",37.782098,-122.415329,200,3,21,13.5496168421053,1.03094613186794,11.5531829889841,1.99578947368421,21.5755263157895,57.9938,63.0563333333333,0.213851,6.06733333333333,11.8926666666667
"767","Hyde St. & Golden Gate Ave. (BC)",37.782098,-122.415329,200,3,22,13.5110044736842,1.02564992816476,10.4808230919467,3.03157894736842,30.1689473684211,57.5264827586207,63.44,0.186151034482759,6.01241379310345,11.9441379310345
"768","Hyde St. & Golden Gate Ave. (BC)",37.782098,-122.415329,200,3,23,13.7515444736842,1.01747256183354,11.7643207731982,1.98789473684211,20.9092105263158,56.9786,64.4793333333333,0.195762666666667,5.95966666666667,12.1946666666667
"769","Hyde St. & Golden Gate Ave. (BC)",37.782098,-122.415329,300,12,0,12.9951949092025,1.01264539615708,10.9102011892308,2.0854,19.6436,NA,NA,NA,NA,NA
"770","Hyde St. & Golden Gate Ave. (BC)",37.782098,-122.415329,300,12,1,12.5731030175494,1.0207347860147,11.8065530533781,0.957234042553192,9.04744680851064,NA,NA,NA,NA,NA
"771","Hyde St. & Golden Gate Ave. (BC)",37.782098,-122.415329,300,12,2,12.6148199355372,1.0102391482316,11.8112180487805,1.58951219512195,12.6926829268293,NA,NA,NA,NA,NA
"772","Hyde St. & Golden Gate Ave. (BC)",37.782098,-122.415329,300,12,3,12.0255155138233,1.03861613570891,11.8668530487805,0.74875,6.44725,NA,NA,NA,NA,NA
"773","Hyde St. & Golden Gate Ave. (BC)",37.782098,-122.415329,300,12,4,12.1409398160997,1.05685636855765,9.75450056116723,0.39962962962963,5.04555555555556,NA,NA,NA,NA,NA
"774","Hyde St. & Golden Gate Ave. (BC)",37.782098,-122.415329,300,12,5,11.9557527486508,1.059937313011,12.1230718568523,-0.16719298245614,-0.188245614035088,NA,NA,NA,NA,NA
"775","Hyde St. & Golden Gate Ave. (BC)",37.782098,-122.415329,300,12,6,12.4021257537951,1.03455302437045,11.2309055738462,1.1738,10.4134,NA,NA,NA,NA,NA
"776","Hyde St. & Golden Gate Ave. (BC)",37.782098,-122.415329,300,12,7,12.5330389110345,1.01531013250576,11.0544148466667,1.477,14.0048,NA,NA,NA,NA,NA
"777","Hyde St. & Golden Gate Ave. (BC)",37.782098,-122.415329,300,12,8,11.4013822138869,1.1162113638831,8.50768554030003,2.89473684210526,34.1829824561404,NA,NA,NA,NA,NA
"778","Hyde St. & Golden Gate Ave. (BC)",37.782098,-122.415329,300,12,9,11.3429632803519,1.11675517564604,8.02134441070625,3.32035087719298,41.7980701754386,NA,NA,NA,NA,NA
"779","Hyde St. & Golden Gate Ave. (BC)",37.782098,-122.415329,300,12,10,11.0834258323021,1.1275223986469,8.34703963923249,2.73684210526316,33.3236842105263,NA,NA,NA,NA,NA
"780","Hyde St. & Golden Gate Ave. (BC)",37.782098,-122.415329,300,12,11,10.8190863700073,1.1637939501108,8.76685101082493,2.05228070175439,23.5917543859649,NA,NA,NA,NA,NA
"781","Hyde St. & Golden Gate Ave. (BC)",37.782098,-122.415329,300,12,12,10.9419511259355,1.16600855648823,8.52466877949959,2.41964912280702,30.0321052631579,NA,NA,NA,NA,NA
"782","Hyde St. & Golden Gate Ave. (BC)",37.782098,-122.415329,300,12,13,11.2136342088394,1.12837792152209,7.98101202378606,3.23210526315789,43.5473684210526,NA,NA,NA,NA,NA
"783","Hyde St. & Golden Gate Ave. (BC)",37.782098,-122.415329,300,12,14,10.8434333359781,1.1799203619425,8.67715061947266,2.16631578947368,26.8229824561404,NA,NA,NA,NA,NA
"784","Hyde St. & Golden Gate Ave. (BC)",37.782098,-122.415329,300,12,15,10.5591595401943,1.22528196354282,8.19039345228679,2.36929824561404,28.8989473684211,NA,NA,NA,NA,NA
"785","Hyde St. & Golden Gate Ave. (BC)",37.782098,-122.415329,300,12,16,10.092820928475,1.2538264590041,7.98111040714399,2.1119298245614,27.4736842105263,NA,NA,NA,NA,NA
"786","Hyde St. & Golden Gate Ave. (BC)",37.782098,-122.415329,300,12,17,9.90548346241859,1.26966656192986,7.52043797282422,2.38333333333333,33.3810526315789,NA,NA,NA,NA,NA
"787","Hyde St. & Golden Gate Ave. (BC)",37.782098,-122.415329,300,12,18,10.9034709801965,1.16832986550743,8.7895247251462,2.11333333333333,24.3233333333333,NA,NA,NA,NA,NA
"788","Hyde St. & Golden Gate Ave. (BC)",37.782098,-122.415329,300,12,19,11.7677351611452,1.11589189604093,10.3088987435897,1.45929824561404,19.3605263157895,NA,NA,NA,NA,NA
"789","Hyde St. & Golden Gate Ave. (BC)",37.782098,-122.415329,300,12,20,12.6634234306629,1.02443224773963,10.7543616871345,1.90929824561404,20.8043859649123,NA,NA,NA,NA,NA
"790","Hyde St. & Golden Gate Ave. (BC)",37.782098,-122.415329,300,12,21,13.0226851821862,1.02085153554766,11.2136154475724,1.80754385964912,19.8068421052632,NA,NA,NA,NA,NA
"791","Hyde St. & Golden Gate Ave. (BC)",37.782098,-122.415329,300,12,22,12.4642936385871,1.03859428609314,10.2350482204608,2.22824561403509,23.8557894736842,NA,NA,NA,NA,NA
"792","Hyde St. & Golden Gate Ave. (BC)",37.782098,-122.415329,300,12,23,13.0115661866932,1.01093788937568,11.3872148805586,1.62438596491228,18.1617543859649,NA,NA,NA,NA,NA
"793","Hyde St. & Golden Gate Ave. (BC)",37.782098,-122.415329,300,1,0,13.0606931954217,1.043104397938,10.644544902834,2.41789473684211,23.3768421052632,54.2468,59.262,0.475372666666667,10.6926666666667,14.9713333333333
"794","Hyde St. & Golden Gate Ave. (BC)",37.782098,-122.415329,300,1,1,13.0908126,1.01704851275144,11.8065530533781,1.4536170212766,13.6865957446809,53.882,59.782,0.572621333333333,11.3866666666667,15.1193333333333
"795","Hyde St. & Golden Gate Ave. (BC)",37.782098,-122.415329,300,1,2,12.7716987023228,1.01539217943878,11.8112180487805,1.76195121951219,14.3639024390244,53.2412,60.926,0.537486,11.502,14.986
"796","Hyde St. & Golden Gate Ave. (BC)",37.782098,-122.415329,300,1,3,12.5622112815756,1.01878680257709,11.8668530487805,0.9975,8.8275,52.9496,61.1026666666667,0.591860666666667,11.81,14.6566666666667
"797","Hyde St. & Golden Gate Ave. (BC)",37.782098,-122.415329,300,1,4,12.2920990591863,1.02288403216527,9.75450056116723,1.13777777777778,12.167037037037,52.6292,61.382,0.639784,12.27,14.55
"798","Hyde St. & Golden Gate Ave. (BC)",37.782098,-122.415329,300,1,5,11.7557738991566,1.05226006483185,12.1230718568523,-0.366491228070175,-2.38491228070175,52.424,61.8346666666667,0.527608666666667,11.448,13.8893333333333
"799","Hyde St. & Golden Gate Ave. (BC)",37.782098,-122.415329,300,1,6,12.6240864951054,1.07077685166434,10.8407592753036,1.78368421052632,15.9191228070175,52.2404,62.1786666666667,0.542768,11.1186666666667,14.626
"800","Hyde St. & Golden Gate Ave. (BC)",37.782098,-122.415329,300,1,7,12.0349864945698,1.05884030994477,10.702778205578,1.33228070175439,13.369298245614,52.418,62.3646666666667,0.529276666666667,11.9806666666667,15.558
"801","Hyde St. & Golden Gate Ave. (BC)",37.782098,-122.415329,300,1,8,10.8897079188754,1.15934405796471,8.50768554030003,2.37929824561404,28.019649122807,53.0276,61.4726666666667,0.614212,12.712,16.7426666666667
"802","Hyde St. & Golden Gate Ave. (BC)",37.782098,-122.415329,300,1,9,11.3454604511278,1.13135764477368,8.02134441070625,3.32456140350877,41.9668421052632,55.742,55.9513333333333,0.622216,12.7346666666667,17.0333333333333
"803","Hyde St. & Golden Gate Ave. (BC)",37.782098,-122.415329,300,1,10,11.4235963996056,1.1082016033037,8.34703963923249,3.07771929824561,37.5005263157895,61.646,47.082,0.494136666666667,12.2413333333333,14.1133333333333
"804","Hyde St. & Golden Gate Ave. (BC)",37.782098,-122.415329,300,1,11,10.8878841381936,1.14806819268263,8.76685101082493,2.12105263157895,24.3717543859649,64.742,43.4661538461538,0.632973076923077,12.4215384615385,12.8469230769231
"805","Hyde St. & Golden Gate Ave. (BC)",37.782098,-122.415329,300,1,12,11.1553625727614,1.13765039734537,8.52466877949959,2.62982456140351,32.5814035087719,66.7065714285714,39.3471428571429,0.43642,10.83,11.6985714285714
"806","Hyde St. & Golden Gate Ave. (BC)",37.782098,-122.415329,300,1,13,10.9656650404179,1.15230361319888,7.98101202378606,2.98543859649123,39.9250877192982,67.7516,37.2873333333333,0.327498666666667,9.812,11.1793333333333
"807","Hyde St. & Golden Gate Ave. (BC)",37.782098,-122.415329,300,1,14,10.8196390206285,1.18624184304959,8.67715061947266,2.14157894736842,26.2950877192982,67.472,37.878,0.29549,9.538,10.8206666666667
"808","Hyde St. & Golden Gate Ave. (BC)",37.782098,-122.415329,300,1,15,10.4693570091896,1.22793367622469,8.19039345228679,2.28105263157895,27.8975438596491,66.619625,39.86375,0.317561875,9.12,11.53875
"809","Hyde St. & Golden Gate Ave. (BC)",37.782098,-122.415329,300,1,16,10.1143397122217,1.29425267180093,7.98111040714399,2.13526315789474,27.5605263157895,63.56,44.3153333333333,0.316431333333333,8.83333333333333,12.7986666666667
"810","Hyde St. & Golden Gate Ave. (BC)",37.782098,-122.415329,300,1,17,9.98802314637658,1.29396279379168,7.52043797282422,2.46578947368421,34.1963157894737,59.6878571428571,50.3364285714286,0.367266428571429,9.15214285714286,14.715
"811","Hyde St. & Golden Gate Ave. (BC)",37.782098,-122.415329,300,1,18,11.3127022644023,1.12846430986839,8.7895247251462,2.52456140350877,28.9285964912281,57.60725,53.48375,0.38370125,8.931875,16.571875
"812","Hyde St. & Golden Gate Ave. (BC)",37.782098,-122.415329,300,1,19,12.0791807633993,1.05996266577304,10.3088987435897,1.77350877192982,21.4166666666667,56.52275,55.505,0.509048125,10.055,17.333125
"813","Hyde St. & Golden Gate Ave. (BC)",37.782098,-122.415329,300,1,20,12.8232091862008,1.01706056581906,10.7543616871345,2.07,22.5456140350877,55.734125,56.908125,0.55722875,10.778125,17.45375
"814","Hyde St. & Golden Gate Ave. (BC)",37.782098,-122.415329,300,1,21,13.3430410789168,1.00349555523372,11.2136154475724,2.12789473684211,23.1829824561404,55.214375,57.818125,0.5007925,10.65,16.585
"815","Hyde St. & Golden Gate Ave. (BC)",37.782098,-122.415329,300,1,22,12.9363265602277,1.02214679163509,10.2350482204608,2.70245614035088,27.8242105263158,55.016375,58.4025,0.47968625,10.219375,15.90625
"816","Hyde St. & Golden Gate Ave. (BC)",37.782098,-122.415329,300,1,23,13.5437145631492,1.00528800483381,11.3872148805586,2.15438596491228,21.9689473684211,54.782375,59.64625,0.42227625,9.76375,15.034375
"817","Hyde St. & Golden Gate Ave. (BC)",37.782098,-122.415329,300,2,0,12.7793927076023,1.04139148411769,10.644544902834,2.1380701754386,20.7177192982456,55.7947142857143,68.6882142857143,0.268451428571429,5.74321428571429,13.3457142857143
"818","Hyde St. & Golden Gate Ave. (BC)",37.782098,-122.415329,300,2,1,12.0368961461988,1.05446107023033,11.5140369168291,0.75462962962963,7.69055555555556,55.4488571428571,69.2296428571429,0.273014285714286,5.70178571428571,13.855
"819","Hyde St. & Golden Gate Ave. (BC)",37.782098,-122.415329,300,2,2,12.0104634327485,1.05479391827262,11.8112180487805,1.17,9.3509756097561,55.0708571428571,70.0817857142857,0.35524,5.61535714285714,13.775
"820","Hyde St. & Golden Gate Ave. (BC)",37.782098,-122.415329,300,2,3,11.7100044385965,1.06722455926068,11.8668530487805,0.423,3.087,54.658,70.3918518518519,0.383348888888889,5.69037037037037,14.1751851851852
"821","Hyde St. & Golden Gate Ave. (BC)",37.782098,-122.415329,300,2,4,11.1711981871345,1.09173081871421,9.75450056116723,0.552592592592593,6.2962962962963,54.5443571428571,71.3682142857143,0.396017857142857,5.74964285714286,14.7439285714286
"822","Hyde St. & Golden Gate Ave. (BC)",37.782098,-122.415329,300,2,5,11.3443821695906,1.09579655421291,12.1230718568523,-0.778947368421053,-6.51228070175439,54.2994285714286,71.4232142857143,0.388065357142857,5.6325,15.19
"823","Hyde St. & Golden Gate Ave. (BC)",37.782098,-122.415329,300,2,6,12.2925614619883,1.09493542556441,10.8407592753036,1.45315789473684,13.1633333333333,54.194,71.7767857142857,0.4000175,5.88071428571429,15.7342857142857
"824","Hyde St. & Golden Gate Ave. (BC)",37.782098,-122.415329,300,2,7,11.8093718538012,1.07432437197144,10.702778205578,1.10473684210526,11.4178947368421,54.4042142857143,71.7896428571429,0.455728214285714,6.5125,17.7928571428571
"825","Hyde St. & Golden Gate Ave. (BC)",37.782098,-122.415329,300,2,8,10.3151657076023,1.22380224717874,8.50768554030003,1.8059649122807,21.6361403508772,56.554,68.347037037037,0.730767037037037,6.95259259259259,17.2259259259259
"826","Hyde St. & Golden Gate Ave. (BC)",37.782098,-122.415329,300,2,9,10.6825969005848,1.19177413465234,8.02134441070625,2.66228070175439,34.3422807017544,59.6597391304348,61.8078260869565,0.612439130434783,7.13478260869565,13.7369565217391
"827","Hyde St. & Golden Gate Ave. (BC)",37.782098,-122.415329,300,2,10,10.9737864736842,1.14426236429279,8.34703963923249,2.62947368421053,32.1215789473684,65.0879130434783,53.4947826086957,0.333917826086956,7.06695652173913,12.9465217391304
"828","Hyde St. & Golden Gate Ave. (BC)",37.782098,-122.415329,300,2,11,10.854404502924,1.15075369891344,8.76685101082493,2.08929824561404,24.1238596491228,67.0131304347826,50.7947826086957,0.469200869565217,6.89217391304348,11.6169565217391
"829","Hyde St. & Golden Gate Ave. (BC)",37.782098,-122.415329,300,2,12,10.7251350877193,1.18592740599725,8.52466877949959,2.20017543859649,27.6519298245614,68.8239090909091,46.6627272727273,0.472338181818182,6.67863636363636,10.6154545454545
"830","Hyde St. & Golden Gate Ave. (BC)",37.782098,-122.415329,300,2,13,10.9203545380117,1.16037093900743,7.98101202378606,2.93701754385965,39.2959649122807,69.85688,44.0876,0.3029852,5.5512,9.2392
"831","Hyde St. & Golden Gate Ave. (BC)",37.782098,-122.415329,300,2,14,10.7277788654971,1.17915746499462,8.67715061947266,2.04964912280702,25.1385964912281,70.0691818181818,43.4181818181818,0.230731818181818,5.56727272727273,9.52045454545454
"832","Hyde St. & Golden Gate Ave. (BC)",37.782098,-122.415329,300,2,15,10.1853055204678,1.2474719893632,8.19039345228679,1.99666666666667,24.3859649122807,68.23616,47.7028,0.174722,5.6048,10.3124
"833","Hyde St. & Golden Gate Ave. (BC)",37.782098,-122.415329,300,2,16,9.93620087719298,1.28887347386435,7.98111040714399,1.95561403508772,25.3468421052632,66.0262307692308,50.3019230769231,0.203773076923077,5.76076923076923,11.0315384615385
"834","Hyde St. & Golden Gate Ave. (BC)",37.782098,-122.415329,300,2,17,9.76680190643275,1.3150747200729,7.52043797282422,2.24701754385965,31.2568421052632,62.7581428571429,56.7517857142857,0.236383571428571,6.13678571428571,12.9557142857143
"835","Hyde St. & Golden Gate Ave. (BC)",37.782098,-122.415329,300,2,18,11.1301857309942,1.14848815405003,8.7895247251462,2.34228070175439,26.9982456140351,60.2497142857143,61.3546428571429,0.244869285714286,6.33107142857143,13.3432142857143
"836","Hyde St. & Golden Gate Ave. (BC)",37.782098,-122.415329,300,2,19,11.8590240350877,1.07802144336825,10.3088987435897,1.55122807017544,19.8331578947368,58.9942142857143,63.7607142857143,0.268511071428571,6.56964285714286,13.5292857142857
"837","Hyde St. & Golden Gate Ave. (BC)",37.782098,-122.415329,300,2,20,12.7030599415205,1.02608093783319,10.7543616871345,1.9480701754386,20.8540350877193,58.0672142857143,65.6371428571429,0.306023928571429,6.61357142857143,14.1492857142857
"838","Hyde St. & Golden Gate Ave. (BC)",37.782098,-122.415329,300,2,21,12.9378739766082,1.03430399298131,11.2136154475724,1.72508771929825,18.7726315789474,57.2520714285714,66.8203571428571,0.3140275,6.31285714285714,14.5914285714286
"839","Hyde St. & Golden Gate Ave. (BC)",37.782098,-122.415329,300,2,22,12.5522424561404,1.03577786389616,10.2350482204608,2.31929824561404,23.7675438596491,56.588,67.6892857142857,0.315336785714286,6.27821428571429,14.2442857142857
"840","Hyde St. & Golden Gate Ave. (BC)",37.782098,-122.415329,300,2,23,13.1372471345029,1.01774496521048,11.3872148805586,1.74947368421053,18.4,56.1167857142857,68.0585714285714,0.295284642857143,5.99642857142857,13.7614285714286
"841","Hyde St. & Golden Gate Ave. (BC)",37.782098,-122.415329,300,3,0,12.7931062748538,1.03516296068565,10.644544902834,2.14947368421053,21.0456140350877,56.3372,64.9656666666667,0.586879666666667,6.31533333333333,12.114
"842","Hyde St. & Golden Gate Ave. (BC)",37.782098,-122.415329,300,3,1,12.5631208011696,1.033611261581,11.5140369168291,1.27074074074074,12.042962962963,56.0204,65.4963333333333,0.306938666666667,6.18933333333333,11.822
"843","Hyde St. & Golden Gate Ave. (BC)",37.782098,-122.415329,300,3,2,12.1033985555556,1.05037165059556,11.8112180487805,1.27878048780488,10.310487804878,55.6395862068966,66.6779310344828,0.208745172413793,5.76896551724138,11.8013793103448
"844","Hyde St. & Golden Gate Ave. (BC)",37.782098,-122.415329,300,3,3,11.5505350467836,1.06142560416867,11.8668530487805,0.19975,1.4535,55.2900714285714,67.8364285714286,0.229066785714286,6.0525,12.6496428571429
"845","Hyde St. & Golden Gate Ave. (BC)",37.782098,-122.415329,300,3,4,11.4732768245614,1.07788197803556,9.75450056116723,0.597777777777778,6.79481481481481,54.9937142857143,68.3960714285714,0.215420357142857,5.6575,12.4071428571429
"846","Hyde St. & Golden Gate Ave. (BC)",37.782098,-122.415329,300,3,5,11.1987738654971,1.09972345042226,12.1230718568523,-0.924035087719298,-7.51315789473684,54.6854,68.9973333333333,0.236025333333333,5.89133333333333,13.0933333333333
"847","Hyde St. & Golden Gate Ave. (BC)",37.782098,-122.415329,300,3,6,12.2672667192982,1.10116101628152,10.8407592753036,1.42578947368421,12.3059649122807,54.5024,69.396,0.252556333333333,5.80366666666667,14.8606666666667
"848","Hyde St. & Golden Gate Ave. (BC)",37.782098,-122.415329,300,3,7,12.1436393976608,1.07768436348588,10.702778205578,1.44280701754386,13.8433333333333,54.6998,69.1396666666667,0.306329,6.01466666666667,17.2066666666667
"849","Hyde St. & Golden Gate Ave. (BC)",37.782098,-122.415329,300,3,8,10.6202905263158,1.20566113687041,8.50768554030003,2.11350877192982,25.0712280701754,56.5538,65.8433333333333,0.500358333333333,6.36533333333333,15.9593333333333
"850","Hyde St. & Golden Gate Ave. (BC)",37.782098,-122.415329,300,3,9,10.8020521052632,1.1753591700863,8.02134441070625,2.78122807017544,35.5736842105263,60.3831578947368,60.8289473684211,1.78288578947368,6.28473684210526,13.9694736842105
"851","Hyde St. & Golden Gate Ave. (BC)",37.782098,-122.415329,300,3,10,11.0989110350877,1.13808096025947,8.34703963923249,2.75175438596491,33.6919298245614,66.542,53.374375,0.354616875,6.804375,11.62375
"852","Hyde St. & Golden Gate Ave. (BC)",37.782098,-122.415329,300,3,11,11.0259113450292,1.14922828482731,8.76685101082493,2.25982456140351,25.9268421052632,72.098,42.3933333333333,0.274941333333333,5.83466666666667,9.52866666666667
"853","Hyde St. & Golden Gate Ave. (BC)",37.782098,-122.415329,300,3,12,10.9857286374269,1.15934028024517,8.52466877949959,2.46263157894737,30.5645614035088,70.77425,43.0466666666667,0.257501666666667,5.55,8.8825
"854","Hyde St. & Golden Gate Ave. (BC)",37.782098,-122.415329,300,3,13,11.0327657894737,1.1483829398888,7.98101202378606,3.05385964912281,40.6321052631579,71.1929230769231,42.4565384615385,0.144856538461538,5.45884615384615,8.71923076923077
"855","Hyde St. & Golden Gate Ave. (BC)",37.782098,-122.415329,300,3,14,10.6714598245614,1.20263284273605,8.67715061947266,1.9959649122807,24.6010526315789,70.808,42.877037037037,0.153981851851852,5.2837037037037,8.85777777777778
"856","Hyde St. & Golden Gate Ave. (BC)",37.782098,-122.415329,300,3,15,10.191093005848,1.26803189804294,8.19039345228679,1.99947368421053,24.5452631578947,69.162,44.0796296296296,0.13851962962963,5.25592592592593,9.27407407407407
"857","Hyde St. & Golden Gate Ave. (BC)",37.782098,-122.415329,300,3,16,9.81171676608187,1.30512557991094,7.98111040714399,1.82929824561404,23.6261403508772,67.1138,47.459,0.129119,5.38933333333333,9.80266666666667
"858","Hyde St. & Golden Gate Ave. (BC)",37.782098,-122.415329,300,3,17,9.67309825730994,1.33394687386573,7.52043797282422,2.15350877192982,29.4015789473684,65.1458,50.7436666666667,0.153383666666667,5.691,10.3453333333333
"859","Hyde St. & Golden Gate Ave. (BC)",37.782098,-122.415329,300,3,18,11.0030168421053,1.17555678201956,8.7895247251462,2.21438596491228,25.4131578947368,62.303,55.53,0.188314666666667,5.96433333333333,11.2416666666667
"860","Hyde St. & Golden Gate Ave. (BC)",37.782098,-122.415329,300,3,19,12.1423149883041,1.05321493692709,10.3088987435897,1.83385964912281,22.280350877193,59.9018,59.8476666666667,0.207657666666667,6.12166666666667,12.49
"861","Hyde St. & Golden Gate Ave. (BC)",37.782098,-122.415329,300,3,20,12.6915239181286,1.02155546470871,10.7543616871345,1.94,21.1059649122807,58.6964,61.7383333333333,0.219737666666667,6.302,12.4226666666667
"862","Hyde St. & Golden Gate Ave. (BC)",37.782098,-122.415329,300,3,21,13.0884631578947,1.02456398504438,11.2136154475724,1.87473684210526,20.4905263157895,57.9938,63.0563333333333,0.213851,6.06733333333333,11.8926666666667
"863","Hyde St. & Golden Gate Ave. (BC)",37.782098,-122.415329,300,3,22,13.0705564327485,1.02040686048534,10.2350482204608,2.83631578947368,28.8382456140351,57.5264827586207,63.44,0.186151034482759,6.01241379310345,11.9441379310345
"864","Hyde St. & Golden Gate Ave. (BC)",37.782098,-122.415329,300,3,23,13.2437422222222,1.01400256417071,11.3872148805586,1.85701754385965,19.7331578947368,56.9786,64.4793333333333,0.195762666666667,5.95966666666667,12.1946666666667
"865","Kirkwood Ave. & Earl St. (BC)",37.728871,-122.374401,100,12,0,NA,NA,NA,NA,NA,NA,NA,NA,NA,NA
"866","Kirkwood Ave. & Earl St. (BC)",37.728871,-122.374401,100,12,1,NA,NA,NA,NA,NA,NA,NA,NA,NA,NA
"867","Kirkwood Ave. & Earl St. (BC)",37.728871,-122.374401,100,12,2,NA,NA,NA,NA,NA,NA,NA,NA,NA,NA
"868","Kirkwood Ave. & Earl St. (BC)",37.728871,-122.374401,100,12,3,NA,NA,NA,NA,NA,NA,NA,NA,NA,NA
"869","Kirkwood Ave. & Earl St. (BC)",37.728871,-122.374401,100,12,4,NA,NA,NA,NA,NA,NA,NA,NA,NA,NA
"870","Kirkwood Ave. & Earl St. (BC)",37.728871,-122.374401,100,12,5,NA,NA,NA,NA,NA,NA,NA,NA,NA,NA
"871","Kirkwood Ave. & Earl St. (BC)",37.728871,-122.374401,100,12,6,NA,NA,NA,NA,NA,NA,NA,NA,NA,NA
"872","Kirkwood Ave. & Earl St. (BC)",37.728871,-122.374401,100,12,7,NA,NA,NA,NA,NA,NA,NA,NA,NA,NA
"873","Kirkwood Ave. & Earl St. (BC)",37.728871,-122.374401,100,12,8,NA,NA,NA,NA,NA,NA,NA,NA,NA,NA
"874","Kirkwood Ave. & Earl St. (BC)",37.728871,-122.374401,100,12,9,NA,NA,NA,NA,NA,NA,NA,NA,NA,NA
"875","Kirkwood Ave. & Earl St. (BC)",37.728871,-122.374401,100,12,10,NA,NA,NA,NA,NA,NA,NA,NA,NA,NA
"876","Kirkwood Ave. & Earl St. (BC)",37.728871,-122.374401,100,12,11,NA,NA,NA,NA,NA,NA,NA,NA,NA,NA
"877","Kirkwood Ave. & Earl St. (BC)",37.728871,-122.374401,100,12,12,NA,NA,NA,NA,NA,NA,NA,NA,NA,NA
"878","Kirkwood Ave. & Earl St. (BC)",37.728871,-122.374401,100,12,13,NA,NA,NA,NA,NA,NA,NA,NA,NA,NA
"879","Kirkwood Ave. & Earl St. (BC)",37.728871,-122.374401,100,12,14,NA,NA,NA,NA,NA,NA,NA,NA,NA,NA
"880","Kirkwood Ave. & Earl St. (BC)",37.728871,-122.374401,100,12,15,NA,NA,NA,NA,NA,NA,NA,NA,NA,NA
"881","Kirkwood Ave. & Earl St. (BC)",37.728871,-122.374401,100,12,16,NA,NA,NA,NA,NA,NA,NA,NA,NA,NA
"882","Kirkwood Ave. & Earl St. (BC)",37.728871,-122.374401,100,12,17,NA,NA,NA,NA,NA,NA,NA,NA,NA,NA
"883","Kirkwood Ave. & Earl St. (BC)",37.728871,-122.374401,100,12,18,NA,NA,NA,NA,NA,NA,NA,NA,NA,NA
"884","Kirkwood Ave. & Earl St. (BC)",37.728871,-122.374401,100,12,19,NA,NA,NA,NA,NA,NA,NA,NA,NA,NA
"885","Kirkwood Ave. & Earl St. (BC)",37.728871,-122.374401,100,12,20,NA,NA,NA,NA,NA,NA,NA,NA,NA,NA
"886","Kirkwood Ave. & Earl St. (BC)",37.728871,-122.374401,100,12,21,NA,NA,NA,NA,NA,NA,NA,NA,NA,NA
"887","Kirkwood Ave. & Earl St. (BC)",37.728871,-122.374401,100,12,22,NA,NA,NA,NA,NA,NA,NA,NA,NA,NA
"888","Kirkwood Ave. & Earl St. (BC)",37.728871,-122.374401,100,12,23,NA,NA,NA,NA,NA,NA,NA,NA,NA,NA
"889","Kirkwood Ave. & Earl St. (BC)",37.728871,-122.374401,100,1,0,NA,NA,NA,NA,NA,52.871,62.91,0.39205125,7.77375,13.65875
"890","Kirkwood Ave. & Earl St. (BC)",37.728871,-122.374401,100,1,1,NA,NA,NA,NA,NA,52.83725,62.435,0.5440875,8.0825,13.61875
"891","Kirkwood Ave. & Earl St. (BC)",37.728871,-122.374401,100,1,2,NA,NA,NA,NA,NA,52.64375,63.0275,0.36594,7.715,13.79625
"892","Kirkwood Ave. & Earl St. (BC)",37.728871,-122.374401,100,1,3,NA,NA,NA,NA,NA,52.214,64.71375,0.40684875,8.09625,14.67125
"893","Kirkwood Ave. & Earl St. (BC)",37.728871,-122.374401,100,1,4,NA,NA,NA,NA,NA,51.728,64.3475,0.5701675,8.7525,14.46875
"894","Kirkwood Ave. & Earl St. (BC)",37.728871,-122.374401,100,1,5,NA,NA,NA,NA,NA,51.3005,64.89125,0.4230325,8.2825,13.84875
"895","Kirkwood Ave. & Earl St. (BC)",37.728871,-122.374401,100,1,6,NA,NA,NA,NA,NA,50.9225,64.895,0.39853625,7.5675,14.36125
"896","Kirkwood Ave. & Earl St. (BC)",37.728871,-122.374401,100,1,7,NA,NA,NA,NA,NA,51.053,64.6325,0.4711625,7.7025,15.1675
"897","Kirkwood Ave. & Earl St. (BC)",37.728871,-122.374401,100,1,8,NA,NA,NA,NA,NA,53.20175,61.45875,0.65398625,9.23125,16.5125
"898","Kirkwood Ave. & Earl St. (BC)",37.728871,-122.374401,100,1,9,NA,NA,NA,NA,NA,56.2595,56.64,0.49126625,9.76875,15.49125
"899","Kirkwood Ave. & Earl St. (BC)",37.728871,-122.374401,100,1,10,NA,NA,NA,NA,NA,57.80975,53.51875,0.43595125,9.5825,14.87375
"900","Kirkwood Ave. & Earl St. (BC)",37.728871,-122.374401,100,1,11,NA,NA,NA,NA,NA,59.9,49.5966666666667,0.480383333333333,10.3977777777778,14.8177777777778
"901","Kirkwood Ave. & Earl St. (BC)",37.728871,-122.374401,100,1,12,NA,NA,NA,NA,NA,61.644,45.6844444444444,0.427444444444444,9.99444444444445,13.9633333333333
"902","Kirkwood Ave. & Earl St. (BC)",37.728871,-122.374401,100,1,13,NA,NA,NA,NA,NA,63.322,43.5133333333333,0.378136666666667,8.89888888888889,13.2033333333333
"903","Kirkwood Ave. & Earl St. (BC)",37.728871,-122.374401,100,1,14,NA,NA,NA,NA,NA,63.534,42.6788888888889,0.318856666666667,8.39888888888889,12.4066666666667
"904","Kirkwood Ave. & Earl St. (BC)",37.728871,-122.374401,100,1,15,NA,NA,NA,NA,NA,62.718,42.9844444444444,0.302316666666667,7.98666666666667,12.5522222222222
"905","Kirkwood Ave. & Earl St. (BC)",37.728871,-122.374401,100,1,16,NA,NA,NA,NA,NA,61.06,46.4944444444444,0.245071111111111,7.51111111111111,12.9288888888889
"906","Kirkwood Ave. & Earl St. (BC)",37.728871,-122.374401,100,1,17,NA,NA,NA,NA,NA,58.064,51.9244444444444,0.261724444444444,7.37111111111111,14.5944444444444
"907","Kirkwood Ave. & Earl St. (BC)",37.728871,-122.374401,100,1,18,NA,NA,NA,NA,NA,55.814,57.0222222222222,0.257836666666667,6.67222222222222,13.5055555555556
"908","Kirkwood Ave. & Earl St. (BC)",37.728871,-122.374401,100,1,19,NA,NA,NA,NA,NA,54.836,59.3677777777778,0.281907777777778,6.90111111111111,13.6911111111111
"909","Kirkwood Ave. & Earl St. (BC)",37.728871,-122.374401,100,1,20,NA,NA,NA,NA,NA,54.01,60.5144444444444,0.379361111111111,8.15111111111111,14.7288888888889
"910","Kirkwood Ave. & Earl St. (BC)",37.728871,-122.374401,100,1,21,NA,NA,NA,NA,NA,53.644,60.2933333333333,0.30292,7.43777777777778,14.4466666666667
"911","Kirkwood Ave. & Earl St. (BC)",37.728871,-122.374401,100,1,22,NA,NA,NA,NA,NA,53.638,61.1422222222222,0.330397777777778,7.38,14.2977777777778
"912","Kirkwood Ave. & Earl St. (BC)",37.728871,-122.374401,100,1,23,NA,NA,NA,NA,NA,53.53,63.7522222222222,0.316908888888889,7.48333333333333,13.6833333333333
"913","Kirkwood Ave. & Earl St. (BC)",37.728871,-122.374401,100,2,0,NA,NA,NA,NA,NA,54.62,70.757037037037,0.251358148148148,5.03444444444444,14.4492592592593
"914","Kirkwood Ave. & Earl St. (BC)",37.728871,-122.374401,100,2,1,NA,NA,NA,NA,NA,54.2544285714286,71.8914285714286,0.256444285714286,4.88928571428571,14.0310714285714
"915","Kirkwood Ave. & Earl St. (BC)",37.728871,-122.374401,100,2,2,NA,NA,NA,NA,NA,53.6926666666667,72.9044444444444,0.370291481481481,5.04962962962963,14.3511111111111
"916","Kirkwood Ave. & Earl St. (BC)",37.728871,-122.374401,100,2,3,NA,NA,NA,NA,NA,53.6366428571429,73.9985714285714,0.308761428571429,4.8975,14.0532142857143
"917","Kirkwood Ave. & Earl St. (BC)",37.728871,-122.374401,100,2,4,NA,NA,NA,NA,NA,53.2342142857143,74.5967857142857,0.335753214285714,4.95714285714286,14.4157142857143
"918","Kirkwood Ave. & Earl St. (BC)",37.728871,-122.374401,100,2,5,NA,NA,NA,NA,NA,52.9847857142857,74.9664285714286,0.355329285714286,5.04964285714286,15.01
"919","Kirkwood Ave. & Earl St. (BC)",37.728871,-122.374401,100,2,6,NA,NA,NA,NA,NA,52.8954285714286,75.0457142857143,0.384509642857143,5.29321428571429,15.7167857142857
"920","Kirkwood Ave. & Earl St. (BC)",37.728871,-122.374401,100,2,7,NA,NA,NA,NA,NA,53.3023571428571,74.4746428571429,0.466090357142857,5.265,16.4314285714286
"921","Kirkwood Ave. & Earl St. (BC)",37.728871,-122.374401,100,2,8,NA,NA,NA,NA,NA,55.9933571428571,70.1067857142857,0.625778571428572,5.72785714285714,16.6742857142857
"922","Kirkwood Ave. & Earl St. (BC)",37.728871,-122.374401,100,2,9,NA,NA,NA,NA,NA,58.835,64.9170833333333,0.46788625,5.87833333333333,14.4466666666667
"923","Kirkwood Ave. & Earl St. (BC)",37.728871,-122.374401,100,2,10,NA,NA,NA,NA,NA,61.3780769230769,60.7903846153846,0.380549230769231,5.90961538461538,14.0407692307692
"924","Kirkwood Ave. & Earl St. (BC)",37.728871,-122.374401,100,2,11,NA,NA,NA,NA,NA,62.28575,58.9954166666667,0.38154875,6.02916666666667,13.8104166666667
"925","Kirkwood Ave. & Earl St. (BC)",37.728871,-122.374401,100,2,12,NA,NA,NA,NA,NA,64.96232,54.0964,0.2859948,5.4992,12.3688
"926","Kirkwood Ave. & Earl St. (BC)",37.728871,-122.374401,100,2,13,NA,NA,NA,NA,NA,66.454347826087,50.294347826087,0.268601304347826,5.92347826086957,11.6386956521739
"927","Kirkwood Ave. & Earl St. (BC)",37.728871,-122.374401,100,2,14,NA,NA,NA,NA,NA,66.3326666666667,50.5751851851852,0.216166296296296,4.95962962962963,11.2333333333333
"928","Kirkwood Ave. & Earl St. (BC)",37.728871,-122.374401,100,2,15,NA,NA,NA,NA,NA,65.6486666666667,51.9196296296296,0.152772962962963,4.65814814814815,11.6751851851852
"929","Kirkwood Ave. & Earl St. (BC)",37.728871,-122.374401,100,2,16,NA,NA,NA,NA,NA,64.211,52.8546153846154,0.150985384615385,4.73,12.1461538461538
"930","Kirkwood Ave. & Earl St. (BC)",37.728871,-122.374401,100,2,17,NA,NA,NA,NA,NA,61.0666666666667,58.51,0.179235555555556,5.01222222222222,13.3459259259259
"931","Kirkwood Ave. & Earl St. (BC)",37.728871,-122.374401,100,2,18,NA,NA,NA,NA,NA,58.6753571428571,63.6478571428571,0.222182142857143,5.25321428571429,14.2075
"932","Kirkwood Ave. & Earl St. (BC)",37.728871,-122.374401,100,2,19,NA,NA,NA,NA,NA,57.5683571428571,65.8971428571429,0.203351785714286,5.24321428571429,14.0585714285714
"933","Kirkwood Ave. & Earl St. (BC)",37.728871,-122.374401,100,2,20,NA,NA,NA,NA,NA,56.8438571428571,67.6,0.211199642857143,5.21428571428571,13.8135714285714
"934","Kirkwood Ave. & Earl St. (BC)",37.728871,-122.374401,100,2,21,NA,NA,NA,NA,NA,56.024,68.1244444444444,0.230551851851852,5.10814814814815,14.3403703703704
"935","Kirkwood Ave. & Earl St. (BC)",37.728871,-122.374401,100,2,22,NA,NA,NA,NA,NA,55.3235,69.4853571428571,0.270770357142857,5.1875,14.0935714285714
"936","Kirkwood Ave. & Earl St. (BC)",37.728871,-122.374401,100,2,23,NA,NA,NA,NA,NA,54.8863571428571,70.2664285714286,0.222167857142857,5.08,13.9332142857143
"937","Kirkwood Ave. & Earl St. (BC)",37.728871,-122.374401,100,3,0,NA,NA,NA,NA,NA,54.8672,68.407,0.165565666666667,5.03333333333333,12.8433333333333
"938","Kirkwood Ave. & Earl St. (BC)",37.728871,-122.374401,100,3,1,NA,NA,NA,NA,NA,54.7625517241379,68.7727586206897,0.152576206896552,5.05241379310345,13.1631034482759
"939","Kirkwood Ave. & Earl St. (BC)",37.728871,-122.374401,100,3,2,NA,NA,NA,NA,NA,54.3348965517241,69.5272413793103,0.144183448275862,4.93344827586207,12.7696551724138
"940","Kirkwood Ave. & Earl St. (BC)",37.728871,-122.374401,100,3,3,NA,NA,NA,NA,NA,53.9935172413793,70.7237931034483,0.267172413793103,5.21448275862069,13.5948275862069
"941","Kirkwood Ave. & Earl St. (BC)",37.728871,-122.374401,100,3,4,NA,NA,NA,NA,NA,53.6477931034483,71.8403448275862,0.209560344827586,5.01620689655172,13.4503448275862
"942","Kirkwood Ave. & Earl St. (BC)",37.728871,-122.374401,100,3,5,NA,NA,NA,NA,NA,53.5385517241379,72.2972413793103,0.203434137931034,5.07241379310345,13.6465517241379
"943","Kirkwood Ave. & Earl St. (BC)",37.728871,-122.374401,100,3,6,NA,NA,NA,NA,NA,53.3156,72.5143333333333,0.217162,4.988,14.204
"944","Kirkwood Ave. & Earl St. (BC)",37.728871,-122.374401,100,3,7,NA,NA,NA,NA,NA,53.7236,71.8106666666667,0.349014666666667,5.085,16.115
"945","Kirkwood Ave. & Earl St. (BC)",37.728871,-122.374401,100,3,8,NA,NA,NA,NA,NA,55.9997857142857,68.3714285714286,0.632515714285714,5.34857142857143,16.6839285714286
"946","Kirkwood Ave. & Earl St. (BC)",37.728871,-122.374401,100,3,9,NA,NA,NA,NA,NA,59.8955,62.942,0.3628525,5.368,14.799
"947","Kirkwood Ave. & Earl St. (BC)",37.728871,-122.374401,100,3,10,NA,NA,NA,NA,NA,63.2489473684211,57.1373684210526,0.327851052631579,5.32842105263158,13.6547368421053
"948","Kirkwood Ave. & Earl St. (BC)",37.728871,-122.374401,100,3,11,NA,NA,NA,NA,NA,64.9115789473684,51.7610526315789,0.265692631578947,5.45526315789474,12.5994736842105
"949","Kirkwood Ave. & Earl St. (BC)",37.728871,-122.374401,100,3,12,NA,NA,NA,NA,NA,67.6325882352941,47.4223529411765,0.235663529411765,5.31764705882353,12.7682352941176
"950","Kirkwood Ave. & Earl St. (BC)",37.728871,-122.374401,100,3,13,NA,NA,NA,NA,NA,67.8001052631579,49.7147368421053,0.165135789473684,4.81578947368421,12.0252631578947
"951","Kirkwood Ave. & Earl St. (BC)",37.728871,-122.374401,100,3,14,NA,NA,NA,NA,NA,67.556,46.5695238095238,0.16836,4.8547619047619,11.6547619047619
"952","Kirkwood Ave. & Earl St. (BC)",37.728871,-122.374401,100,3,15,NA,NA,NA,NA,NA,66.0305,48.3066666666667,0.123656666666667,4.73166666666667,11.9520833333333
"953","Kirkwood Ave. & Earl St. (BC)",37.728871,-122.374401,100,3,16,NA,NA,NA,NA,NA,64.556,49.9533333333333,0.110929259259259,4.68555555555556,12.3218518518519
"954","Kirkwood Ave. & Earl St. (BC)",37.728871,-122.374401,100,3,17,NA,NA,NA,NA,NA,62.8470344827586,53.8693103448276,0.117660344827586,4.83448275862069,12.5227586206897
"955","Kirkwood Ave. & Earl St. (BC)",37.728871,-122.374401,100,3,18,NA,NA,NA,NA,NA,60.5771724137931,57.3541379310345,0.151344482758621,4.87068965517241,12.8272413793103
"956","Kirkwood Ave. & Earl St. (BC)",37.728871,-122.374401,100,3,19,NA,NA,NA,NA,NA,58.4711724137931,62.0424137931034,0.195621034482759,5.06310344827586,13.6806896551724
"957","Kirkwood Ave. & Earl St. (BC)",37.728871,-122.374401,100,3,20,NA,NA,NA,NA,NA,57.2984,64.296,0.176429,5.23466666666667,13.2686666666667
"958","Kirkwood Ave. & Earl St. (BC)",37.728871,-122.374401,100,3,21,NA,NA,NA,NA,NA,56.3850344827586,65.6744827586207,0.182824137931034,4.91172413793103,12.8841379310345
"959","Kirkwood Ave. & Earl St. (BC)",37.728871,-122.374401,100,3,22,NA,NA,NA,NA,NA,56.1330344827586,66.0686206896552,0.162892068965517,5.09413793103448,13.0924137931034
"960","Kirkwood Ave. & Earl St. (BC)",37.728871,-122.374401,100,3,23,NA,NA,NA,NA,NA,55.484,67.936,0.160495333333333,4.99233333333333,13.3613333333333
"961","Kirkwood Ave. & Earl St. (BC)",37.728871,-122.374401,200,12,0,NA,NA,NA,NA,NA,NA,NA,NA,NA,NA
"962","Kirkwood Ave. & Earl St. (BC)",37.728871,-122.374401,200,12,1,NA,NA,NA,NA,NA,NA,NA,NA,NA,NA
"963","Kirkwood Ave. & Earl St. (BC)",37.728871,-122.374401,200,12,2,NA,NA,NA,NA,NA,NA,NA,NA,NA,NA
"964","Kirkwood Ave. & Earl St. (BC)",37.728871,-122.374401,200,12,3,NA,NA,NA,NA,NA,NA,NA,NA,NA,NA
"965","Kirkwood Ave. & Earl St. (BC)",37.728871,-122.374401,200,12,4,NA,NA,NA,NA,NA,NA,NA,NA,NA,NA
"966","Kirkwood Ave. & Earl St. (BC)",37.728871,-122.374401,200,12,5,NA,NA,NA,NA,NA,NA,NA,NA,NA,NA
"967","Kirkwood Ave. & Earl St. (BC)",37.728871,-122.374401,200,12,6,NA,NA,NA,NA,NA,NA,NA,NA,NA,NA
"968","Kirkwood Ave. & Earl St. (BC)",37.728871,-122.374401,200,12,7,NA,NA,NA,NA,NA,NA,NA,NA,NA,NA
"969","Kirkwood Ave. & Earl St. (BC)",37.728871,-122.374401,200,12,8,NA,NA,NA,NA,NA,NA,NA,NA,NA,NA
"970","Kirkwood Ave. & Earl St. (BC)",37.728871,-122.374401,200,12,9,NA,NA,NA,NA,NA,NA,NA,NA,NA,NA
"971","Kirkwood Ave. & Earl St. (BC)",37.728871,-122.374401,200,12,10,NA,NA,NA,NA,NA,NA,NA,NA,NA,NA
"972","Kirkwood Ave. & Earl St. (BC)",37.728871,-122.374401,200,12,11,NA,NA,NA,NA,NA,NA,NA,NA,NA,NA
"973","Kirkwood Ave. & Earl St. (BC)",37.728871,-122.374401,200,12,12,NA,NA,NA,NA,NA,NA,NA,NA,NA,NA
"974","Kirkwood Ave. & Earl St. (BC)",37.728871,-122.374401,200,12,13,NA,NA,NA,NA,NA,NA,NA,NA,NA,NA
"975","Kirkwood Ave. & Earl St. (BC)",37.728871,-122.374401,200,12,14,NA,NA,NA,NA,NA,NA,NA,NA,NA,NA
"976","Kirkwood Ave. & Earl St. (BC)",37.728871,-122.374401,200,12,15,NA,NA,NA,NA,NA,NA,NA,NA,NA,NA
"977","Kirkwood Ave. & Earl St. (BC)",37.728871,-122.374401,200,12,16,NA,NA,NA,NA,NA,NA,NA,NA,NA,NA
"978","Kirkwood Ave. & Earl St. (BC)",37.728871,-122.374401,200,12,17,NA,NA,NA,NA,NA,NA,NA,NA,NA,NA
"979","Kirkwood Ave. & Earl St. (BC)",37.728871,-122.374401,200,12,18,NA,NA,NA,NA,NA,NA,NA,NA,NA,NA
"980","Kirkwood Ave. & Earl St. (BC)",37.728871,-122.374401,200,12,19,NA,NA,NA,NA,NA,NA,NA,NA,NA,NA
"981","Kirkwood Ave. & Earl St. (BC)",37.728871,-122.374401,200,12,20,NA,NA,NA,NA,NA,NA,NA,NA,NA,NA
"982","Kirkwood Ave. & Earl St. (BC)",37.728871,-122.374401,200,12,21,NA,NA,NA,NA,NA,NA,NA,NA,NA,NA
"983","Kirkwood Ave. & Earl St. (BC)",37.728871,-122.374401,200,12,22,NA,NA,NA,NA,NA,NA,NA,NA,NA,NA
"984","Kirkwood Ave. & Earl St. (BC)",37.728871,-122.374401,200,12,23,NA,NA,NA,NA,NA,NA,NA,NA,NA,NA
"985","Kirkwood Ave. & Earl St. (BC)",37.728871,-122.374401,200,1,0,NA,NA,NA,NA,NA,52.871,62.91,0.39205125,7.77375,13.65875
"986","Kirkwood Ave. & Earl St. (BC)",37.728871,-122.374401,200,1,1,NA,NA,NA,NA,NA,52.83725,62.435,0.5440875,8.0825,13.61875
"987","Kirkwood Ave. & Earl St. (BC)",37.728871,-122.374401,200,1,2,NA,NA,NA,NA,NA,52.64375,63.0275,0.36594,7.715,13.79625
"988","Kirkwood Ave. & Earl St. (BC)",37.728871,-122.374401,200,1,3,NA,NA,NA,NA,NA,52.214,64.71375,0.40684875,8.09625,14.67125
"989","Kirkwood Ave. & Earl St. (BC)",37.728871,-122.374401,200,1,4,NA,NA,NA,NA,NA,51.728,64.3475,0.5701675,8.7525,14.46875
"990","Kirkwood Ave. & Earl St. (BC)",37.728871,-122.374401,200,1,5,NA,NA,NA,NA,NA,51.3005,64.89125,0.4230325,8.2825,13.84875
"991","Kirkwood Ave. & Earl St. (BC)",37.728871,-122.374401,200,1,6,NA,NA,NA,NA,NA,50.9225,64.895,0.39853625,7.5675,14.36125
"992","Kirkwood Ave. & Earl St. (BC)",37.728871,-122.374401,200,1,7,NA,NA,NA,NA,NA,51.053,64.6325,0.4711625,7.7025,15.1675
"993","Kirkwood Ave. & Earl St. (BC)",37.728871,-122.374401,200,1,8,NA,NA,NA,NA,NA,53.20175,61.45875,0.65398625,9.23125,16.5125
"994","Kirkwood Ave. & Earl St. (BC)",37.728871,-122.374401,200,1,9,NA,NA,NA,NA,NA,56.2595,56.64,0.49126625,9.76875,15.49125
"995","Kirkwood Ave. & Earl St. (BC)",37.728871,-122.374401,200,1,10,NA,NA,NA,NA,NA,57.80975,53.51875,0.43595125,9.5825,14.87375
"996","Kirkwood Ave. & Earl St. (BC)",37.728871,-122.374401,200,1,11,NA,NA,NA,NA,NA,59.9,49.5966666666667,0.480383333333333,10.3977777777778,14.8177777777778
"997","Kirkwood Ave. & Earl St. (BC)",37.728871,-122.374401,200,1,12,NA,NA,NA,NA,NA,61.644,45.6844444444444,0.427444444444444,9.99444444444445,13.9633333333333
"998","Kirkwood Ave. & Earl St. (BC)",37.728871,-122.374401,200,1,13,NA,NA,NA,NA,NA,63.322,43.5133333333333,0.378136666666667,8.89888888888889,13.2033333333333
"999","Kirkwood Ave. & Earl St. (BC)",37.728871,-122.374401,200,1,14,NA,NA,NA,NA,NA,63.534,42.6788888888889,0.318856666666667,8.39888888888889,12.4066666666667
"1000","Kirkwood Ave. & Earl St. (BC)",37.728871,-122.374401,200,1,15,NA,NA,NA,NA,NA,62.718,42.9844444444444,0.302316666666667,7.98666666666667,12.5522222222222
"1001","Kirkwood Ave. & Earl St. (BC)",37.728871,-122.374401,200,1,16,NA,NA,NA,NA,NA,61.06,46.4944444444444,0.245071111111111,7.51111111111111,12.9288888888889
"1002","Kirkwood Ave. & Earl St. (BC)",37.728871,-122.374401,200,1,17,NA,NA,NA,NA,NA,58.064,51.9244444444444,0.261724444444444,7.37111111111111,14.5944444444444
"1003","Kirkwood Ave. & Earl St. (BC)",37.728871,-122.374401,200,1,18,NA,NA,NA,NA,NA,55.814,57.0222222222222,0.257836666666667,6.67222222222222,13.5055555555556
"1004","Kirkwood Ave. & Earl St. (BC)",37.728871,-122.374401,200,1,19,NA,NA,NA,NA,NA,54.836,59.3677777777778,0.281907777777778,6.90111111111111,13.6911111111111
"1005","Kirkwood Ave. & Earl St. (BC)",37.728871,-122.374401,200,1,20,NA,NA,NA,NA,NA,54.01,60.5144444444444,0.379361111111111,8.15111111111111,14.7288888888889
"1006","Kirkwood Ave. & Earl St. (BC)",37.728871,-122.374401,200,1,21,NA,NA,NA,NA,NA,53.644,60.2933333333333,0.30292,7.43777777777778,14.4466666666667
"1007","Kirkwood Ave. & Earl St. (BC)",37.728871,-122.374401,200,1,22,NA,NA,NA,NA,NA,53.638,61.1422222222222,0.330397777777778,7.38,14.2977777777778
"1008","Kirkwood Ave. & Earl St. (BC)",37.728871,-122.374401,200,1,23,NA,NA,NA,NA,NA,53.53,63.7522222222222,0.316908888888889,7.48333333333333,13.6833333333333
"1009","Kirkwood Ave. & Earl St. (BC)",37.728871,-122.374401,200,2,0,NA,NA,NA,NA,NA,54.62,70.757037037037,0.251358148148148,5.03444444444444,14.4492592592593
"1010","Kirkwood Ave. & Earl St. (BC)",37.728871,-122.374401,200,2,1,NA,NA,NA,NA,NA,54.2544285714286,71.8914285714286,0.256444285714286,4.88928571428571,14.0310714285714
"1011","Kirkwood Ave. & Earl St. (BC)",37.728871,-122.374401,200,2,2,NA,NA,NA,NA,NA,53.6926666666667,72.9044444444444,0.370291481481481,5.04962962962963,14.3511111111111
"1012","Kirkwood Ave. & Earl St. (BC)",37.728871,-122.374401,200,2,3,NA,NA,NA,NA,NA,53.6366428571429,73.9985714285714,0.308761428571429,4.8975,14.0532142857143
"1013","Kirkwood Ave. & Earl St. (BC)",37.728871,-122.374401,200,2,4,NA,NA,NA,NA,NA,53.2342142857143,74.5967857142857,0.335753214285714,4.95714285714286,14.4157142857143
"1014","Kirkwood Ave. & Earl St. (BC)",37.728871,-122.374401,200,2,5,NA,NA,NA,NA,NA,52.9847857142857,74.9664285714286,0.355329285714286,5.04964285714286,15.01
"1015","Kirkwood Ave. & Earl St. (BC)",37.728871,-122.374401,200,2,6,NA,NA,NA,NA,NA,52.8954285714286,75.0457142857143,0.384509642857143,5.29321428571429,15.7167857142857
"1016","Kirkwood Ave. & Earl St. (BC)",37.728871,-122.374401,200,2,7,NA,NA,NA,NA,NA,53.3023571428571,74.4746428571429,0.466090357142857,5.265,16.4314285714286
"1017","Kirkwood Ave. & Earl St. (BC)",37.728871,-122.374401,200,2,8,NA,NA,NA,NA,NA,55.9933571428571,70.1067857142857,0.625778571428572,5.72785714285714,16.6742857142857
"1018","Kirkwood Ave. & Earl St. (BC)",37.728871,-122.374401,200,2,9,NA,NA,NA,NA,NA,58.835,64.9170833333333,0.46788625,5.87833333333333,14.4466666666667
"1019","Kirkwood Ave. & Earl St. (BC)",37.728871,-122.374401,200,2,10,NA,NA,NA,NA,NA,61.3780769230769,60.7903846153846,0.380549230769231,5.90961538461538,14.0407692307692
"1020","Kirkwood Ave. & Earl St. (BC)",37.728871,-122.374401,200,2,11,NA,NA,NA,NA,NA,62.28575,58.9954166666667,0.38154875,6.02916666666667,13.8104166666667
"1021","Kirkwood Ave. & Earl St. (BC)",37.728871,-122.374401,200,2,12,NA,NA,NA,NA,NA,64.96232,54.0964,0.2859948,5.4992,12.3688
"1022","Kirkwood Ave. & Earl St. (BC)",37.728871,-122.374401,200,2,13,NA,NA,NA,NA,NA,66.454347826087,50.294347826087,0.268601304347826,5.92347826086957,11.6386956521739
"1023","Kirkwood Ave. & Earl St. (BC)",37.728871,-122.374401,200,2,14,NA,NA,NA,NA,NA,66.3326666666667,50.5751851851852,0.216166296296296,4.95962962962963,11.2333333333333
"1024","Kirkwood Ave. & Earl St. (BC)",37.728871,-122.374401,200,2,15,NA,NA,NA,NA,NA,65.6486666666667,51.9196296296296,0.152772962962963,4.65814814814815,11.6751851851852
"1025","Kirkwood Ave. & Earl St. (BC)",37.728871,-122.374401,200,2,16,NA,NA,NA,NA,NA,64.211,52.8546153846154,0.150985384615385,4.73,12.1461538461538
"1026","Kirkwood Ave. & Earl St. (BC)",37.728871,-122.374401,200,2,17,NA,NA,NA,NA,NA,61.0666666666667,58.51,0.179235555555556,5.01222222222222,13.3459259259259
"1027","Kirkwood Ave. & Earl St. (BC)",37.728871,-122.374401,200,2,18,NA,NA,NA,NA,NA,58.6753571428571,63.6478571428571,0.222182142857143,5.25321428571429,14.2075
"1028","Kirkwood Ave. & Earl St. (BC)",37.728871,-122.374401,200,2,19,NA,NA,NA,NA,NA,57.5683571428571,65.8971428571429,0.203351785714286,5.24321428571429,14.0585714285714
"1029","Kirkwood Ave. & Earl St. (BC)",37.728871,-122.374401,200,2,20,NA,NA,NA,NA,NA,56.8438571428571,67.6,0.211199642857143,5.21428571428571,13.8135714285714
"1030","Kirkwood Ave. & Earl St. (BC)",37.728871,-122.374401,200,2,21,NA,NA,NA,NA,NA,56.024,68.1244444444444,0.230551851851852,5.10814814814815,14.3403703703704
"1031","Kirkwood Ave. & Earl St. (BC)",37.728871,-122.374401,200,2,22,NA,NA,NA,NA,NA,55.3235,69.4853571428571,0.270770357142857,5.1875,14.0935714285714
"1032","Kirkwood Ave. & Earl St. (BC)",37.728871,-122.374401,200,2,23,NA,NA,NA,NA,NA,54.8863571428571,70.2664285714286,0.222167857142857,5.08,13.9332142857143
"1033","Kirkwood Ave. & Earl St. (BC)",37.728871,-122.374401,200,3,0,NA,NA,NA,NA,NA,54.8672,68.407,0.165565666666667,5.03333333333333,12.8433333333333
"1034","Kirkwood Ave. & Earl St. (BC)",37.728871,-122.374401,200,3,1,NA,NA,NA,NA,NA,54.7625517241379,68.7727586206897,0.152576206896552,5.05241379310345,13.1631034482759
"1035","Kirkwood Ave. & Earl St. (BC)",37.728871,-122.374401,200,3,2,NA,NA,NA,NA,NA,54.3348965517241,69.5272413793103,0.144183448275862,4.93344827586207,12.7696551724138
"1036","Kirkwood Ave. & Earl St. (BC)",37.728871,-122.374401,200,3,3,NA,NA,NA,NA,NA,53.9935172413793,70.7237931034483,0.267172413793103,5.21448275862069,13.5948275862069
"1037","Kirkwood Ave. & Earl St. (BC)",37.728871,-122.374401,200,3,4,NA,NA,NA,NA,NA,53.6477931034483,71.8403448275862,0.209560344827586,5.01620689655172,13.4503448275862
"1038","Kirkwood Ave. & Earl St. (BC)",37.728871,-122.374401,200,3,5,NA,NA,NA,NA,NA,53.5385517241379,72.2972413793103,0.203434137931034,5.07241379310345,13.6465517241379
"1039","Kirkwood Ave. & Earl St. (BC)",37.728871,-122.374401,200,3,6,NA,NA,NA,NA,NA,53.3156,72.5143333333333,0.217162,4.988,14.204
"1040","Kirkwood Ave. & Earl St. (BC)",37.728871,-122.374401,200,3,7,NA,NA,NA,NA,NA,53.7236,71.8106666666667,0.349014666666667,5.085,16.115
"1041","Kirkwood Ave. & Earl St. (BC)",37.728871,-122.374401,200,3,8,NA,NA,NA,NA,NA,55.9997857142857,68.3714285714286,0.632515714285714,5.34857142857143,16.6839285714286
"1042","Kirkwood Ave. & Earl St. (BC)",37.728871,-122.374401,200,3,9,NA,NA,NA,NA,NA,59.8955,62.942,0.3628525,5.368,14.799
"1043","Kirkwood Ave. & Earl St. (BC)",37.728871,-122.374401,200,3,10,NA,NA,NA,NA,NA,63.2489473684211,57.1373684210526,0.327851052631579,5.32842105263158,13.6547368421053
"1044","Kirkwood Ave. & Earl St. (BC)",37.728871,-122.374401,200,3,11,NA,NA,NA,NA,NA,64.9115789473684,51.7610526315789,0.265692631578947,5.45526315789474,12.5994736842105
"1045","Kirkwood Ave. & Earl St. (BC)",37.728871,-122.374401,200,3,12,NA,NA,NA,NA,NA,67.6325882352941,47.4223529411765,0.235663529411765,5.31764705882353,12.7682352941176
"1046","Kirkwood Ave. & Earl St. (BC)",37.728871,-122.374401,200,3,13,NA,NA,NA,NA,NA,67.8001052631579,49.7147368421053,0.165135789473684,4.81578947368421,12.0252631578947
"1047","Kirkwood Ave. & Earl St. (BC)",37.728871,-122.374401,200,3,14,NA,NA,NA,NA,NA,67.556,46.5695238095238,0.16836,4.8547619047619,11.6547619047619
"1048","Kirkwood Ave. & Earl St. (BC)",37.728871,-122.374401,200,3,15,NA,NA,NA,NA,NA,66.0305,48.3066666666667,0.123656666666667,4.73166666666667,11.9520833333333
"1049","Kirkwood Ave. & Earl St. (BC)",37.728871,-122.374401,200,3,16,NA,NA,NA,NA,NA,64.556,49.9533333333333,0.110929259259259,4.68555555555556,12.3218518518519
"1050","Kirkwood Ave. & Earl St. (BC)",37.728871,-122.374401,200,3,17,NA,NA,NA,NA,NA,62.8470344827586,53.8693103448276,0.117660344827586,4.83448275862069,12.5227586206897
"1051","Kirkwood Ave. & Earl St. (BC)",37.728871,-122.374401,200,3,18,NA,NA,NA,NA,NA,60.5771724137931,57.3541379310345,0.151344482758621,4.87068965517241,12.8272413793103
"1052","Kirkwood Ave. & Earl St. (BC)",37.728871,-122.374401,200,3,19,NA,NA,NA,NA,NA,58.4711724137931,62.0424137931034,0.195621034482759,5.06310344827586,13.6806896551724
"1053","Kirkwood Ave. & Earl St. (BC)",37.728871,-122.374401,200,3,20,NA,NA,NA,NA,NA,57.2984,64.296,0.176429,5.23466666666667,13.2686666666667
"1054","Kirkwood Ave. & Earl St. (BC)",37.728871,-122.374401,200,3,21,NA,NA,NA,NA,NA,56.3850344827586,65.6744827586207,0.182824137931034,4.91172413793103,12.8841379310345
"1055","Kirkwood Ave. & Earl St. (BC)",37.728871,-122.374401,200,3,22,NA,NA,NA,NA,NA,56.1330344827586,66.0686206896552,0.162892068965517,5.09413793103448,13.0924137931034
"1056","Kirkwood Ave. & Earl St. (BC)",37.728871,-122.374401,200,3,23,NA,NA,NA,NA,NA,55.484,67.936,0.160495333333333,4.99233333333333,13.3613333333333
"1057","Kirkwood Ave. & Earl St. (BC)",37.728871,-122.374401,300,12,0,26.0614,1,NA,NA,NA,NA,NA,NA,NA,NA
"1058","Kirkwood Ave. & Earl St. (BC)",37.728871,-122.374401,300,12,1,24.550385,1,NA,NA,NA,NA,NA,NA,NA,NA
"1059","Kirkwood Ave. & Earl St. (BC)",37.728871,-122.374401,300,12,2,24.68434,1,NA,NA,NA,NA,NA,NA,NA,NA
"1060","Kirkwood Ave. & Earl St. (BC)",37.728871,-122.374401,300,12,3,24.1645,1.0077145,NA,NA,NA,NA,NA,NA,NA,NA
"1061","Kirkwood Ave. & Earl St. (BC)",37.728871,-122.374401,300,12,4,24.23546,1,NA,NA,NA,NA,NA,NA,NA,NA
"1062","Kirkwood Ave. & Earl St. (BC)",37.728871,-122.374401,300,12,5,23.211675,1.0496155,25.248625,-2.04,-8.06,NA,NA,NA,NA,NA
"1063","Kirkwood Ave. & Earl St. (BC)",37.728871,-122.374401,300,12,6,22.41866,1.0815355,24.931,-2.51,-9.975,NA,NA,NA,NA,NA
"1064","Kirkwood Ave. & Earl St. (BC)",37.728871,-122.374401,300,12,7,21.38645,1.138346,23.039,-1.89,-8.21,NA,NA,NA,NA,NA
"1065","Kirkwood Ave. & Earl St. (BC)",37.728871,-122.374401,300,12,8,21.3708,1.140199,28.1365,-6.765,-23.99,NA,NA,NA,NA,NA
"1066","Kirkwood Ave. & Earl St. (BC)",37.728871,-122.374401,300,12,9,22.095405,1.0956295,26.6355,-4.54,-16.72,NA,NA,NA,NA,NA
"1067","Kirkwood Ave. & Earl St. (BC)",37.728871,-122.374401,300,12,10,22.629965,1.0857155,27.567,-5.08,-18.41,NA,NA,NA,NA,NA
"1068","Kirkwood Ave. & Earl St. (BC)",37.728871,-122.374401,300,12,11,21.885245,1.1029965,27.87899,-5.995,-21.385,NA,NA,NA,NA,NA
"1069","Kirkwood Ave. & Earl St. (BC)",37.728871,-122.374401,300,12,12,21.88004,1.1225165,NA,NA,NA,NA,NA,NA,NA,NA
"1070","Kirkwood Ave. & Earl St. (BC)",37.728871,-122.374401,300,12,13,21.92939,1.121394,NA,NA,NA,NA,NA,NA,NA,NA
"1071","Kirkwood Ave. & Earl St. (BC)",37.728871,-122.374401,300,12,14,22.4545,1.0805175,26.682095,-4.23,-15.825,NA,NA,NA,NA,NA
"1072","Kirkwood Ave. & Earl St. (BC)",37.728871,-122.374401,300,12,15,22.719995,1.0595185,26.1905,-3.47,-13.06,NA,NA,NA,NA,NA
"1073","Kirkwood Ave. & Earl St. (BC)",37.728871,-122.374401,300,12,16,23.441685,1.041033,25.13614,-1.695,-6.68,NA,NA,NA,NA,NA
"1074","Kirkwood Ave. & Earl St. (BC)",37.728871,-122.374401,300,12,17,22.827245,1.0653175,25.794,-2.97,-11.505,NA,NA,NA,NA,NA
"1075","Kirkwood Ave. & Earl St. (BC)",37.728871,-122.374401,300,12,18,21.90216,1.0846465,26.452,-4.21,-15.92,NA,NA,NA,NA,NA
"1076","Kirkwood Ave. & Earl St. (BC)",37.728871,-122.374401,300,12,19,23.043555,1.031927,26.59308,-2.77,-10.43,NA,NA,NA,NA,NA
"1077","Kirkwood Ave. & Earl St. (BC)",37.728871,-122.374401,300,12,20,24.053695,1.009055,25.318,-1.265,-4.915,NA,NA,NA,NA,NA
"1078","Kirkwood Ave. & Earl St. (BC)",37.728871,-122.374401,300,12,21,23.333185,1.0352845,26.06497,-1.52,-5.82,NA,NA,NA,NA,NA
"1079","Kirkwood Ave. & Earl St. (BC)",37.728871,-122.374401,300,12,22,23.674245,1.016508,25.61,-1.935,-6.755,NA,NA,NA,NA,NA
"1080","Kirkwood Ave. & Earl St. (BC)",37.728871,-122.374401,300,12,23,26.63127,1,28.016,-0.95,-3.39,NA,NA,NA,NA,NA
"1081","Kirkwood Ave. & Earl St. (BC)",37.728871,-122.374401,300,1,0,24.78686,1.0039595,30.74,-5.75,-18.71,52.871,62.91,0.39205125,7.77375,13.65875
"1082","Kirkwood Ave. & Earl St. (BC)",37.728871,-122.374401,300,1,1,23.12649,1.0131485,NA,NA,NA,52.83725,62.435,0.5440875,8.0825,13.61875
"1083","Kirkwood Ave. & Earl St. (BC)",37.728871,-122.374401,300,1,2,22.0885,1.0552695,NA,NA,NA,52.64375,63.0275,0.36594,7.715,13.79625
"1084","Kirkwood Ave. & Earl St. (BC)",37.728871,-122.374401,300,1,3,24.76,1,NA,NA,NA,52.214,64.71375,0.40684875,8.09625,14.67125
"1085","Kirkwood Ave. & Earl St. (BC)",37.728871,-122.374401,300,1,4,23.82001,1.05464,NA,NA,NA,51.728,64.3475,0.5701675,8.7525,14.46875
"1086","Kirkwood Ave. & Earl St. (BC)",37.728871,-122.374401,300,1,5,24.46198,1.0122015,25.248625,-0.785,-3.115,51.3005,64.89125,0.4230325,8.2825,13.84875
"1087","Kirkwood Ave. & Earl St. (BC)",37.728871,-122.374401,300,1,6,21.75998,1.1141185,24.931,-3.17,-12.795,50.9225,64.895,0.39853625,7.5675,14.36125
"1088","Kirkwood Ave. & Earl St. (BC)",37.728871,-122.374401,300,1,7,21.173425,1.1467165,23.039,-1.48,-6.41,51.053,64.6325,0.4711625,7.7025,15.1675
"1089","Kirkwood Ave. & Earl St. (BC)",37.728871,-122.374401,300,1,8,20.73226,1.1811085,28.1365,-7.405,-26.32,53.20175,61.45875,0.65398625,9.23125,16.5125
"1090","Kirkwood Ave. & Earl St. (BC)",37.728871,-122.374401,300,1,9,22.909595,1.0606005,26.6355,-3.725,-13.53,56.2595,56.64,0.49126625,9.76875,15.49125
"1091","Kirkwood Ave. & Earl St. (BC)",37.728871,-122.374401,300,1,10,22.897305,1.078011,27.567,-5.03,-18.24,57.80975,53.51875,0.43595125,9.5825,14.87375
"1092","Kirkwood Ave. & Earl St. (BC)",37.728871,-122.374401,300,1,11,21.78585,1.1381225,27.87899,-6.095,-21.74,59.9,49.5966666666667,0.480383333333333,10.3977777777778,14.8177777777778
"1093","Kirkwood Ave. & Earl St. (BC)",37.728871,-122.374401,300,1,12,22.00546,1.1083405,NA,NA,NA,61.644,45.6844444444444,0.427444444444444,9.99444444444445,13.9633333333333
"1094","Kirkwood Ave. & Earl St. (BC)",37.728871,-122.374401,300,1,13,21.361545,1.143197,NA,NA,NA,63.322,43.5133333333333,0.378136666666667,8.89888888888889,13.2033333333333
"1095","Kirkwood Ave. & Earl St. (BC)",37.728871,-122.374401,300,1,14,22.42691,1.090208,26.682095,-4.255,-15.885,63.534,42.6788888888889,0.318856666666667,8.39888888888889,12.4066666666667
"1096","Kirkwood Ave. & Earl St. (BC)",37.728871,-122.374401,300,1,15,22.084495,1.0912975,26.1905,-4.105,-15.33,62.718,42.9844444444444,0.302316666666667,7.98666666666667,12.5522222222222
"1097","Kirkwood Ave. & Earl St. (BC)",37.728871,-122.374401,300,1,16,22.478145,1.0829755,25.13614,-2.66,-10.525,61.06,46.4944444444444,0.245071111111111,7.51111111111111,12.9288888888889
"1098","Kirkwood Ave. & Earl St. (BC)",37.728871,-122.374401,300,1,17,22.250385,1.0846255,25.794,-3.545,-13.67,58.064,51.9244444444444,0.261724444444444,7.37111111111111,14.5944444444444
"1099","Kirkwood Ave. & Earl St. (BC)",37.728871,-122.374401,300,1,18,22.4947,1.0534885,26.452,-3.67,-13.86,55.814,57.0222222222222,0.257836666666667,6.67222222222222,13.5055555555556
"1100","Kirkwood Ave. & Earl St. (BC)",37.728871,-122.374401,300,1,19,24.046265,1.0340915,26.59308,-2.71,-10.21,54.836,59.3677777777778,0.281907777777778,6.90111111111111,13.6911111111111
"1101","Kirkwood Ave. & Earl St. (BC)",37.728871,-122.374401,300,1,20,24.665635,1,25.318,-0.65,-2.415,54.01,60.5144444444444,0.379361111111111,8.15111111111111,14.7288888888889
"1102","Kirkwood Ave. & Earl St. (BC)",37.728871,-122.374401,300,1,21,25.194385,1,26.06497,-1.3,-4.98,53.644,60.2933333333333,0.30292,7.43777777777778,14.4466666666667
"1103","Kirkwood Ave. & Earl St. (BC)",37.728871,-122.374401,300,1,22,24.17251,1.055824,25.61,-1.435,-5.545,53.638,61.1422222222222,0.330397777777778,7.38,14.2977777777778
"1104","Kirkwood Ave. & Earl St. (BC)",37.728871,-122.374401,300,1,23,22.96809,1.0418045,28.016,-4.51,-16.1,53.53,63.7522222222222,0.316908888888889,7.48333333333333,13.6833333333333
"1105","Kirkwood Ave. & Earl St. (BC)",37.728871,-122.374401,300,2,0,24.240375,1.0607935,30.74,-9.64,-31.36,54.62,70.757037037037,0.251358148148148,5.03444444444444,14.4492592592593
"1106","Kirkwood Ave. & Earl St. (BC)",37.728871,-122.374401,300,2,1,25.034665,1.077918,NA,NA,NA,54.2544285714286,71.8914285714286,0.256444285714286,4.88928571428571,14.0310714285714
"1107","Kirkwood Ave. & Earl St. (BC)",37.728871,-122.374401,300,2,2,24.75221,1,NA,NA,NA,53.6926666666667,72.9044444444444,0.370291481481481,5.04962962962963,14.3511111111111
"1108","Kirkwood Ave. & Earl St. (BC)",37.728871,-122.374401,300,2,3,24.900335,1,NA,NA,NA,53.6366428571429,73.9985714285714,0.308761428571429,4.8975,14.0532142857143
"1109","Kirkwood Ave. & Earl St. (BC)",37.728871,-122.374401,300,2,4,24.223205,1.0336205,NA,NA,NA,53.2342142857143,74.5967857142857,0.335753214285714,4.95714285714286,14.4157142857143
"1110","Kirkwood Ave. & Earl St. (BC)",37.728871,-122.374401,300,2,5,25.443125,1.042515,25.248625,0.195,0.81,52.9847857142857,74.9664285714286,0.355329285714286,5.04964285714286,15.01
"1111","Kirkwood Ave. & Earl St. (BC)",37.728871,-122.374401,300,2,6,21.88321,1.13342,24.931,-3.05,-12.17,52.8954285714286,75.0457142857143,0.384509642857143,5.29321428571429,15.7167857142857
"1112","Kirkwood Ave. & Earl St. (BC)",37.728871,-122.374401,300,2,7,20.10917,1.230618,23.039,-2.66,-11.56,53.3023571428571,74.4746428571429,0.466090357142857,5.265,16.4314285714286
"1113","Kirkwood Ave. & Earl St. (BC)",37.728871,-122.374401,300,2,8,20.09375,1.2129595,28.1365,-8.045,-28.515,55.9933571428571,70.1067857142857,0.625778571428572,5.72785714285714,16.6742857142857
"1114","Kirkwood Ave. & Earl St. (BC)",37.728871,-122.374401,300,2,9,20.5855,1.194784,26.6355,-6.05,-22.335,58.835,64.9170833333333,0.46788625,5.87833333333333,14.4466666666667
"1115","Kirkwood Ave. & Earl St. (BC)",37.728871,-122.374401,300,2,10,21.119,1.1558225,27.567,-6.24,-22.64,61.3780769230769,60.7903846153846,0.380549230769231,5.90961538461538,14.0407692307692
"1116","Kirkwood Ave. & Earl St. (BC)",37.728871,-122.374401,300,2,11,20.324665,1.206136,27.87899,-7.555,-27.025,62.28575,58.9954166666667,0.38154875,6.02916666666667,13.8104166666667
"1117","Kirkwood Ave. & Earl St. (BC)",37.728871,-122.374401,300,2,12,20.30517,1.2010785,NA,NA,NA,64.96232,54.0964,0.2859948,5.4992,12.3688
"1118","Kirkwood Ave. & Earl St. (BC)",37.728871,-122.374401,300,2,13,20.16446,1.224298,NA,NA,NA,66.454347826087,50.294347826087,0.268601304347826,5.92347826086957,11.6386956521739
"1119","Kirkwood Ave. & Earl St. (BC)",37.728871,-122.374401,300,2,14,21.04575,1.1626935,26.682095,-5.64,-21.135,66.3326666666667,50.5751851851852,0.216166296296296,4.95962962962963,11.2333333333333
"1120","Kirkwood Ave. & Earl St. (BC)",37.728871,-122.374401,300,2,15,20.760415,1.1676385,26.1905,-5.43,-20.49,65.6486666666667,51.9196296296296,0.152772962962963,4.65814814814815,11.6751851851852
"1121","Kirkwood Ave. & Earl St. (BC)",37.728871,-122.374401,300,2,16,21.89079,1.1314895,25.13614,-3.245,-12.86,64.211,52.8546153846154,0.150985384615385,4.73,12.1461538461538
"1122","Kirkwood Ave. & Earl St. (BC)",37.728871,-122.374401,300,2,17,21.75446,1.1086225,25.794,-4.035,-15.58,61.0666666666667,58.51,0.179235555555556,5.01222222222222,13.3459259259259
"1123","Kirkwood Ave. & Earl St. (BC)",37.728871,-122.374401,300,2,18,21.831045,1.1177965,26.452,-4.4,-16.62,58.6753571428571,63.6478571428571,0.222182142857143,5.25321428571429,14.2075
"1124","Kirkwood Ave. & Earl St. (BC)",37.728871,-122.374401,300,2,19,22.66483,1.0884355,26.59308,-4.03,-15.14,57.5683571428571,65.8971428571429,0.203351785714286,5.24321428571429,14.0585714285714
"1125","Kirkwood Ave. & Earl St. (BC)",37.728871,-122.374401,300,2,20,22.781415,1.0637535,25.318,-2.535,-9.98,56.8438571428571,67.6,0.211199642857143,5.21428571428571,13.8135714285714
"1126","Kirkwood Ave. & Earl St. (BC)",37.728871,-122.374401,300,2,21,22.818125,1.0715425,26.06497,-2.53,-9.7,56.024,68.1244444444444,0.230551851851852,5.10814814814815,14.3403703703704
"1127","Kirkwood Ave. & Earl St. (BC)",37.728871,-122.374401,300,2,22,22.913,1.0620155,25.61,-2.695,-9.965,55.3235,69.4853571428571,0.270770357142857,5.1875,14.0935714285714
"1128","Kirkwood Ave. & Earl St. (BC)",37.728871,-122.374401,300,2,23,24.420625,1.00481,28.016,-2.77,-9.89,54.8863571428571,70.2664285714286,0.222167857142857,5.08,13.9332142857143
"1129","Kirkwood Ave. & Earl St. (BC)",37.728871,-122.374401,300,3,0,24.523625,1.0656435,30.74,-9.73,-31.64,54.8672,68.407,0.165565666666667,5.03333333333333,12.8433333333333
"1130","Kirkwood Ave. & Earl St. (BC)",37.728871,-122.374401,300,3,1,25.443085,1.075991,NA,NA,NA,54.7625517241379,68.7727586206897,0.152576206896552,5.05241379310345,13.1631034482759
"1131","Kirkwood Ave. & Earl St. (BC)",37.728871,-122.374401,300,3,2,24.913665,1,NA,NA,NA,54.3348965517241,69.5272413793103,0.144183448275862,4.93344827586207,12.7696551724138
"1132","Kirkwood Ave. & Earl St. (BC)",37.728871,-122.374401,300,3,3,25.106085,1,NA,NA,NA,53.9935172413793,70.7237931034483,0.267172413793103,5.21448275862069,13.5948275862069
"1133","Kirkwood Ave. & Earl St. (BC)",37.728871,-122.374401,300,3,4,24.523295,1.0331705,NA,NA,NA,53.6477931034483,71.8403448275862,0.209560344827586,5.01620689655172,13.4503448275862
"1134","Kirkwood Ave. & Earl St. (BC)",37.728871,-122.374401,300,3,5,26.316415,1.025839,25.248625,1.07,4.265,53.5385517241379,72.2972413793103,0.203434137931034,5.07241379310345,13.6465517241379
"1135","Kirkwood Ave. & Earl St. (BC)",37.728871,-122.374401,300,3,6,22.87579,1.07776,24.931,-2.055,-8.175,53.3156,72.5143333333333,0.217162,4.988,14.204
"1136","Kirkwood Ave. & Earl St. (BC)",37.728871,-122.374401,300,3,7,21.469455,1.1583815,23.039,-1.01,-4.37,53.7236,71.8106666666667,0.349014666666667,5.085,16.115
"1137","Kirkwood Ave. & Earl St. (BC)",37.728871,-122.374401,300,3,8,21.7485,1.126935,28.1365,-6.385,-22.705,55.9997857142857,68.3714285714286,0.632515714285714,5.34857142857143,16.6839285714286
"1138","Kirkwood Ave. & Earl St. (BC)",37.728871,-122.374401,300,3,9,23.201875,1.059764,26.6355,-3.435,-12.43,59.8955,62.942,0.3628525,5.368,14.799
"1139","Kirkwood Ave. & Earl St. (BC)",37.728871,-122.374401,300,3,10,23.12821,1.061704,27.567,-4.55,-16.52,63.2489473684211,57.1373684210526,0.327851052631579,5.32842105263158,13.6547368421053
"1140","Kirkwood Ave. & Earl St. (BC)",37.728871,-122.374401,300,3,11,22.712915,1.087811,27.87899,-5.165,-18.46,64.9115789473684,51.7610526315789,0.265692631578947,5.45526315789474,12.5994736842105
"1141","Kirkwood Ave. & Earl St. (BC)",37.728871,-122.374401,300,3,12,22.077875,1.1134025,NA,NA,NA,67.6325882352941,47.4223529411765,0.235663529411765,5.31764705882353,12.7682352941176
"1142","Kirkwood Ave. & Earl St. (BC)",37.728871,-122.374401,300,3,13,21.631915,1.1319995,NA,NA,NA,67.8001052631579,49.7147368421053,0.165135789473684,4.81578947368421,12.0252631578947
"1143","Kirkwood Ave. & Earl St. (BC)",37.728871,-122.374401,300,3,14,23.24292,1.055869,26.682095,-3.44,-12.905,67.556,46.5695238095238,0.16836,4.8547619047619,11.6547619047619
"1144","Kirkwood Ave. & Earl St. (BC)",37.728871,-122.374401,300,3,15,23.17717,1.050173,26.1905,-3.01,-11.34,66.0305,48.3066666666667,0.123656666666667,4.73166666666667,11.9520833333333
"1145","Kirkwood Ave. & Earl St. (BC)",37.728871,-122.374401,300,3,16,23.773125,1.0408265,25.13614,-1.365,-5.385,64.556,49.9533333333333,0.110929259259259,4.68555555555556,12.3218518518519
"1146","Kirkwood Ave. & Earl St. (BC)",37.728871,-122.374401,300,3,17,22.73167,1.085669,25.794,-3.06,-11.805,62.8470344827586,53.8693103448276,0.117660344827586,4.83448275862069,12.5227586206897
"1147","Kirkwood Ave. & Earl St. (BC)",37.728871,-122.374401,300,3,18,23.06729,1.05768,26.452,-2.61,-9.88,60.5771724137931,57.3541379310345,0.151344482758621,4.87068965517241,12.8272413793103
"1148","Kirkwood Ave. & Earl St. (BC)",37.728871,-122.374401,300,3,19,23.205165,1.0453855,26.59308,-3.58,-13.45,58.4711724137931,62.0424137931034,0.195621034482759,5.06310344827586,13.6806896551724
"1149","Kirkwood Ave. & Earl St. (BC)",37.728871,-122.374401,300,3,20,23.222455,1.0486915,25.318,-2.095,-8.285,57.2984,64.296,0.176429,5.23466666666667,13.2686666666667
"1150","Kirkwood Ave. & Earl St. (BC)",37.728871,-122.374401,300,3,21,24.09675,1.0232185,26.06497,-0.95,-3.65,56.3850344827586,65.6744827586207,0.182824137931034,4.91172413793103,12.8841379310345
"1151","Kirkwood Ave. & Earl St. (BC)",37.728871,-122.374401,300,3,22,23.373045,1.035406,25.61,-2.24,-8.105,56.1330344827586,66.0686206896552,0.162892068965517,5.09413793103448,13.0924137931034
"1152","Kirkwood Ave. & Earl St. (BC)",37.728871,-122.374401,300,3,23,24.750415,1,28.016,-2.7,-9.64,55.484,67.936,0.160495333333333,4.99233333333333,13.3613333333333
"1153","Clay St. & Kearny St. (BC)",37.794292,-122.404098,100,12,0,13.9653531748189,1.00168394117647,10.9167145179175,3.04647058823529,28.3676470588235,NA,NA,NA,NA,NA
"1154","Clay St. & Kearny St. (BC)",37.794292,-122.404098,100,12,1,13.3736945791823,1.01541964705882,12.5912667247387,0.499285714285714,6.46071428571429,NA,NA,NA,NA,NA
"1155","Clay St. & Kearny St. (BC)",37.794292,-122.404098,100,12,2,13.3262108389589,1.00436155287128,13.5501919191919,1.4,10.32,NA,NA,NA,NA,NA
"1156","Clay St. & Kearny St. (BC)",37.794292,-122.404098,100,12,3,13.2244995287158,1.00324958823529,12.3823054545455,0.609090909090909,5.14272727272727,NA,NA,NA,NA,NA
"1157","Clay St. & Kearny St. (BC)",37.794292,-122.404098,100,12,4,13.6241446736896,1.00357064705882,12.0553157142857,1.28571428571429,11.5721428571429,NA,NA,NA,NA,NA
"1158","Clay St. & Kearny St. (BC)",37.794292,-122.404098,100,12,5,13.169523994741,1,12.1884688756433,0.980588235294118,8.09117647058824,NA,NA,NA,NA,NA
"1159","Clay St. & Kearny St. (BC)",37.794292,-122.404098,100,12,6,12.5030548260066,1.0609087860883,10.826149289504,1.67823529411765,17.2964705882353,NA,NA,NA,NA,NA
"1160","Clay St. & Kearny St. (BC)",37.794292,-122.404098,100,12,7,11.4992341788694,1.1284686157053,9.36381900287837,2.13588235294118,22.7564705882353,NA,NA,NA,NA,NA
"1161","Clay St. & Kearny St. (BC)",37.794292,-122.404098,100,12,8,11.1748315442954,1.1236819644229,8.02407233167165,3.15058823529412,39.4364705882353,NA,NA,NA,NA,NA
"1162","Clay St. & Kearny St. (BC)",37.794292,-122.404098,100,12,9,11.1760801278845,1.13695897294649,7.47870225468165,3.69705882352941,49.7682352941176,NA,NA,NA,NA,NA
"1163","Clay St. & Kearny St. (BC)",37.794292,-122.404098,100,12,10,11.4362577200409,1.11981520106442,7.76330046531554,3.67352941176471,47.7217647058824,NA,NA,NA,NA,NA
"1164","Clay St. & Kearny St. (BC)",37.794292,-122.404098,100,12,11,10.8562380801551,1.19440430577741,8.02420220242091,2.83176470588235,36.9411764705882,NA,NA,NA,NA,NA
"1165","Clay St. & Kearny St. (BC)",37.794292,-122.404098,100,12,12,11.0442100062412,1.16462657872081,8.07739466058686,2.96470588235294,38.0623529411765,NA,NA,NA,NA,NA
"1166","Clay St. & Kearny St. (BC)",37.794292,-122.404098,100,12,13,10.9621950226244,1.16646630802474,8.31905824271957,2.64470588235294,34.2935294117647,NA,NA,NA,NA,NA
"1167","Clay St. & Kearny St. (BC)",37.794292,-122.404098,100,12,14,10.834434080862,1.17028676828037,8.7718898337019,2.06235294117647,24.88,NA,NA,NA,NA,NA
"1168","Clay St. & Kearny St. (BC)",37.794292,-122.404098,100,12,15,10.6551570202507,1.17595695611477,8.41370840954905,2.24176470588235,29.3323529411765,NA,NA,NA,NA,NA
"1169","Clay St. & Kearny St. (BC)",37.794292,-122.404098,100,12,16,10.2296605896013,1.21724228103485,8.4234294726254,1.80705882352941,23.1741176470588,NA,NA,NA,NA,NA
"1170","Clay St. & Kearny St. (BC)",37.794292,-122.404098,100,12,17,10.0864106578919,1.23392567372222,8.35498031372549,1.73411764705882,21.9523529411765,NA,NA,NA,NA,NA
"1171","Clay St. & Kearny St. (BC)",37.794292,-122.404098,100,12,18,10.6427074842381,1.17675007461202,8.19934598857703,2.44352941176471,33.12,NA,NA,NA,NA,NA
"1172","Clay St. & Kearny St. (BC)",37.794292,-122.404098,100,12,19,11.2351645219676,1.12742551690043,8.97887916058682,2.25647058823529,28.0311764705882,NA,NA,NA,NA,NA
"1173","Clay St. & Kearny St. (BC)",37.794292,-122.404098,100,12,20,11.5995887782805,1.10594011396806,8.99007919830252,2.60823529411765,31.9747058823529,NA,NA,NA,NA,NA
"1174","Clay St. & Kearny St. (BC)",37.794292,-122.404098,100,12,21,11.9269260279045,1.08343830558908,9.95957533426439,1.96941176470588,23.7135294117647,NA,NA,NA,NA,NA
"1175","Clay St. & Kearny St. (BC)",37.794292,-122.404098,100,12,22,12.7247954757246,1.03383555595169,10.6567906602442,2.06647058823529,19.8411764705882,NA,NA,NA,NA,NA
"1176","Clay St. & Kearny St. (BC)",37.794292,-122.404098,100,12,23,13.1630997287293,1.00108494117647,11.285592489397,1.87529411764706,16.8688235294118,NA,NA,NA,NA,NA
"1177","Clay St. & Kearny St. (BC)",37.794292,-122.404098,100,1,0,13.7368531487506,1,10.9167145179175,2.81941176470588,26.6511764705882,54.8908571428571,58.0014285714286,0.305528571428571,8.16428571428571,10.9985714285714
"1178","Clay St. & Kearny St. (BC)",37.794292,-122.404098,100,1,1,13.848128575538,1,12.5912667247387,1.18714285714286,11.9364285714286,54.9062857142857,58.1214285714286,0.260174285714286,6.14,10.7857142857143
"1179","Clay St. & Kearny St. (BC)",37.794292,-122.404098,100,1,2,13.3446232721566,1,13.5501919191919,1.88,13.9,54.7237142857143,58.9442857142857,0.274648571428571,6.32,10.8642857142857
"1180","Clay St. & Kearny St. (BC)",37.794292,-122.404098,100,1,3,12.9790766960049,1.00047969847306,12.3823054545455,0.661818181818182,5.52363636363636,54.4588571428571,58.22,0.47045,7.11285714285714,11.3171428571429
"1181","Clay St. & Kearny St. (BC)",37.794292,-122.404098,100,1,4,13.4749784134958,1.00235635294118,12.0553157142857,1.39714285714286,12.1457142857143,53.9214285714286,58.2571428571429,0.481085714285714,7.46857142857143,12.3557142857143
"1182","Clay St. & Kearny St. (BC)",37.794292,-122.404098,100,1,5,13.1623682438128,1,12.1884688756433,0.974705882352941,8.20588235294118,53.6051428571429,58.7357142857143,0.477771428571429,7.49,13.0242857142857
"1183","Clay St. & Kearny St. (BC)",37.794292,-122.404098,100,1,6,12.2962043108084,1.05973055850736,10.826149289504,1.46882352941176,15.3041176470588,53.3762857142857,59.2657142857143,0.47037,7.56,12.9728571428571
"1184","Clay St. & Kearny St. (BC)",37.794292,-122.404098,100,1,7,11.3666208452793,1.10713628710437,9.36381900287837,2.00352941176471,21.75,53.3428571428571,59.8285714285714,0.49107,8.14428571428572,14.02
"1185","Clay St. & Kearny St. (BC)",37.794292,-122.404098,100,1,8,10.6789119994294,1.16432597235314,8.02407233167165,2.65294117647059,33.2764705882353,53.6308571428571,59.7828571428571,0.628998571428571,9.04714285714286,14.65
"1186","Clay St. & Kearny St. (BC)",37.794292,-122.404098,100,1,9,10.9813284431901,1.14692949232023,7.47870225468165,3.49941176470588,47.4917647058824,54.5951428571429,58.4957142857143,0.669822857142857,9.52714285714286,14.2842857142857
"1187","Clay St. & Kearny St. (BC)",37.794292,-122.404098,100,1,10,11.1526120356554,1.13421799541306,7.76330046531554,3.38941176470588,44.2982352941176,56.9428571428571,55.3957142857143,0.649264285714286,10.3371428571429,14.31
"1188","Clay St. & Kearny St. (BC)",37.794292,-122.404098,100,1,11,10.9389012719262,1.14886787411197,8.02420220242091,2.91294117647059,38.29,60.476,49.4428571428571,0.514511428571429,8.98428571428571,12.9771428571429
"1189","Clay St. & Kearny St. (BC)",37.794292,-122.404098,100,1,12,10.7417192353583,1.17973714444489,8.07739466058686,2.66529411764706,34.5170588235294,60.6071428571429,46.1285714285714,0.455658571428571,8.54714285714286,12.5342857142857
"1190","Clay St. & Kearny St. (BC)",37.794292,-122.404098,100,1,13,10.9972620748787,1.15055960415777,8.31905824271957,2.67705882352941,34.7576470588235,63.422,42.7133333333333,0.283101666666667,7.33833333333333,11.025
"1191","Clay St. & Kearny St. (BC)",37.794292,-122.404098,100,1,14,10.8560671666777,1.15714807454545,8.7718898337019,2.08176470588235,25.2676470588235,62.9825,43.66375,0.36713375,9.305,10.80375
"1192","Clay St. & Kearny St. (BC)",37.794292,-122.404098,100,1,15,10.7402411380732,1.17407493953471,8.41370840954905,2.32764705882353,30.5647058823529,64.175,43.585,0.3400025,8.99875,10.06875
"1193","Clay St. & Kearny St. (BC)",37.794292,-122.404098,100,1,16,10.3531195937994,1.21803649566908,8.4234294726254,1.92823529411765,25.1735294117647,63.113,44.7025,0.3444825,8.52875,11.16375
"1194","Clay St. & Kearny St. (BC)",37.794292,-122.404098,100,1,17,10.1347366684238,1.23395974895645,8.35498031372549,1.78176470588235,22.8982352941176,59.44775,50.55125,0.41756625,8.155,14.34875
"1195","Clay St. & Kearny St. (BC)",37.794292,-122.404098,100,1,18,10.7606829702905,1.16944912301165,8.19934598857703,2.56235294117647,35.2188235294118,57.407,55.37625,0.47663125,8.6925,14.945
"1196","Clay St. & Kearny St. (BC)",37.794292,-122.404098,100,1,19,11.2228706120754,1.13183432943936,8.97887916058682,2.24411764705882,27.3588235294118,56.45525,56.89625,0.46782625,9.105,13.065
"1197","Clay St. & Kearny St. (BC)",37.794292,-122.404098,100,1,20,11.6046326907051,1.09383352651181,8.99007919830252,2.61647058823529,31.8417647058824,55.76,57.6825,0.4523475,9.60625,12.69125
"1198","Clay St. & Kearny St. (BC)",37.794292,-122.404098,100,1,21,12.1776991165115,1.07188474585043,9.95957533426439,2.21823529411765,26.0217647058824,55.3775,57.965,0.372645,7.8625,12.5325
"1199","Clay St. & Kearny St. (BC)",37.794292,-122.404098,100,1,22,12.7955555163401,1.03387140829325,10.6567906602442,2.13823529411765,20.4664705882353,55.42025,58.02375,0.29128375,6.64625,11.34375
"1200","Clay St. & Kearny St. (BC)",37.794292,-122.404098,100,1,23,13.4933855325058,1.00265376470588,11.285592489397,2.21,19.6170588235294,55.44275,59.8775,0.25110625,6.61125,11.08125
"1201","Clay St. & Kearny St. (BC)",37.794292,-122.404098,100,2,0,13.2721923529412,1.00914847058824,10.9167145179175,2.35411764705882,21.8405882352941,56.7885714285714,66.5860714285714,0.296935714285714,5.35964285714286,12.1514285714286
"1202","Clay St. & Kearny St. (BC)",37.794292,-122.404098,100,2,1,12.6852145098039,1.01304592188121,12.5912667247387,-0.0328571428571428,1.40642857142857,56.4035,67.5378571428571,0.290231428571429,4.91714285714286,11.4875
"1203","Clay St. & Kearny St. (BC)",37.794292,-122.404098,100,2,2,12.4216558823529,1.0185578199497,13.5501919191919,0.78,5.76,55.936,67.8155555555556,0.282137777777778,4.63296296296296,11.4066666666667
"1204","Clay St. & Kearny St. (BC)",37.794292,-122.404098,100,2,3,12.5255047058824,1.01135777499285,12.3823054545455,0.300909090909091,2.67090909090909,55.8647857142857,68.6246428571429,0.2745375,4.61535714285714,11.5028571428571
"1205","Clay St. & Kearny St. (BC)",37.794292,-122.404098,100,2,4,13.2580794117647,1.0059366026856,12.0553157142857,1.00785714285714,9.03857142857143,55.5632857142857,69.0596428571429,0.335135357142857,4.77357142857143,12.0185714285714
"1206","Clay St. & Kearny St. (BC)",37.794292,-122.404098,100,2,5,13.1136803921569,1,12.1884688756433,0.927058823529412,7.73,55.3877857142857,69.1010714285714,0.414408928571429,4.85535714285714,12.8725
"1207","Clay St. & Kearny St. (BC)",37.794292,-122.404098,100,2,6,12.0688076470588,1.06206680980754,10.826149289504,1.24117647058824,13.1405882352941,55.0702142857143,69.505,0.347899642857143,5.00178571428571,13.7542857142857
"1208","Clay St. & Kearny St. (BC)",37.794292,-122.404098,100,2,7,11.4195943137255,1.123015076535,9.36381900287837,2.05764705882353,21.9988235294118,55.1113571428571,69.8885714285714,0.422775714285714,5.14,14.7846428571429
"1209","Clay St. & Kearny St. (BC)",37.794292,-122.404098,100,2,8,10.8250835294118,1.18309152399641,8.02407233167165,2.80235294117647,34.9182352941177,55.7767142857143,68.5167857142857,0.420604642857143,5.55607142857143,14.2310714285714
"1210","Clay St. & Kearny St. (BC)",37.794292,-122.404098,100,2,9,10.8469766666667,1.16271655334031,7.47870225468165,3.36941176470588,45.4005882352941,56.9852857142857,66.5142857142857,0.410771428571429,5.98964285714286,13.8996428571429
"1211","Clay St. & Kearny St. (BC)",37.794292,-122.404098,100,2,10,11.1883860784314,1.14486432566045,7.76330046531554,3.42411764705882,44.6964705882353,59.3766153846154,63.4069230769231,0.524333076923077,6.47423076923077,14.4988461538462
"1212","Clay St. & Kearny St. (BC)",37.794292,-122.404098,100,2,11,10.7385933333333,1.18759321918829,8.02420220242091,2.71176470588235,35.6652941176471,63.7673,58.1705,0.5048475,7.224,13.7585
"1213","Clay St. & Kearny St. (BC)",37.794292,-122.404098,100,2,12,10.7133184313725,1.20035245721682,8.07739466058686,2.63588235294118,33.6652941176471,64.918,52.8566666666667,0.467779259259259,7.36185185185185,11.6662962962963
"1214","Clay St. & Kearny St. (BC)",37.794292,-122.404098,100,2,13,10.8115194117647,1.1753873662072,8.31905824271957,2.49176470588235,32.3076470588235,68.412875,51.04125,0.249920625,6.448125,10.666875
"1215","Clay St. & Kearny St. (BC)",37.794292,-122.404098,100,2,14,10.9112941176471,1.15594361154122,8.7718898337019,2.14,25.7976470588235,67.5977692307692,48.8176923076923,0.271401923076923,5.29653846153846,10.0292307692308
"1216","Clay St. & Kearny St. (BC)",37.794292,-122.404098,100,2,15,10.4457743921569,1.20252747224555,8.41370840954905,2.03352941176471,26.7482352941176,70.106,49.3983333333333,0.242749166666667,5.45041666666667,10.4575
"1217","Clay St. & Kearny St. (BC)",37.794292,-122.404098,100,2,16,10.4968760784314,1.19651182553457,8.4234294726254,2.07058823529412,26.5294117647059,68.3285,50.074,0.3028455,5.749,10.5795
"1218","Clay St. & Kearny St. (BC)",37.794292,-122.404098,100,2,17,10.1437007843137,1.22791745859128,8.35498031372549,1.79117647058824,22.6229411764706,63.9056428571429,54.0646428571429,0.409145,6.17607142857143,14.6625
"1219","Clay St. & Kearny St. (BC)",37.794292,-122.404098,100,2,18,11.0471921568627,1.1398658090061,8.19934598857703,2.84941176470588,38.6858823529412,61.3393571428571,58.2932142857143,0.413877857142857,7.01642857142857,14.6635714285714
"1220","Clay St. & Kearny St. (BC)",37.794292,-122.404098,100,2,19,11.1792733333333,1.13447857827975,8.97887916058682,2.20058823529412,26.9135294117647,60.0947857142857,60.5414285714286,0.389553928571429,7.86678571428571,13.8803571428571
"1221","Clay St. & Kearny St. (BC)",37.794292,-122.404098,100,2,20,11.4646764705882,1.12757185176329,8.99007919830252,2.47294117647059,30.0994117647059,59.1922142857143,62.0460714285714,0.3802775,7.50642857142857,13.5517857142857
"1222","Clay St. & Kearny St. (BC)",37.794292,-122.404098,100,2,21,12.0319852941176,1.06961799636469,9.95957533426439,2.07176470588235,24.4776470588235,58.2645714285714,63.63,0.401699642857143,6.98214285714286,13.6467857142857
"1223","Clay St. & Kearny St. (BC)",37.794292,-122.404098,100,2,22,12.7145796078431,1.0326835704479,10.6567906602442,2.06,19.7652941176471,57.5818571428571,64.8978571428571,0.360603214285714,5.92785714285714,12.6792857142857
"1224","Clay St. & Kearny St. (BC)",37.794292,-122.404098,100,2,23,13.3146470588235,1.00601023529412,11.285592489397,2.02823529411765,17.9852941176471,57.0752857142857,65.7546428571429,0.285777857142857,5.36678571428571,11.9167857142857
"1225","Clay St. & Kearny St. (BC)",37.794292,-122.404098,100,3,0,13.3542266666667,1.00184835294118,10.9167145179175,2.44058823529412,22.6382352941176,58.622,63.545,0.134597857142857,4.655,9.69285714285714
"1226","Clay St. & Kearny St. (BC)",37.794292,-122.404098,100,3,1,12.7793492156863,1.00589549175647,12.5912667247387,0.26,3.55785714285714,58.3391428571429,63.8407142857143,0.133544285714286,4.65214285714286,9.63928571428571
"1227","Clay St. & Kearny St. (BC)",37.794292,-122.404098,100,3,2,12.8693529411765,1.00550370819235,13.5501919191919,1.1,8.14,58.2038461538462,64.92,0.130823076923077,4.57076923076923,9.82230769230769
"1228","Clay St. & Kearny St. (BC)",37.794292,-122.404098,100,3,3,12.7605880392157,1.00729809299394,12.3823054545455,0.486363636363636,4.13727272727273,57.6731428571429,65.7864285714286,0.121231428571429,4.54571428571429,9.89285714285714
"1229","Clay St. & Kearny St. (BC)",37.794292,-122.404098,100,3,4,13.3720345098039,1.00362643202035,12.0553157142857,1.08785714285714,9.63571428571429,57.4545714285714,66.7264285714286,0.151917857142857,4.36285714285714,10.4064285714286
"1230","Clay St. & Kearny St. (BC)",37.794292,-122.404098,100,3,5,13.1052098039216,1,12.1884688756433,0.918823529411765,7.61352941176471,57.2681428571429,67.6928571428572,0.191967857142857,4.50071428571429,11.9242857142857
"1231","Clay St. & Kearny St. (BC)",37.794292,-122.404098,100,3,6,12.0734703921569,1.05805807961488,10.826149289504,1.24764705882353,13.0482352941176,57.2257142857143,68.1264285714286,0.223174285714286,4.61214285714286,12.1635714285714
"1232","Clay St. & Kearny St. (BC)",37.794292,-122.404098,100,3,7,11.2341080392157,1.14471486278822,9.36381900287837,1.87117647058824,20.0276470588235,57.3594285714286,67.8507142857143,0.248548571428571,4.73571428571429,12.615
"1233","Clay St. & Kearny St. (BC)",37.794292,-122.404098,100,3,8,10.4722894117647,1.2147929799615,8.02407233167165,2.44882352941176,30.6052941176471,58.1244285714286,66.5514285714286,0.265843571428571,5.94428571428571,12.5121428571429
"1234","Clay St. & Kearny St. (BC)",37.794292,-122.404098,100,3,9,10.6220256862745,1.18421652375239,7.47870225468165,3.14235294117647,42.5647058823529,59.5843076923077,64.3346153846154,0.279462307692308,6.10615384615385,12.7576923076923
"1235","Clay St. & Kearny St. (BC)",37.794292,-122.404098,100,3,10,10.97951,1.14451389709931,7.76330046531554,3.21647058823529,42.2070588235294,60.9414285714286,61.5307142857143,0.250178571428571,5.39857142857143,12.255
"1236","Clay St. & Kearny St. (BC)",37.794292,-122.404098,100,3,11,10.4719119607843,1.20277791525198,8.02420220242091,2.44647058823529,32.5505882352941,64.2756363636364,56.3318181818182,0.257377272727273,5.86454545454546,11.7072727272727
"1237","Clay St. & Kearny St. (BC)",37.794292,-122.404098,100,3,12,10.494118627451,1.22258303080669,8.07739466058686,2.41882352941176,31.1011764705882,69.677,52.9,0.23625,6.19166666666667,10.06
"1238","Clay St. & Kearny St. (BC)",37.794292,-122.404098,100,3,13,10.5618882352941,1.18957839238687,8.31905824271957,2.24294117647059,29.1217647058824,69.992,49.4488888888889,0.168516666666667,5.69111111111111,9.29555555555556
"1239","Clay St. & Kearny St. (BC)",37.794292,-122.404098,100,3,14,10.5993037254902,1.18387367281136,8.7718898337019,1.83,21.9535294117647,72.1870769230769,45.1276923076923,0.148413846153846,5.15615384615385,8.98
"1240","Clay St. & Kearny St. (BC)",37.794292,-122.404098,100,3,15,10.4070490196078,1.20599909707269,8.41370840954905,1.99176470588235,26.28,72.3365,44.2583333333333,0.1255325,4.84,9.285
"1241","Clay St. & Kearny St. (BC)",37.794292,-122.404098,100,3,16,10.4625258823529,1.19240558787333,8.4234294726254,2.03882352941176,26.08,72.0236923076923,45.1853846153846,0.133227692307692,4.98307692307692,9.36846153846154
"1242","Clay St. & Kearny St. (BC)",37.794292,-122.404098,100,3,17,10.3538245098039,1.21617402542514,8.35498031372549,2,25.2688235294118,70.3566153846154,47.2753846153846,0.209734615384615,5.54384615384615,10.0515384615385
"1243","Clay St. & Kearny St. (BC)",37.794292,-122.404098,100,3,18,10.7961176470588,1.16551744198297,8.19934598857703,2.59823529411765,35.2670588235294,67.0723076923077,51.5561538461538,0.256070769230769,6.01769230769231,11.5569230769231
"1244","Clay St. & Kearny St. (BC)",37.794292,-122.404098,100,3,19,11.1591531372549,1.14420432322464,8.97887916058682,2.17823529411765,26.5382352941176,63.6647692307692,56.4715384615385,0.323711538461538,6.41076923076923,13.0846153846154
"1245","Clay St. & Kearny St. (BC)",37.794292,-122.404098,100,3,20,11.6425945098039,1.11364929666198,8.99007919830252,2.65294117647059,32.4305882352941,61.7996923076923,59.6684615384615,0.276257692307692,5.97307692307692,12.7253846153846
"1246","Clay St. & Kearny St. (BC)",37.794292,-122.404098,100,3,21,12.1846284313725,1.06447182711529,9.95957533426439,2.22764705882353,25.8552941176471,60.5216923076923,61.9015384615385,0.211336153846154,5.54076923076923,11.1061538461538
"1247","Clay St. & Kearny St. (BC)",37.794292,-122.404098,100,3,22,12.7800933333333,1.01897569099258,10.6567906602442,2.12352941176471,20.5,59.9941538461538,62.9,0.158252307692308,5.10153846153846,10.5461538461538
"1248","Clay St. & Kearny St. (BC)",37.794292,-122.404098,100,3,23,13.4406531372549,1.00188047058824,11.285592489397,2.15647058823529,19.3035294117647,59.5538461538462,63.8876923076923,0.150137692307692,4.83230769230769,10.6130769230769
"1249","Clay St. & Kearny St. (BC)",37.794292,-122.404098,200,12,0,13.0365521941633,1.03335550005805,10.6295193474267,2.46392857142857,23.3453571428571,NA,NA,NA,NA,NA
"1250","Clay St. & Kearny St. (BC)",37.794292,-122.404098,200,12,1,12.7639056922812,1.01581549679368,11.4254977991604,1.03725490196078,11.0054901960784,NA,NA,NA,NA,NA
"1251","Clay St. & Kearny St. (BC)",37.794292,-122.404098,200,12,2,13.0601414376906,1.00371513342914,11.7251284563866,1.4740625,14.0559375,NA,NA,NA,NA,NA
"1252","Clay St. & Kearny St. (BC)",37.794292,-122.404098,200,12,3,12.6799469856349,1.00907989339057,11.3494644054734,1.10117647058824,11.9594117647059,NA,NA,NA,NA,NA
"1253","Clay St. & Kearny St. (BC)",37.794292,-122.404098,200,12,4,13.0727609822903,1.00308649152542,11.8394320225912,1.04760869565217,9.23847826086956,NA,NA,NA,NA,NA
"1254","Clay St. & Kearny St. (BC)",37.794292,-122.404098,200,12,5,12.9826736728149,1,11.454594061599,1.52881355932203,13.9467796610169,NA,NA,NA,NA,NA
"1255","Clay St. & Kearny St. (BC)",37.794292,-122.404098,200,12,6,12.3994229059489,1.04849526516321,10.1706827986096,2.22966101694915,24.568813559322,NA,NA,NA,NA,NA
"1256","Clay St. & Kearny St. (BC)",37.794292,-122.404098,200,12,7,11.5680423443963,1.10336513122612,9.2594236763247,2.30847457627119,25.2708474576271,NA,NA,NA,NA,NA
"1257","Clay St. & Kearny St. (BC)",37.794292,-122.404098,200,12,8,11.310702094553,1.10104371576973,8.35192442054097,2.95966101694915,36.655593220339,NA,NA,NA,NA,NA
"1258","Clay St. & Kearny St. (BC)",37.794292,-122.404098,200,12,9,11.2545487836594,1.12045989131699,7.63365224366013,3.62016949152542,48.4759322033898,NA,NA,NA,NA,NA
"1259","Clay St. & Kearny St. (BC)",37.794292,-122.404098,200,12,10,11.5994590391274,1.09124497142254,7.84252448513529,3.75593220338983,48.5852542372881,NA,NA,NA,NA,NA
"1260","Clay St. & Kearny St. (BC)",37.794292,-122.404098,200,12,11,11.0994354088285,1.15399106405227,8.04365128405107,3.05677966101695,39.5320338983051,NA,NA,NA,NA,NA
"1261","Clay St. & Kearny St. (BC)",37.794292,-122.404098,200,12,12,11.2848685011015,1.11995531922453,7.92173007040825,3.36135593220339,44.3074576271186,NA,NA,NA,NA,NA
"1262","Clay St. & Kearny St. (BC)",37.794292,-122.404098,200,12,13,11.1803784093872,1.12517344303281,8.43608331986937,2.74440677966102,34.8708474576271,NA,NA,NA,NA,NA
"1263","Clay St. & Kearny St. (BC)",37.794292,-122.404098,200,12,14,11.0695221794715,1.12801714805147,8.59501987042785,2.47440677966102,30.7467796610169,NA,NA,NA,NA,NA
"1264","Clay St. & Kearny St. (BC)",37.794292,-122.404098,200,12,15,10.948988401479,1.13063153496462,8.3128103148562,2.63661016949153,34.2408474576271,NA,NA,NA,NA,NA
"1265","Clay St. & Kearny St. (BC)",37.794292,-122.404098,200,12,16,10.4666811701065,1.18457057544347,8.3066431685086,2.16,27.521186440678,NA,NA,NA,NA,NA
"1266","Clay St. & Kearny St. (BC)",37.794292,-122.404098,200,12,17,10.2373580782933,1.20201363646434,8.01047559040606,2.22762711864407,30.2423728813559,NA,NA,NA,NA,NA
"1267","Clay St. & Kearny St. (BC)",37.794292,-122.404098,200,12,18,10.8020235080009,1.14211314500617,8.05490356296635,2.7464406779661,37.2571186440678,NA,NA,NA,NA,NA
"1268","Clay St. & Kearny St. (BC)",37.794292,-122.404098,200,12,19,11.4472808534441,1.09073548875163,8.88767256315951,2.56067796610169,31.5667796610169,NA,NA,NA,NA,NA
"1269","Clay St. & Kearny St. (BC)",37.794292,-122.404098,200,12,20,11.7709437481732,1.07733615918833,8.98326189303267,2.78745762711864,33.5633898305085,NA,NA,NA,NA,NA
"1270","Clay St. & Kearny St. (BC)",37.794292,-122.404098,200,12,21,12.1094733713228,1.06471522612147,9.94450548953629,2.16525423728814,25.0176271186441,NA,NA,NA,NA,NA
"1271","Clay St. & Kearny St. (BC)",37.794292,-122.404098,200,12,22,12.7423173414224,1.0185190152942,10.4416113455639,2.30016949152542,22.8738983050847,NA,NA,NA,NA,NA
"1272","Clay St. & Kearny St. (BC)",37.794292,-122.404098,200,12,23,12.9404619934886,1.00262328572056,10.655227455224,2.28389830508475,22.2725423728814,NA,NA,NA,NA,NA
"1273","Clay St. & Kearny St. (BC)",37.794292,-122.404098,200,1,0,12.9928384403325,1.02927882100569,10.6295193474267,2.465,23.6914285714286,54.8908571428571,58.0014285714286,0.305528571428571,8.16428571428571,10.9985714285714
"1274","Clay St. & Kearny St. (BC)",37.794292,-122.404098,200,1,1,13.1598557560798,1.00210019601067,11.4254977991604,1.57509803921569,15.7021568627451,54.9062857142857,58.1214285714286,0.260174285714286,6.14,10.7857142857143
"1275","Clay St. & Kearny St. (BC)",37.794292,-122.404098,200,1,2,13.1307795943801,1.00290437829359,11.7251284563866,1.8090625,16.6065625,54.7237142857143,58.9442857142857,0.274648571428571,6.32,10.8642857142857
"1276","Clay St. & Kearny St. (BC)",37.794292,-122.404098,200,1,3,12.8566555995113,1.00097605586674,11.3494644054734,1.60647058823529,17.2541176470588,54.4588571428571,58.22,0.47045,7.11285714285714,11.3171428571429
"1277","Clay St. & Kearny St. (BC)",37.794292,-122.404098,200,1,4,13.1225400878973,1.00519116318125,11.8394320225912,1.26608695652174,10.9371739130435,53.9214285714286,58.2571428571429,0.481085714285714,7.46857142857143,12.3557142857143
"1278","Clay St. & Kearny St. (BC)",37.794292,-122.404098,200,1,5,13.0869748695518,1,11.454594061599,1.63322033898305,15.0577966101695,53.6051428571429,58.7357142857143,0.477771428571429,7.49,13.0242857142857
"1279","Clay St. & Kearny St. (BC)",37.794292,-122.404098,200,1,6,12.3674779537506,1.04790562282293,10.1706827986096,2.19745762711864,24.1547457627119,53.3762857142857,59.2657142857143,0.47037,7.56,12.9728571428571
"1280","Clay St. & Kearny St. (BC)",37.794292,-122.404098,200,1,7,11.7261735926326,1.07450855211473,9.2594236763247,2.46762711864407,27.3747457627119,53.3428571428571,59.8285714285714,0.49107,8.14428571428572,14.02
"1281","Clay St. & Kearny St. (BC)",37.794292,-122.404098,200,1,8,10.945961729836,1.13211617779387,8.35192442054097,2.59237288135593,32.0398305084746,53.6308571428571,59.7828571428571,0.628998571428571,9.04714285714286,14.65
"1282","Clay St. & Kearny St. (BC)",37.794292,-122.404098,200,1,9,11.1632545698726,1.11895447420779,7.63365224366013,3.5271186440678,47.3884745762712,54.5951428571429,58.4957142857143,0.669822857142857,9.52714285714286,14.2842857142857
"1283","Clay St. & Kearny St. (BC)",37.794292,-122.404098,200,1,10,11.3475941494395,1.10578407882264,7.84252448513529,3.50559322033898,45.4328813559322,56.9428571428571,55.3957142857143,0.649264285714286,10.3371428571429,14.31
"1284","Clay St. & Kearny St. (BC)",37.794292,-122.404098,200,1,11,11.1224727852089,1.12577396226382,8.04365128405107,3.07830508474576,39.9803389830508,60.476,49.4428571428571,0.514511428571429,8.98428571428571,12.9771428571429
"1285","Clay St. & Kearny St. (BC)",37.794292,-122.404098,200,1,12,11.0000291461348,1.14394436662609,7.92173007040825,3.07864406779661,40.6554237288136,60.6071428571429,46.1285714285714,0.455658571428571,8.54714285714286,12.5342857142857
"1286","Clay St. & Kearny St. (BC)",37.794292,-122.404098,200,1,13,11.2224592617309,1.12220118113731,8.43608331986937,2.78610169491525,35.3384745762712,63.422,42.7133333333333,0.283101666666667,7.33833333333333,11.025
"1287","Clay St. & Kearny St. (BC)",37.794292,-122.404098,200,1,14,11.0867890739929,1.12251334184094,8.59501987042785,2.48966101694915,31.0274576271186,62.9825,43.66375,0.36713375,9.305,10.80375
"1288","Clay St. & Kearny St. (BC)",37.794292,-122.404098,200,1,15,11.0616872586325,1.12962460591792,8.3128103148562,2.74813559322034,35.7225423728814,64.175,43.585,0.3400025,8.99875,10.06875
"1289","Clay St. & Kearny St. (BC)",37.794292,-122.404098,200,1,16,10.6501611810307,1.1690270557798,8.3066431685086,2.34169491525424,30.1274576271186,63.113,44.7025,0.3444825,8.52875,11.16375
"1290","Clay St. & Kearny St. (BC)",37.794292,-122.404098,200,1,17,10.4026682311053,1.19283988285593,8.01047559040606,2.39220338983051,32.6059322033898,59.44775,50.55125,0.41756625,8.155,14.34875
"1291","Clay St. & Kearny St. (BC)",37.794292,-122.404098,200,1,18,10.9548969795937,1.13397619566795,8.05490356296635,2.89949152542373,39.4789830508475,57.407,55.37625,0.47663125,8.6925,14.945
"1292","Clay St. & Kearny St. (BC)",37.794292,-122.404098,200,1,19,11.323032761526,1.10435744092097,8.88767256315951,2.43542372881356,29.7218644067797,56.45525,56.89625,0.46782625,9.105,13.065
"1293","Clay St. & Kearny St. (BC)",37.794292,-122.404098,200,1,20,11.7916592345047,1.06992355604828,8.98326189303267,2.80983050847458,33.6477966101695,55.76,57.6825,0.4523475,9.60625,12.69125
"1294","Clay St. & Kearny St. (BC)",37.794292,-122.404098,200,1,21,12.3375058290345,1.05134278697158,9.94450548953629,2.3928813559322,27.1445762711864,55.3775,57.965,0.372645,7.8625,12.5325
"1295","Clay St. & Kearny St. (BC)",37.794292,-122.404098,200,1,22,12.7490104680151,1.02540396128503,10.4416113455639,2.30694915254237,22.8666101694915,55.42025,58.02375,0.29128375,6.64625,11.34375
"1296","Clay St. & Kearny St. (BC)",37.794292,-122.404098,200,1,23,13.1257366018818,1.00944592951855,10.655227455224,2.47101694915254,23.8720338983051,55.44275,59.8775,0.25110625,6.61125,11.08125
"1297","Clay St. & Kearny St. (BC)",37.794292,-122.404098,200,2,0,12.6716531638418,1.0273100676398,10.6295193474267,2.19482142857143,21.0107142857143,56.7885714285714,66.5860714285714,0.296935714285714,5.35964285714286,12.1514285714286
"1298","Clay St. & Kearny St. (BC)",37.794292,-122.404098,200,2,1,12.3469568926554,1.02847565991775,11.4254977991604,0.774509803921569,8.50803921568627,56.4035,67.5378571428571,0.290231428571429,4.91714285714286,11.4875
"1299","Clay St. & Kearny St. (BC)",37.794292,-122.404098,200,2,2,12.4078272316384,1.02743548185181,11.7251284563866,1.111875,10.8596875,55.936,67.8155555555556,0.282137777777778,4.63296296296296,11.4066666666667
"1300","Clay St. & Kearny St. (BC)",37.794292,-122.404098,200,2,3,12.5730974011299,1.01424733687642,11.3494644054734,0.937058823529412,10.7455882352941,55.8647857142857,68.6246428571429,0.2745375,4.61535714285714,11.5028571428571
"1301","Clay St. & Kearny St. (BC)",37.794292,-122.404098,200,2,4,12.8570555367232,1.01093882436659,11.8394320225912,0.909130434782609,7.89652173913043,55.5632857142857,69.0596428571429,0.335135357142857,4.77357142857143,12.0185714285714
"1302","Clay St. & Kearny St. (BC)",37.794292,-122.404098,200,2,5,12.8734502259887,1.00215704758219,11.454594061599,1.41881355932203,13.0864406779661,55.3877857142857,69.1010714285714,0.414408928571429,4.85535714285714,12.8725
"1303","Clay St. & Kearny St. (BC)",37.794292,-122.404098,200,2,6,12.2051619209039,1.04601651600786,10.1706827986096,2.0335593220339,22.6471186440678,55.0702142857143,69.505,0.347899642857143,5.00178571428571,13.7542857142857
"1304","Clay St. & Kearny St. (BC)",37.794292,-122.404098,200,2,7,11.6853015819209,1.08863173706466,9.2594236763247,2.42694915254237,26.6781355932203,55.1113571428571,69.8885714285714,0.422775714285714,5.14,14.7846428571429
"1305","Clay St. & Kearny St. (BC)",37.794292,-122.404098,200,2,8,10.9604915819209,1.15041855316048,8.35192442054097,2.60915254237288,32.036779661017,55.7767142857143,68.5167857142857,0.420604642857143,5.55607142857143,14.2310714285714
"1306","Clay St. & Kearny St. (BC)",37.794292,-122.404098,200,2,9,11.0448905649718,1.13228696236386,7.63365224366013,3.41203389830508,45.5557627118644,56.9852857142857,66.5142857142857,0.410771428571429,5.98964285714286,13.8996428571429
"1307","Clay St. & Kearny St. (BC)",37.794292,-122.404098,200,2,10,11.3134203954802,1.11723403437612,7.84252448513529,3.47067796610169,44.9862711864407,59.3766153846154,63.4069230769231,0.524333076923077,6.47423076923077,14.4988461538462
"1308","Clay St. & Kearny St. (BC)",37.794292,-122.404098,200,2,11,10.9649011864407,1.14989227831775,8.04365128405107,2.91983050847458,37.8784745762712,63.7673,58.1705,0.5048475,7.224,13.7585
"1309","Clay St. & Kearny St. (BC)",37.794292,-122.404098,200,2,12,10.9386254237288,1.15329740561864,7.92173007040825,3.0171186440678,39.5505084745763,64.918,52.8566666666667,0.467779259259259,7.36185185185185,11.6662962962963
"1310","Clay St. & Kearny St. (BC)",37.794292,-122.404098,200,2,13,11.0525138418079,1.14980480522481,8.43608331986937,2.61694915254237,33.0876271186441,68.412875,51.04125,0.249920625,6.448125,10.666875
"1311","Clay St. & Kearny St. (BC)",37.794292,-122.404098,200,2,14,11.1242768361582,1.12737500871385,8.59501987042785,2.52949152542373,31.3035593220339,67.5977692307692,48.8176923076923,0.271401923076923,5.29653846153846,10.0292307692308
"1312","Clay St. & Kearny St. (BC)",37.794292,-122.404098,200,2,15,10.8063842316384,1.15278950003396,8.3128103148562,2.49457627118644,32.3391525423729,70.106,49.3983333333333,0.242749166666667,5.45041666666667,10.4575
"1313","Clay St. & Kearny St. (BC)",37.794292,-122.404098,200,2,16,10.7195894915254,1.15819601086892,8.3066431685086,2.41118644067797,30.6698305084746,68.3285,50.074,0.3028455,5.749,10.5795
"1314","Clay St. & Kearny St. (BC)",37.794292,-122.404098,200,2,17,10.3331877966102,1.18882687572427,8.01047559040606,2.32372881355932,31.3459322033898,63.9056428571429,54.0646428571429,0.409145,6.17607142857143,14.6625
"1315","Clay St. & Kearny St. (BC)",37.794292,-122.404098,200,2,18,11.0185089265537,1.12520444684106,8.05490356296635,2.96389830508475,39.9657627118644,61.3393571428571,58.2932142857143,0.413877857142857,7.01642857142857,14.6635714285714
"1316","Clay St. & Kearny St. (BC)",37.794292,-122.404098,200,2,19,11.3518808474576,1.09661140254506,8.88767256315951,2.46525423728814,30.09,60.0947857142857,60.5414285714286,0.389553928571429,7.86678571428571,13.8803571428571
"1317","Clay St. & Kearny St. (BC)",37.794292,-122.404098,200,2,20,11.8179223163842,1.08175530488922,8.98326189303267,2.83423728813559,33.8950847457627,59.1922142857143,62.0460714285714,0.3802775,7.50642857142857,13.5517857142857
"1318","Clay St. & Kearny St. (BC)",37.794292,-122.404098,200,2,21,12.253396779661,1.04771865490028,9.94450548953629,2.30949152542373,26.1835593220339,58.2645714285714,63.63,0.401699642857143,6.98214285714286,13.6467857142857
"1319","Clay St. & Kearny St. (BC)",37.794292,-122.404098,200,2,22,12.7493029943503,1.01792806485556,10.4416113455639,2.30864406779661,22.9305084745763,57.5818571428571,64.8978571428571,0.360603214285714,5.92785714285714,12.6792857142857
"1320","Clay St. & Kearny St. (BC)",37.794292,-122.404098,200,2,23,13.019011299435,1.01195378893095,10.655227455224,2.36372881355932,22.8664406779661,57.0752857142857,65.7546428571429,0.285777857142857,5.36678571428571,11.9167857142857
"1321","Clay St. & Kearny St. (BC)",37.794292,-122.404098,200,3,0,12.5674229378531,1.03148328142592,10.6295193474267,2.09464285714286,19.9094642857143,58.622,63.545,0.134597857142857,4.655,9.69285714285714
"1322","Clay St. & Kearny St. (BC)",37.794292,-122.404098,200,3,1,12.2713253672316,1.01883247407162,11.4254977991604,0.819019607843137,8.50490196078431,58.3391428571429,63.8407142857143,0.133544285714286,4.65214285714286,9.63928571428571
"1323","Clay St. & Kearny St. (BC)",37.794292,-122.404098,200,3,2,12.7386583050848,1.018075215932,11.7251284563866,1.338125,12.73875,58.2038461538462,64.92,0.130823076923077,4.57076923076923,9.82230769230769
"1324","Clay St. & Kearny St. (BC)",37.794292,-122.404098,200,3,3,12.8672652542373,1.01038487780939,11.3494644054734,1.27058823529412,14.2135294117647,57.6731428571429,65.7864285714286,0.121231428571429,4.54571428571429,9.89285714285714
"1325","Clay St. & Kearny St. (BC)",37.794292,-122.404098,200,3,4,13.0158548022599,1.01042586553462,11.8394320225912,1.01130434782609,8.71478260869565,57.4545714285714,66.7264285714286,0.151917857142857,4.36285714285714,10.4064285714286
"1326","Clay St. & Kearny St. (BC)",37.794292,-122.404098,200,3,5,12.846146440678,1.003023194925,11.454594061599,1.3928813559322,12.8101694915254,57.2681428571429,67.6928571428572,0.191967857142857,4.50071428571429,11.9242857142857
"1327","Clay St. & Kearny St. (BC)",37.794292,-122.404098,200,3,6,12.0586185875706,1.04500064943706,10.1706827986096,1.88694915254237,20.9252542372881,57.2257142857143,68.1264285714286,0.223174285714286,4.61214285714286,12.1635714285714
"1328","Clay St. & Kearny St. (BC)",37.794292,-122.404098,200,3,7,11.4736159887006,1.10984203930547,9.2594236763247,2.21559322033898,24.3810169491525,57.3594285714286,67.8507142857143,0.248548571428571,4.73571428571429,12.615
"1329","Clay St. & Kearny St. (BC)",37.794292,-122.404098,200,3,8,10.7096528248588,1.17233268315021,8.35192442054097,2.35779661016949,29.0718644067797,58.1244285714286,66.5514285714286,0.265843571428571,5.94428571428571,12.5121428571429
"1330","Clay St. & Kearny St. (BC)",37.794292,-122.404098,200,3,9,10.8576983615819,1.14897782119669,7.63365224366013,3.22372881355932,43.2191525423729,59.5843076923077,64.3346153846154,0.279462307692308,6.10615384615385,12.7576923076923
"1331","Clay St. & Kearny St. (BC)",37.794292,-122.404098,200,3,10,11.206036779661,1.11932318062034,7.84252448513529,3.3628813559322,43.6733898305085,60.9414285714286,61.5307142857143,0.250178571428571,5.39857142857143,12.255
"1332","Clay St. & Kearny St. (BC)",37.794292,-122.404098,200,3,11,10.8067276836158,1.16493873760619,8.04365128405107,2.7628813559322,35.9874576271186,64.2756363636364,56.3318181818182,0.257377272727273,5.86454545454546,11.7072727272727
"1333","Clay St. & Kearny St. (BC)",37.794292,-122.404098,200,3,12,10.7774129943503,1.17303441497186,7.92173007040825,2.85728813559322,37.5510169491525,69.677,52.9,0.23625,6.19166666666667,10.06
"1334","Clay St. & Kearny St. (BC)",37.794292,-122.404098,200,3,13,10.7886460451977,1.15557101918207,8.43608331986937,2.35271186440678,29.9561016949153,69.992,49.4488888888889,0.168516666666667,5.69111111111111,9.29555555555556
"1335","Clay St. & Kearny St. (BC)",37.794292,-122.404098,200,3,14,10.8709349717514,1.14530804950445,8.59501987042785,2.27779661016949,28.2284745762712,72.1870769230769,45.1276923076923,0.148413846153846,5.15615384615385,8.98
"1336","Clay St. & Kearny St. (BC)",37.794292,-122.404098,200,3,15,10.7430340112994,1.15786803133629,8.3128103148562,2.42847457627119,31.555593220339,72.3365,44.2583333333333,0.1255325,4.84,9.285
"1337","Clay St. & Kearny St. (BC)",37.794292,-122.404098,200,3,16,10.6246082485876,1.16801201834379,8.3066431685086,2.31728813559322,29.4137288135593,72.0236923076923,45.1853846153846,0.133227692307692,4.98307692307692,9.36846153846154
"1338","Clay St. & Kearny St. (BC)",37.794292,-122.404098,200,3,17,10.4191501694915,1.18638480275777,8.01047559040606,2.40932203389831,32.3615254237288,70.3566153846154,47.2753846153846,0.209734615384615,5.54384615384615,10.0515384615385
"1339","Clay St. & Kearny St. (BC)",37.794292,-122.404098,200,3,18,10.9995579096045,1.12902297340767,8.05490356296635,2.94508474576271,39.7315254237288,67.0723076923077,51.5561538461538,0.256070769230769,6.01769230769231,11.5569230769231
"1340","Clay St. & Kearny St. (BC)",37.794292,-122.404098,200,3,19,11.3336631638418,1.11423224616897,8.88767256315951,2.44457627118644,29.6794915254237,63.6647692307692,56.4715384615385,0.323711538461538,6.41076923076923,13.0846153846154
"1341","Clay St. & Kearny St. (BC)",37.794292,-122.404098,200,3,20,11.8169611299435,1.09084489876706,8.98326189303267,2.83271186440678,33.9864406779661,61.7996923076923,59.6684615384615,0.276257692307692,5.97307692307692,12.7253846153846
"1342","Clay St. & Kearny St. (BC)",37.794292,-122.404098,200,3,21,12.1659381920904,1.06409880107835,9.94450548953629,2.22271186440678,25.3066101694915,60.5216923076923,61.9015384615385,0.211336153846154,5.54076923076923,11.1061538461538
"1343","Clay St. & Kearny St. (BC)",37.794292,-122.404098,200,3,22,12.7706498870057,1.01632755573435,10.4416113455639,2.32830508474576,23.2447457627119,59.9941538461538,62.9,0.158252307692308,5.10153846153846,10.5461538461538
"1344","Clay St. & Kearny St. (BC)",37.794292,-122.404098,200,3,23,13.0606914124294,1.00239706172862,10.655227455224,2.40525423728814,23.3145762711864,59.5538461538462,63.8876923076923,0.150137692307692,4.83230769230769,10.6130769230769
"1345","Clay St. & Kearny St. (BC)",37.794292,-122.404098,300,12,0,12.3409323395544,1.15783944139678,10.6525192075172,1.69886363636364,16.3215340909091,NA,NA,NA,NA,NA
"1346","Clay St. & Kearny St. (BC)",37.794292,-122.404098,300,12,1,12.3947433438704,1.10183662184773,11.350840505245,1.38384,14.11168,NA,NA,NA,NA,NA
"1347","Clay St. & Kearny St. (BC)",37.794292,-122.404098,300,12,2,12.8150639409683,1.07402789356061,11.5075053012304,1.2321186440678,12.2206779661017,NA,NA,NA,NA,NA
"1348","Clay St. & Kearny St. (BC)",37.794292,-122.404098,300,12,3,12.5472191032632,1.07484785646196,11.2481853731998,1.15253968253968,12.304126984127,NA,NA,NA,NA,NA
"1349","Clay St. & Kearny St. (BC)",37.794292,-122.404098,300,12,4,12.6969247558945,1.0756629925408,11.577227661408,1.01640845070423,8.7693661971831,NA,NA,NA,NA,NA
"1350","Clay St. & Kearny St. (BC)",37.794292,-122.404098,300,12,5,13.0452597049453,1.05643513522056,11.0277629781652,2.0182320441989,19.6225414364641,NA,NA,NA,NA,NA
"1351","Clay St. & Kearny St. (BC)",37.794292,-122.404098,300,12,6,12.1763004204974,1.15156365835191,9.90563251798802,2.27060773480663,25.2791712707182,NA,NA,NA,NA,NA
"1352","Clay St. & Kearny St. (BC)",37.794292,-122.404098,300,12,7,11.3699073923928,1.21388285184796,9.14760189761251,2.22138121546961,25.2034254143646,NA,NA,NA,NA,NA
"1353","Clay St. & Kearny St. (BC)",37.794292,-122.404098,300,12,8,11.3135805744493,1.17405405973097,8.22349168650888,3.09121546961326,39.5608287292818,NA,NA,NA,NA,NA
"1354","Clay St. & Kearny St. (BC)",37.794292,-122.404098,300,12,9,11.4044639029053,1.16780399462258,7.81952971965186,3.58386740331492,47.5340331491713,NA,NA,NA,NA,NA
"1355","Clay St. & Kearny St. (BC)",37.794292,-122.404098,300,12,10,11.5332511196414,1.17187673515348,7.98065722365343,3.5524861878453,45.7537016574586,NA,NA,NA,NA,NA
"1356","Clay St. & Kearny St. (BC)",37.794292,-122.404098,300,12,11,11.2687595974743,1.19671875312168,8.18954331163734,3.08049723756906,39.6010497237569,NA,NA,NA,NA,NA
"1357","Clay St. & Kearny St. (BC)",37.794292,-122.404098,300,12,12,11.2950678178994,1.19234540800844,8.14672383210615,3.14762430939227,40.7200552486188,NA,NA,NA,NA,NA
"1358","Clay St. & Kearny St. (BC)",37.794292,-122.404098,300,12,13,11.2864609774756,1.19290053714242,8.34816971529952,2.93872928176796,38.4504972375691,NA,NA,NA,NA,NA
"1359","Clay St. & Kearny St. (BC)",37.794292,-122.404098,300,12,14,11.1344705174169,1.18788312658416,8.54129962155027,2.59348066298343,32.2430939226519,NA,NA,NA,NA,NA
"1360","Clay St. & Kearny St. (BC)",37.794292,-122.404098,300,12,15,10.9523021019557,1.20604140017322,8.45581109581386,2.49574585635359,31.502817679558,NA,NA,NA,NA,NA
"1361","Clay St. & Kearny St. (BC)",37.794292,-122.404098,300,12,16,10.6774190213377,1.23259515019765,8.67232772806574,2.00419889502762,24.6144198895028,NA,NA,NA,NA,NA
"1362","Clay St. & Kearny St. (BC)",37.794292,-122.404098,300,12,17,10.4842416526037,1.25789376499989,8.12802872611584,2.35723756906077,31.6791712707182,NA,NA,NA,NA,NA
"1363","Clay St. & Kearny St. (BC)",37.794292,-122.404098,300,12,18,10.9635764614197,1.19936522177345,8.29035595874501,2.67353591160221,34.4064640883978,NA,NA,NA,NA,NA
"1364","Clay St. & Kearny St. (BC)",37.794292,-122.404098,300,12,19,11.4446272043721,1.17104481895127,8.97949252970794,2.46480662983425,29.1609392265193,NA,NA,NA,NA,NA
"1365","Clay St. & Kearny St. (BC)",37.794292,-122.404098,300,12,20,11.9446953540508,1.12358869488746,9.32840750270757,2.61563535911602,29.7078453038674,NA,NA,NA,NA,NA
"1366","Clay St. & Kearny St. (BC)",37.794292,-122.404098,300,12,21,12.1656317182982,1.13319957711002,9.92858049113037,2.23674033149171,24.5167403314917,NA,NA,NA,NA,NA
"1367","Clay St. & Kearny St. (BC)",37.794292,-122.404098,300,12,22,12.4517800605226,1.12843685360287,10.6268098494448,1.82370165745856,18.1595580110497,NA,NA,NA,NA,NA
"1368","Clay St. & Kearny St. (BC)",37.794292,-122.404098,300,12,23,12.38498054744,1.12740213395589,10.8964403633429,1.48690607734807,14.8909392265193,NA,NA,NA,NA,NA
"1369","Clay St. & Kearny St. (BC)",37.794292,-122.404098,300,1,0,12.2911843313264,1.15379919778801,10.6525192075172,1.67232954545455,16.134375,54.8908571428571,58.0014285714286,0.305528571428571,8.16428571428571,10.9985714285714
"1370","Clay St. & Kearny St. (BC)",37.794292,-122.404098,300,1,1,12.3876053597772,1.13230531238663,11.350840505245,1.7148,17.09504,54.9062857142857,58.1214285714286,0.260174285714286,6.14,10.7857142857143
"1371","Clay St. & Kearny St. (BC)",37.794292,-122.404098,300,1,2,12.8393158215788,1.07149775659651,11.5075053012304,1.42440677966102,13.6966949152542,54.7237142857143,58.9442857142857,0.274648571428571,6.32,10.8642857142857
"1372","Clay St. & Kearny St. (BC)",37.794292,-122.404098,300,1,3,12.9469796222886,1.05706105359736,11.2481853731998,1.7097619047619,17.884126984127,54.4588571428571,58.22,0.47045,7.11285714285714,11.3171428571429
"1373","Clay St. & Kearny St. (BC)",37.794292,-122.404098,300,1,4,12.9310766398986,1.05686973719348,11.577227661408,1.32352112676056,11.4408450704225,53.9214285714286,58.2571428571429,0.481085714285714,7.46857142857143,12.3557142857143
"1374","Clay St. & Kearny St. (BC)",37.794292,-122.404098,300,1,5,13.1425933823293,1.05413932762107,11.0277629781652,2.11508287292818,20.6127624309392,53.6051428571429,58.7357142857143,0.477771428571429,7.49,13.0242857142857
"1375","Clay St. & Kearny St. (BC)",37.794292,-122.404098,300,1,6,12.1518374163499,1.16175913772439,9.90563251798802,2.24596685082873,25.0050276243094,53.3762857142857,59.2657142857143,0.47037,7.56,12.9728571428571
"1376","Clay St. & Kearny St. (BC)",37.794292,-122.404098,300,1,7,11.6486730290438,1.16107032023408,9.14760189761251,2.50088397790055,28.7448066298343,53.3428571428571,59.8285714285714,0.49107,8.14428571428572,14.02
"1377","Clay St. & Kearny St. (BC)",37.794292,-122.404098,300,1,8,11.029556414649,1.20045911235141,8.22349168650888,2.80441988950276,36.1502762430939,53.6308571428571,59.7828571428571,0.628998571428571,9.04714285714286,14.65
"1378","Clay St. & Kearny St. (BC)",37.794292,-122.404098,300,1,9,11.2632685901388,1.17481814580611,7.81952971965186,3.44110497237569,45.8379005524862,54.5951428571429,58.4957142857143,0.669822857142857,9.52714285714286,14.2842857142857
"1379","Clay St. & Kearny St. (BC)",37.794292,-122.404098,300,1,10,11.416355306455,1.16543516384051,7.98065722365343,3.43696132596685,44.4998342541437,56.9428571428571,55.3957142857143,0.649264285714286,10.3371428571429,14.31
"1380","Clay St. & Kearny St. (BC)",37.794292,-122.404098,300,1,11,11.3406923484111,1.17118211547407,8.18954331163734,3.1517679558011,40.6208287292818,60.476,49.4428571428571,0.514511428571429,8.98428571428571,12.9771428571429
"1381","Clay St. & Kearny St. (BC)",37.794292,-122.404098,300,1,12,11.0894491997084,1.21537747946836,8.14672383210615,2.94259668508287,38.0130386740331,60.6071428571429,46.1285714285714,0.455658571428571,8.54714285714286,12.5342857142857
"1382","Clay St. & Kearny St. (BC)",37.794292,-122.404098,300,1,13,11.1990223896151,1.20106951768441,8.34816971529952,2.84994475138122,37.044861878453,63.422,42.7133333333333,0.283101666666667,7.33833333333333,11.025
"1383","Clay St. & Kearny St. (BC)",37.794292,-122.404098,300,1,14,11.0816125661709,1.19891837007282,8.54129962155027,2.53966850828729,31.4925414364641,62.9825,43.66375,0.36713375,9.305,10.80375
"1384","Clay St. & Kearny St. (BC)",37.794292,-122.404098,300,1,15,11.2129822665532,1.19306231344844,8.45581109581386,2.75685082872928,34.7253038674033,64.175,43.585,0.3400025,8.99875,10.06875
"1385","Clay St. & Kearny St. (BC)",37.794292,-122.404098,300,1,16,11.0182515206381,1.19960549157148,8.67232772806574,2.34563535911602,28.6926519337017,63.113,44.7025,0.3444825,8.52875,11.16375
"1386","Clay St. & Kearny St. (BC)",37.794292,-122.404098,300,1,17,10.7380704058167,1.22262267561734,8.12802872611584,2.60933701657459,35.0576795580111,59.44775,50.55125,0.41756625,8.155,14.34875
"1387","Clay St. & Kearny St. (BC)",37.794292,-122.404098,300,1,18,11.1813679983096,1.18049485665718,8.29035595874501,2.89099447513812,37.1644198895028,57.407,55.37625,0.47663125,8.6925,14.945
"1388","Clay St. & Kearny St. (BC)",37.794292,-122.404098,300,1,19,11.5794498321762,1.15057307127096,8.97949252970794,2.59939226519337,30.497182320442,56.45525,56.89625,0.46782625,9.105,13.065
"1389","Clay St. & Kearny St. (BC)",37.794292,-122.404098,300,1,20,11.956149819081,1.12149462008772,9.32840750270757,2.62939226519337,29.7917127071823,55.76,57.6825,0.4523475,9.60625,12.69125
"1390","Clay St. & Kearny St. (BC)",37.794292,-122.404098,300,1,21,12.2930133253167,1.12909834871586,9.92858049113037,2.36425414364641,25.7011049723757,55.3775,57.965,0.372645,7.8625,12.5325
"1391","Clay St. & Kearny St. (BC)",37.794292,-122.404098,300,1,22,12.4209470058202,1.13802482898728,10.6268098494448,1.79348066298343,17.7759116022099,55.42025,58.02375,0.29128375,6.64625,11.34375
"1392","Clay St. & Kearny St. (BC)",37.794292,-122.404098,300,1,23,12.4639980369999,1.14023336690469,10.8964403633429,1.5675138121547,15.5795580110497,55.44275,59.8775,0.25110625,6.61125,11.08125
"1393","Clay St. & Kearny St. (BC)",37.794292,-122.404098,300,2,0,12.0930002025783,1.14184078091894,10.6525192075172,1.50568181818182,14.6830681818182,56.7885714285714,66.5860714285714,0.296935714285714,5.35964285714286,12.1514285714286
"1394","Clay St. & Kearny St. (BC)",37.794292,-122.404098,300,2,1,12.1654664456722,1.11742355033165,11.350840505245,1.06344,11.05776,56.4035,67.5378571428571,0.290231428571429,4.91714285714286,11.4875
"1395","Clay St. & Kearny St. (BC)",37.794292,-122.404098,300,2,2,12.7442824677716,1.05964860644527,11.5075053012304,1.62516949152542,15.8385593220339,55.936,67.8155555555556,0.282137777777778,4.63296296296296,11.4066666666667
"1396","Clay St. & Kearny St. (BC)",37.794292,-122.404098,300,2,3,12.9308262062615,1.03579665233003,11.2481853731998,1.71944444444444,17.5678571428571,55.8647857142857,68.6246428571429,0.2745375,4.61535714285714,11.5028571428571
"1397","Clay St. & Kearny St. (BC)",37.794292,-122.404098,300,2,4,12.7445837200737,1.06030872418451,11.577227661408,1.23232394366197,10.8121126760563,55.5632857142857,69.0596428571429,0.335135357142857,4.77357142857143,12.0185714285714
"1398","Clay St. & Kearny St. (BC)",37.794292,-122.404098,300,2,5,12.8820086924494,1.05185215339225,11.0277629781652,1.85419889502762,18.2453038674033,55.3877857142857,69.1010714285714,0.414408928571429,4.85535714285714,12.8725
"1399","Clay St. & Kearny St. (BC)",37.794292,-122.404098,300,2,6,12.1543538305709,1.14486337969518,9.90563251798802,2.2485635359116,25.3205524861878,55.0702142857143,69.505,0.347899642857143,5.00178571428571,13.7542857142857
"1400","Clay St. & Kearny St. (BC)",37.794292,-122.404098,300,2,7,11.5629016022099,1.17889001707395,9.14760189761251,2.41591160220994,27.5944751381215,55.1113571428571,69.8885714285714,0.422775714285714,5.14,14.7846428571429
"1401","Clay St. & Kearny St. (BC)",37.794292,-122.404098,300,2,8,11.0288679005525,1.21295873779475,8.22349168650888,2.80657458563536,35.9897237569061,55.7767142857143,68.5167857142857,0.420604642857143,5.55607142857143,14.2310714285714
"1402","Clay St. & Kearny St. (BC)",37.794292,-122.404098,300,2,9,11.0639016758748,1.19575637495427,7.81952971965186,3.24386740331492,42.9905524861878,56.9852857142857,66.5142857142857,0.410771428571429,5.98964285714286,13.8996428571429
"1403","Clay St. & Kearny St. (BC)",37.794292,-122.404098,300,2,10,11.3763361141805,1.18178812657072,7.98065722365343,3.39519337016575,43.9744198895028,59.3766153846154,63.4069230769231,0.524333076923077,6.47423076923077,14.4988461538462
"1404","Clay St. & Kearny St. (BC)",37.794292,-122.404098,300,2,11,11.0915835174954,1.20941179344188,8.18954331163734,2.90138121546961,37.2755801104972,63.7673,58.1705,0.5048475,7.224,13.7585
"1405","Clay St. & Kearny St. (BC)",37.794292,-122.404098,300,2,12,11.0885538121547,1.21426386115685,8.14672383210615,2.94259668508287,37.7159668508287,64.918,52.8566666666667,0.467779259259259,7.36185185185185,11.6662962962963
"1406","Clay St. & Kearny St. (BC)",37.794292,-122.404098,300,2,13,11.1501556353591,1.21369208799981,8.34816971529952,2.80325966850829,36.3048066298343,68.412875,51.04125,0.249920625,6.448125,10.666875
"1407","Clay St. & Kearny St. (BC)",37.794292,-122.404098,300,2,14,11.148458213628,1.19929990605067,8.54129962155027,2.60740331491713,32.2180662983425,67.5977692307692,48.8176923076923,0.271401923076923,5.29653846153846,10.0292307692308
"1408","Clay St. & Kearny St. (BC)",37.794292,-122.404098,300,2,15,10.9650069300184,1.20465948934518,8.45581109581386,2.51016574585635,31.4419889502762,70.106,49.3983333333333,0.242749166666667,5.45041666666667,10.4575
"1409","Clay St. & Kearny St. (BC)",37.794292,-122.404098,300,2,16,10.9314658195212,1.20797566197516,8.67232772806574,2.25729281767956,27.5278453038674,68.3285,50.074,0.3028455,5.749,10.5795
"1410","Clay St. & Kearny St. (BC)",37.794292,-122.404098,300,2,17,10.6475327440147,1.22962494703185,8.12802872611584,2.52011049723757,33.5232044198895,63.9056428571429,54.0646428571429,0.409145,6.17607142857143,14.6625
"1411","Clay St. & Kearny St. (BC)",37.794292,-122.404098,300,2,18,11.1438262983425,1.18522952620136,8.29035595874501,2.85254143646409,36.5233701657459,61.3393571428571,58.2932142857143,0.413877857142857,7.01642857142857,14.6635714285714
"1412","Clay St. & Kearny St. (BC)",37.794292,-122.404098,300,2,19,11.5371704972376,1.15901627726272,8.97949252970794,2.55718232044199,29.9901104972376,60.0947857142857,60.5414285714286,0.389553928571429,7.86678571428571,13.8803571428571
"1413","Clay St. & Kearny St. (BC)",37.794292,-122.404098,300,2,20,11.9957162799263,1.13296592763785,9.32840750270757,2.66828729281768,30.1790607734807,59.1922142857143,62.0460714285714,0.3802775,7.50642857142857,13.5517857142857
"1414","Clay St. & Kearny St. (BC)",37.794292,-122.404098,300,2,21,12.4604542541436,1.09799180296489,9.92858049113037,2.53204419889503,27.501270718232,58.2645714285714,63.63,0.401699642857143,6.98214285714286,13.6467857142857
"1415","Clay St. & Kearny St. (BC)",37.794292,-122.404098,300,2,22,12.2932302209945,1.14225483123401,10.6268098494448,1.66685082872928,16.5927624309392,57.5818571428571,64.8978571428571,0.360603214285714,5.92785714285714,12.6792857142857
"1416","Clay St. & Kearny St. (BC)",37.794292,-122.404098,300,2,23,12.3678962983425,1.12369885272988,10.8964403633429,1.47060773480663,14.7601104972376,57.0752857142857,65.7546428571429,0.285777857142857,5.36678571428571,11.9167857142857
"1417","Clay St. & Kearny St. (BC)",37.794292,-122.404098,300,3,0,12.0879659668508,1.12989263834004,10.6525192075172,1.50409090909091,14.561875,58.622,63.545,0.134597857142857,4.655,9.69285714285714
"1418","Clay St. & Kearny St. (BC)",37.794292,-122.404098,300,3,1,12.2230038305709,1.09121118269921,11.350840505245,1.07016,10.81208,58.3391428571429,63.8407142857143,0.133544285714286,4.65214285714286,9.63928571428571
"1419","Clay St. & Kearny St. (BC)",37.794292,-122.404098,300,3,2,13.026250626151,1.04084634584714,11.5075053012304,1.86635593220339,17.9223728813559,58.2038461538462,64.92,0.130823076923077,4.57076923076923,9.82230769230769
"1420","Clay St. & Kearny St. (BC)",37.794292,-122.404098,300,3,3,13.2190838858195,1.03125758902221,11.2481853731998,2.07420634920635,21.192619047619,57.6731428571429,65.7864285714286,0.121231428571429,4.54571428571429,9.89285714285714
"1421","Clay St. & Kearny St. (BC)",37.794292,-122.404098,300,3,4,12.9071511786372,1.0562274130283,11.577227661408,1.32197183098592,11.549014084507,57.4545714285714,66.7264285714286,0.151917857142857,4.36285714285714,10.4064285714286
"1422","Clay St. & Kearny St. (BC)",37.794292,-122.404098,300,3,5,12.9121861325967,1.05236252252148,11.0277629781652,1.88618784530387,18.4569613259669,57.2681428571429,67.6928571428572,0.191967857142857,4.50071428571429,11.9242857142857
"1423","Clay St. & Kearny St. (BC)",37.794292,-122.404098,300,3,6,11.9956250460405,1.12930578381339,9.90563251798802,2.08872928176796,23.4993922651934,57.2257142857143,68.1264285714286,0.223174285714286,4.61214285714286,12.1635714285714
"1424","Clay St. & Kearny St. (BC)",37.794292,-122.404098,300,3,7,11.265281480663,1.22384304147446,9.14760189761251,2.11922651933702,24.0765745856354,57.3594285714286,67.8507142857143,0.248548571428571,4.73571428571429,12.615
"1425","Clay St. & Kearny St. (BC)",37.794292,-122.404098,300,3,8,10.8533467403315,1.22134099749909,8.22349168650888,2.63082872928177,33.9816574585635,58.1244285714286,66.5514285714286,0.265843571428571,5.94428571428571,12.5121428571429
"1426","Clay St. & Kearny St. (BC)",37.794292,-122.404098,300,3,9,11.1197649723757,1.18452980010954,7.81952971965186,3.30011049723757,43.8874033149171,59.5843076923077,64.3346153846154,0.279462307692308,6.10615384615385,12.7576923076923
"1427","Clay St. & Kearny St. (BC)",37.794292,-122.404098,300,3,10,11.2674578268877,1.1867674265601,7.98065722365343,3.28668508287293,42.5820994475138,60.9414285714286,61.5307142857143,0.250178571428571,5.39857142857143,12.255
"1428","Clay St. & Kearny St. (BC)",37.794292,-122.404098,300,3,11,10.9445096500921,1.22917249810849,8.18954331163734,2.75580110497238,35.5095027624309,64.2756363636364,56.3318181818182,0.257377272727273,5.86454545454546,11.7072727272727
"1429","Clay St. & Kearny St. (BC)",37.794292,-122.404098,300,3,12,10.9963327255985,1.22035602422277,8.14672383210615,2.85044198895028,36.7529281767956,69.677,52.9,0.23625,6.19166666666667,10.06
"1430","Clay St. & Kearny St. (BC)",37.794292,-122.404098,300,3,13,10.9047183241252,1.22966514099364,8.34816971529952,2.55734806629834,33.3870165745856,69.992,49.4488888888889,0.168516666666667,5.69111111111111,9.29555555555556
"1431","Clay St. & Kearny St. (BC)",37.794292,-122.404098,300,3,14,10.9939439042357,1.21978608056499,8.54129962155027,2.45486187845304,30.4126519337017,72.1870769230769,45.1276923076923,0.148413846153846,5.15615384615385,8.98
"1432","Clay St. & Kearny St. (BC)",37.794292,-122.404098,300,3,15,10.881186519337,1.22054391571405,8.45581109581386,2.42502762430939,30.5011049723757,72.3365,44.2583333333333,0.1255325,4.84,9.285
"1433","Clay St. & Kearny St. (BC)",37.794292,-122.404098,300,3,16,10.8405814364641,1.21528053037555,8.67232772806574,2.16696132596685,26.4074585635359,72.0236923076923,45.1853846153846,0.133227692307692,4.98307692307692,9.36846153846154
"1434","Clay St. & Kearny St. (BC)",37.794292,-122.404098,300,3,17,10.6868093554328,1.22748011012024,8.12802872611584,2.56011049723757,34.0734806629834,70.3566153846154,47.2753846153846,0.209734615384615,5.54384615384615,10.0515384615385
"1435","Clay St. & Kearny St. (BC)",37.794292,-122.404098,300,3,18,11.0182420994475,1.20359756748122,8.29035595874501,2.72911602209945,34.8883977900553,67.0723076923077,51.5561538461538,0.256070769230769,6.01769230769231,11.5569230769231
"1436","Clay St. & Kearny St. (BC)",37.794292,-122.404098,300,3,19,11.4488216758748,1.17231269821926,8.97949252970794,2.46883977900552,28.8406077348066,63.6647692307692,56.4715384615385,0.323711538461538,6.41076923076923,13.0846153846154
"1437","Clay St. & Kearny St. (BC)",37.794292,-122.404098,300,3,20,12.020984014733,1.12548464548445,9.32840750270757,2.69121546961326,30.4941436464088,61.7996923076923,59.6684615384615,0.276257692307692,5.97307692307692,12.7253846153846
"1438","Clay St. & Kearny St. (BC)",37.794292,-122.404098,300,3,21,12.2689694843462,1.12838226560483,9.92858049113037,2.34055248618785,25.5129834254144,60.5216923076923,61.9015384615385,0.211336153846154,5.54076923076923,11.1061538461538
"1439","Clay St. & Kearny St. (BC)",37.794292,-122.404098,300,3,22,12.4243866666667,1.14705793550837,10.6268098494448,1.79718232044199,17.9439779005525,59.9941538461538,62.9,0.158252307692308,5.10153846153846,10.5461538461538
"1440","Clay St. & Kearny St. (BC)",37.794292,-122.404098,300,3,23,12.4244403314917,1.13965506565204,10.8964403633429,1.52657458563536,15.2483977900552,59.5538461538462,63.8876923076923,0.150137692307692,4.83230769230769,10.6130769230769
"1441","Eddy St. & Jones St. (BC)",37.783781,-122.411561,100,12,0,12.0359583435583,1.02444061299087,8.62049955769231,3.4175,39.6525,NA,NA,NA,NA,NA
"1442","Eddy St. & Jones St. (BC)",37.783781,-122.411561,100,12,1,11.5895642588933,1.05681683129593,10.0470981140351,1.5425,15.5375,NA,NA,NA,NA,NA
"1443","Eddy St. & Jones St. (BC)",37.783781,-122.411561,100,12,2,11.0655826859504,1.07247121322374,10.4856,0.58,6.185,NA,NA,NA,NA,NA
"1444","Eddy St. & Jones St. (BC)",37.783781,-122.411561,100,12,3,10.6722048219814,1.10069771247151,9.12885365853659,0.31,3.43,NA,NA,NA,NA,NA
"1445","Eddy St. & Jones St. (BC)",37.783781,-122.411561,100,12,4,10.7849612620579,1.12427019948071,10.2455508333333,0.5425,5.7675,NA,NA,NA,NA,NA
"1446","Eddy St. & Jones St. (BC)",37.783781,-122.411561,100,12,5,10.8930677938343,1.07749190673181,10.3135523188406,0.5775,5.215,NA,NA,NA,NA,NA
"1447","Eddy St. & Jones St. (BC)",37.783781,-122.411561,100,12,6,11.4028001443001,1.08033583522521,9.19508915384615,2.21,23.5475,NA,NA,NA,NA,NA
"1448","Eddy St. & Jones St. (BC)",37.783781,-122.411561,100,12,7,11.1764937068966,1.04696141408049,8.76883308333333,2.41,27.2175,NA,NA,NA,NA,NA
"1449","Eddy St. & Jones St. (BC)",37.783781,-122.411561,100,12,8,10.5481165384615,1.11862461746253,8.26741691666667,2.28,27.45,NA,NA,NA,NA,NA
"1450","Eddy St. & Jones St. (BC)",37.783781,-122.411561,100,12,9,10.7957505769231,1.07226871367699,7.70641641666667,3.09,40.3675,NA,NA,NA,NA,NA
"1451","Eddy St. & Jones St. (BC)",37.783781,-122.411561,100,12,10,10.6057494230769,1.09664373001507,8.09132738095238,2.5175,32.3825,NA,NA,NA,NA,NA
"1452","Eddy St. & Jones St. (BC)",37.783781,-122.411561,100,12,11,10.1931696153846,1.14231455178749,7.59574975,2.595,34.1775,NA,NA,NA,NA,NA
"1453","Eddy St. & Jones St. (BC)",37.783781,-122.411561,100,12,12,10.5075611538462,1.10009099900138,7.37545833333333,3.1325,42.45,NA,NA,NA,NA,NA
"1454","Eddy St. & Jones St. (BC)",37.783781,-122.411561,100,12,13,10.7413625,1.07883124336117,7.35758308333333,3.385,48.8825,NA,NA,NA,NA,NA
"1455","Eddy St. & Jones St. (BC)",37.783781,-122.411561,100,12,14,11.1943688461538,1.02957971687558,8.19762573099415,2.995,36.9525,NA,NA,NA,NA,NA
"1456","Eddy St. & Jones St. (BC)",37.783781,-122.411561,100,12,15,11.0538869230769,1.04766434919401,8.54794822687861,2.5075,29.9625,NA,NA,NA,NA,NA
"1457","Eddy St. & Jones St. (BC)",37.783781,-122.411561,100,12,16,10.916655,1.0429603313495,8.30541666666667,2.61,31.4375,NA,NA,NA,NA,NA
"1458","Eddy St. & Jones St. (BC)",37.783781,-122.411561,100,12,17,10.4595763461539,1.10399856949478,7.65083308333333,2.81,37.0725,NA,NA,NA,NA,NA
"1459","Eddy St. & Jones St. (BC)",37.783781,-122.411561,100,12,18,10.6737709615384,1.0809835,7.99658358333333,2.6725,33.6175,NA,NA,NA,NA,NA
"1460","Eddy St. & Jones St. (BC)",37.783781,-122.411561,100,12,19,11.1779819230769,1.0348517093756,8.79775025,2.3825,27.1175,NA,NA,NA,NA,NA
"1461","Eddy St. & Jones St. (BC)",37.783781,-122.411561,100,12,20,12.1608263461539,1.00239361096567,8.94224975,3.2175,35.9925,NA,NA,NA,NA,NA
"1462","Eddy St. & Jones St. (BC)",37.783781,-122.411561,100,12,21,12.5007517307692,1.01017172790034,8.6086349244186,3.89,45.0975,NA,NA,NA,NA,NA
"1463","Eddy St. & Jones St. (BC)",37.783781,-122.411561,100,12,22,12.2118548425197,1,9.03412951807229,3.175,35.7275,NA,NA,NA,NA,NA
"1464","Eddy St. & Jones St. (BC)",37.783781,-122.411561,100,12,23,12.4980996153846,1,10.2822457480315,2.215,21.595,NA,NA,NA,NA,NA
"1465","Eddy St. & Jones St. (BC)",37.783781,-122.411561,100,1,0,11.5129484625668,1.03385003659294,8.62049955769231,2.89,33.825,54.77,63.575,0.3380625,7.34,12.21
"1466","Eddy St. & Jones St. (BC)",37.783781,-122.411561,100,1,1,12.067165,1.01696847734826,10.0470981140351,2.02,20.4275,54.9725,63.29,0.2383,6.705,12.4925
"1467","Eddy St. & Jones St. (BC)",37.783781,-122.411561,100,1,2,11.4098808963283,1.05065017845584,10.4856,0.9275,9.5075,54.86,62.92,0.2364375,7.065,12.19
"1468","Eddy St. & Jones St. (BC)",37.783781,-122.411561,100,1,3,11.3327056417625,1.04899735918088,9.12885365853659,0.3,3.27,54.8285,62.4325,0.36932,8.255,12.685
"1469","Eddy St. & Jones St. (BC)",37.783781,-122.411561,100,1,4,11.5358280654102,1.04484430996763,10.2455508333333,1.29,12.905,54.6935,61.8075,0.462075,9.5875,13.515
"1470","Eddy St. & Jones St. (BC)",37.783781,-122.411561,100,1,5,11.0547648200514,1.08365291486182,10.3135523188406,0.7425,6.5275,54.4865,61.1675,0.4582025,9.435,13.4625
"1471","Eddy St. & Jones St. (BC)",37.783781,-122.411561,100,1,6,11.6351687789905,1.06317668862575,9.19508915384615,2.4375,26.155,54.185,61.885,0.3667625,8.8325,14.26
"1472","Eddy St. & Jones St. (BC)",37.783781,-122.411561,100,1,7,10.8542846428571,1.08736248893321,8.76883308333333,2.085,23.675,54.266,62.535,0.33554,8.84,13.89
"1473","Eddy St. & Jones St. (BC)",37.783781,-122.411561,100,1,8,10.5489075,1.08811266273524,8.26741691666667,2.28,27.52,54.545,63.1925,0.3503875,9.7125,14.24
"1474","Eddy St. & Jones St. (BC)",37.783781,-122.411561,100,1,9,10.6213225,1.08129390268683,7.70641641666667,2.9175,38.2625,55.292,60.2975,0.4009375,9.7825,12.9825
"1475","Eddy St. & Jones St. (BC)",37.783781,-122.411561,100,1,10,10.4781607142857,1.09841462942444,8.09132738095238,2.3825,30.7,56.219,58.395,0.367925,9.2725,13.0575
"1476","Eddy St. & Jones St. (BC)",37.783781,-122.411561,100,1,11,10.5502342857143,1.10262051657538,7.59574975,2.955,38.8875,58.3565,55.8025,0.4834125,9.4225,12.98
"1477","Eddy St. & Jones St. (BC)",37.783781,-122.411561,100,1,12,10.7248414285714,1.08254301560837,7.37545833333333,3.3475,45.435,60.737,53.1225,0.3042675,7.8625,11.6875
"1478","Eddy St. & Jones St. (BC)",37.783781,-122.411561,100,1,13,10.5224442857143,1.0878275662259,7.35758308333333,3.1625,45.3675,61.556,53.355,0.283515,7.44,11.8125
"1479","Eddy St. & Jones St. (BC)",37.783781,-122.411561,100,1,14,11.4394253571429,1.0163644837435,8.19762573099415,3.245,39.7375,60.539,55.275,0.200375,7.2525,11.3825
"1480","Eddy St. & Jones St. (BC)",37.783781,-122.411561,100,1,15,11.2670157142857,1.0255635511221,8.54794822687861,2.72,32.1325,60.0044,51.534,0.211112,7.088,11.78
"1481","Eddy St. & Jones St. (BC)",37.783781,-122.411561,100,1,16,11.0555860714286,1.03511762365372,8.30541666666667,2.7525,33.08,58.946,53.374,0.197256,6.866,12.126
"1482","Eddy St. & Jones St. (BC)",37.783781,-122.411561,100,1,17,10.9579967857143,1.05277173538208,7.65083308333333,3.3075,43.5775,57.3224,58.294,0.169912,7.038,12.652
"1483","Eddy St. & Jones St. (BC)",37.783781,-122.411561,100,1,18,11.3119264285714,1.01275731641943,7.99658358333333,3.3125,41.4725,56.228,61.388,0.20905,7.228,13.264
"1484","Eddy St. & Jones St. (BC)",37.783781,-122.411561,100,1,19,11.8020210714286,1,8.79775025,3.0025,34.1125,55.5872,63.506,0.26414,7.394,13.346
"1485","Eddy St. & Jones St. (BC)",37.783781,-122.411561,100,1,20,12.3386260714286,1.00953575177329,8.94224975,3.3975,37.8,55.3136,64.084,0.275894,7.252,13.806
"1486","Eddy St. & Jones St. (BC)",37.783781,-122.411561,100,1,21,12.4706628571428,1.01050713816714,8.6086349244186,3.86,44.82,55.22,64.482,0.24088,6.756,13.336
"1487","Eddy St. & Jones St. (BC)",37.783781,-122.411561,100,1,22,12.2320357142857,1.02021286656029,9.03412951807229,3.2,35.5225,55.3568,64.654,0.253634,6.704,13.336
"1488","Eddy St. & Jones St. (BC)",37.783781,-122.411561,100,1,23,12.170756380597,1.01883851722046,10.2822457480315,1.8875,18.21,55.4432,65.308,0.2697,6.646,12.908
"1489","Eddy St. & Jones St. (BC)",37.783781,-122.411561,100,2,0,11.294315,1.08179511546421,8.62049955769231,2.6725,31.1475,57.0515,66.5825,0.5574525,6.68714285714286,13.7396428571429
"1490","Eddy St. & Jones St. (BC)",37.783781,-122.411561,100,2,1,11.2213958333333,1.05329238141684,10.0470981140351,1.175,11.9775,56.7660714285714,66.9778571428571,0.320611071428571,6.46,14.1025
"1491","Eddy St. & Jones St. (BC)",37.783781,-122.411561,100,2,2,11.0523933333333,1.06836783169078,10.4856,0.565,6.17,56.3932142857143,67.7317857142857,0.31194,6.14571428571429,13.9092857142857
"1492","Eddy St. & Jones St. (BC)",37.783781,-122.411561,100,2,3,10.3474558333333,1.1060245076741,9.12885365853659,0.12,1.32,56.2787857142857,68.1639285714286,0.366822142857143,6.35178571428571,14.2025
"1493","Eddy St. & Jones St. (BC)",37.783781,-122.411561,100,2,4,10.9725025,1.04906060633113,10.2455508333333,0.73,7.73,55.9503846153846,68.9415384615385,0.387951538461538,6.45846153846154,15.3519230769231
"1494","Eddy St. & Jones St. (BC)",37.783781,-122.411561,100,2,5,11.4296641666667,1.06319993711011,10.3135523188406,1.115,10.33,55.6494285714286,68.9510714285714,0.358294642857143,6.21714285714286,15.2014285714286
"1495","Eddy St. & Jones St. (BC)",37.783781,-122.411561,100,2,6,11.8049558333333,1.08750114574472,9.19508915384615,2.61,27.855,55.4057857142857,69.5042857142857,0.371447857142857,6.57107142857143,15.9875
"1496","Eddy St. & Jones St. (BC)",37.783781,-122.411561,100,2,7,10.9303125,1.06828509908961,8.76883308333333,2.16,24.425,55.4019285714286,69.8092857142857,0.402066071428571,6.66535714285714,16.2707142857143
"1497","Eddy St. & Jones St. (BC)",37.783781,-122.411561,100,2,8,9.99829191666667,1.15091672551755,8.26741691666667,1.7325,21.095,56.1965,67.9132142857143,0.467011071428571,6.88214285714286,14.9139285714286
"1498","Eddy St. & Jones St. (BC)",37.783781,-122.411561,100,2,9,10.0857266666667,1.14464924297122,7.70641641666667,2.375,31.735,57.9174285714286,63.8025,0.415448214285714,7.05964285714286,13.0792857142857
"1499","Eddy St. & Jones St. (BC)",37.783781,-122.411561,100,2,10,10.23981,1.14448074128932,8.09132738095238,2.1475,27.415,59.837,60.2789285714286,0.390035357142857,7.135,12.7025
"1500","Eddy St. & Jones St. (BC)",37.783781,-122.411561,100,2,11,10.3326433333333,1.11216323876227,7.59574975,2.7375,36.005,63.8252857142857,53.7207142857143,0.482564642857143,6.86035714285714,12.075
"1501","Eddy St. & Jones St. (BC)",37.783781,-122.411561,100,2,12,10.2465025,1.13312856869345,7.37545833333333,2.87,38.865,67.7714,51.415,0.336272,7.099,10.765
"1502","Eddy St. & Jones St. (BC)",37.783781,-122.411561,100,2,13,10.5958541666667,1.09654381636123,7.35758308333333,3.24,46.105,69.476,47.9518181818182,0.218913181818182,5.66272727272727,9.19318181818182
"1503","Eddy St. & Jones St. (BC)",37.783781,-122.411561,100,2,14,11.3465,1.01922617591316,8.19762573099415,3.145,38.64,70.7139090909091,45.04,0.179422272727273,5.50636363636364,8.73409090909091
"1504","Eddy St. & Jones St. (BC)",37.783781,-122.411561,100,2,15,10.8237916666667,1.07153196315585,8.54794822687861,2.275,27.17,66.8707368421053,53.7126315789474,0.110078421052632,5.64947368421053,10.0342105263158
"1505","Eddy St. & Jones St. (BC)",37.783781,-122.411561,100,2,16,10.4732916666667,1.09770395780608,8.30541666666667,2.1675,26.14,64.4008181818182,52.1104545454545,0.126931363636364,6.12272727272727,11.7586363636364
"1506","Eddy St. & Jones St. (BC)",37.783781,-122.411561,100,2,17,10.2877914166667,1.13373175,7.65083308333333,2.635,35.1825,62.116,57.2,0.186695555555556,6.51037037037037,13.6966666666667
"1507","Eddy St. & Jones St. (BC)",37.783781,-122.411561,100,2,18,10.77481,1.0800175,7.99658358333333,2.775,34.8975,60.5711428571429,60.6460714285714,0.199230357142857,6.8175,14.1557142857143
"1508","Eddy St. & Jones St. (BC)",37.783781,-122.411561,100,2,19,11.12269,1.0526995,8.79775025,2.3225,26.54,59.6402857142857,62.5460714285714,0.234413928571429,7.1625,14.4503571428571
"1509","Eddy St. & Jones St. (BC)",37.783781,-122.411561,100,2,20,11.952935,1.00448340516759,8.94224975,3.0075,33.6725,58.8785,64.1207142857143,0.264406071428571,7.35321428571429,14.9360714285714
"1510","Eddy St. & Jones St. (BC)",37.783781,-122.411561,100,2,21,12.2945183333333,1.00966476719788,8.6086349244186,3.685,42.8125,58.214,64.8007407407407,0.274732962962963,7.24037037037037,15.1988888888889
"1511","Eddy St. & Jones St. (BC)",37.783781,-122.411561,100,2,22,12.086435,1.03204262075149,9.03412951807229,3.05,34.09,57.659,65.8267857142857,0.351243571428571,6.92821428571429,14.4810714285714
"1512","Eddy St. & Jones St. (BC)",37.783781,-122.411561,100,2,23,11.9641225,1,10.2822457480315,1.6825,16.59,57.2186428571429,66.1475,0.247167142857143,6.50035714285714,13.8117857142857
"1513","Eddy St. & Jones St. (BC)",37.783781,-122.411561,100,3,0,11.4919141666667,1.06190364028223,8.62049955769231,2.875,33.7725,58.8056,64.1993333333333,0.122806,5.82,11.7046666666667
"1514","Eddy St. & Jones St. (BC)",37.783781,-122.411561,100,3,1,11.7450416666667,1.02291208240974,10.0470981140351,1.7,17.165,58.628,64.2546666666667,0.115968,5.64933333333333,11.652
"1515","Eddy St. & Jones St. (BC)",37.783781,-122.411561,100,3,2,11.2384166666667,1.06046678957212,10.4856,0.7525,7.7375,58.3484,65.2406666666667,0.137774,5.64533333333333,11.8366666666667
"1516","Eddy St. & Jones St. (BC)",37.783781,-122.411561,100,3,3,10.6438958333333,1.12135792770941,9.12885365853659,0.25,2.7,58.094,66.0113333333333,0.146747333333333,5.75933333333333,12.3306666666667
"1517","Eddy St. & Jones St. (BC)",37.783781,-122.411561,100,3,4,11.0586016666667,1.04912073105413,10.2455508333333,0.8125,8.42,57.929,67.0207142857143,0.161003571428571,5.58857142857143,12.5328571428571
"1518","Eddy St. & Jones St. (BC)",37.783781,-122.411561,100,3,5,11.27644,1.08995348899018,10.3135523188406,0.9675,8.6025,57.5456,68,0.180693333333333,5.63133333333333,13.5113333333333
"1519","Eddy St. & Jones St. (BC)",37.783781,-122.411561,100,3,6,11.4514766666667,1.09123114293084,9.19508915384615,2.2575,24.0625,57.5372,68.356,0.238335333333333,5.90466666666667,14.46
"1520","Eddy St. & Jones St. (BC)",37.783781,-122.411561,100,3,7,10.9575208333333,1.06457825130983,8.76883308333333,2.19,24.8775,57.6236,67.9966666666667,0.237123333333333,5.62666666666667,14.062
"1521","Eddy St. & Jones St. (BC)",37.783781,-122.411561,100,3,8,9.75297891666667,1.18824264146033,8.26741691666667,1.485,17.9725,58.514,66.1326666666667,0.265937333333333,5.94466666666667,13.3166666666667
"1522","Eddy St. & Jones St. (BC)",37.783781,-122.411561,100,3,9,10.1382525,1.14122861624249,7.70641641666667,2.4325,32.54,60.098,63.494,0.257976666666667,6.01,12.3586666666667
"1523","Eddy St. & Jones St. (BC)",37.783781,-122.411561,100,3,10,10.2513566666667,1.10889695382083,8.09132738095238,2.16,28.205,62.072,59.6306666666667,0.222487333333333,5.80133333333333,10.9293333333333
"1524","Eddy St. & Jones St. (BC)",37.783781,-122.411561,100,3,11,10.1269975,1.14721089236196,7.59574975,2.53,33.34,64.7188571428571,54.6657142857143,0.272449285714286,5.99642857142857,10.3107142857143
"1525","Eddy St. & Jones St. (BC)",37.783781,-122.411561,100,3,12,10.45906,1.10717669974039,7.37545833333333,3.0825,41.63,69.5192,48.544,0.18527,6.038,9.377
"1526","Eddy St. & Jones St. (BC)",37.783781,-122.411561,100,3,13,10.7134375,1.07659823815304,7.35758308333333,3.3525,47.94,71.735,48.316,0.124842,5.697,8.987
"1527","Eddy St. & Jones St. (BC)",37.783781,-122.411561,100,3,14,11.2414608333333,1.02635601591499,8.19762573099415,3.04,37.3975,71.3287142857143,45.62,0.101010714285714,5.405,8.285
"1528","Eddy St. & Jones St. (BC)",37.783781,-122.411561,100,3,15,11.0955233333333,1.04742501919191,8.54794822687861,2.5475,30.435,71.2742,45.477,0.066639,5.43,8.726
"1529","Eddy St. & Jones St. (BC)",37.783781,-122.411561,100,3,16,10.5233308333333,1.10887375,8.30541666666667,2.22,26.735,67.2695,50.28,0.0530883333333333,5.4325,10.1691666666667
"1530","Eddy St. & Jones St. (BC)",37.783781,-122.411561,100,3,17,10.19193775,1.13623975,7.65083308333333,2.5425,33.815,65.9045,53.8483333333333,0.0887458333333333,5.82083333333333,11.68
"1531","Eddy St. & Jones St. (BC)",37.783781,-122.411561,100,3,18,10.8991641666667,1.06569025,7.99658358333333,2.9025,36.41,64.1216923076923,55.7584615384615,0.107342307692308,6.17307692307692,12.5215384615385
"1532","Eddy St. & Jones St. (BC)",37.783781,-122.411561,100,3,19,11.3741016666667,1.01535625,8.79775025,2.58,29.35,62.3158571428571,59.7964285714286,0.152391428571429,6.37928571428571,13.1585714285714
"1533","Eddy St. & Jones St. (BC)",37.783781,-122.411561,100,3,20,12.2235025,1.00421723051737,8.94224975,3.28,36.5675,61.1638571428571,62.0964285714286,0.166432142857143,6.46571428571429,13.5492857142857
"1534","Eddy St. & Jones St. (BC)",37.783781,-122.411561,100,3,21,12.4412108333333,1.01410098402564,8.6086349244186,3.83,44.5075,60.296,63.6414285714286,0.153389285714286,6.13285714285714,12.5878571428571
"1535","Eddy St. & Jones St. (BC)",37.783781,-122.411561,100,3,22,12.1879166666667,1.01302211618007,9.03412951807229,3.1525,35.155,59.9552857142857,64.4021428571429,0.133292142857143,5.94642857142857,12.37
"1536","Eddy St. & Jones St. (BC)",37.783781,-122.411561,100,3,23,12.2392475,1.0117646248883,10.2822457480315,1.96,18.9875,59.6608571428571,64.84,0.136178571428571,5.92214285714286,12.245
"1537","Eddy St. & Jones St. (BC)",37.783781,-122.411561,200,12,0,11.8217208273847,1.01150146493688,8.66931969973534,3.15352941176471,35.9629411764706,NA,NA,NA,NA,NA
"1538","Eddy St. & Jones St. (BC)",37.783781,-122.411561,200,12,1,11.0855708782849,1.03153556766867,9.55418287592796,1.53117647058824,15.9817647058824,NA,NA,NA,NA,NA
"1539","Eddy St. & Jones St. (BC)",37.783781,-122.411561,200,12,2,10.69975368846,1.0472107371135,10.7424921052632,0.639166666666667,6.32333333333333,NA,NA,NA,NA,NA
"1540","Eddy St. & Jones St. (BC)",37.783781,-122.411561,200,12,3,10.4246832495599,1.06053545292777,8.81104620684193,0.87625,10.1475,NA,NA,NA,NA,NA
"1541","Eddy St. & Jones St. (BC)",37.783781,-122.411561,200,12,4,10.6453486546461,1.07388544681445,10.5355672732426,0.645,6.33833333333333,NA,NA,NA,NA,NA
"1542","Eddy St. & Jones St. (BC)",37.783781,-122.411561,200,12,5,11.3504981364271,1.04112313257968,9.99533527382466,1.35411764705882,14.1064705882353,NA,NA,NA,NA,NA
"1543","Eddy St. & Jones St. (BC)",37.783781,-122.411561,200,12,6,11.0127613801231,1.05479951069422,9.01171109200603,2.00352941176471,21.7058823529412,NA,NA,NA,NA,NA
"1544","Eddy St. & Jones St. (BC)",37.783781,-122.411561,200,12,7,11.0257857941957,1.02279184192023,9.07297315686274,1.95470588235294,21.9088235294118,NA,NA,NA,NA,NA
"1545","Eddy St. & Jones St. (BC)",37.783781,-122.411561,200,12,8,10.7891383710407,1.07112917292354,8.2362158627451,2.55176470588235,30.9188235294118,NA,NA,NA,NA,NA
"1546","Eddy St. & Jones St. (BC)",37.783781,-122.411561,200,12,9,10.8670323076923,1.0451377476127,7.80374492156863,3.06411764705882,39.5841176470588,NA,NA,NA,NA,NA
"1547","Eddy St. & Jones St. (BC)",37.783781,-122.411561,200,12,10,10.6262880542986,1.0635713435365,7.99997759103641,2.62764705882353,33.8005882352941,NA,NA,NA,NA,NA
"1548","Eddy St. & Jones St. (BC)",37.783781,-122.411561,200,12,11,10.4284124886878,1.09191513265926,7.75049041176471,2.67470588235294,34.6888235294118,NA,NA,NA,NA,NA
"1549","Eddy St. & Jones St. (BC)",37.783781,-122.411561,200,12,12,10.5967890950226,1.06410196307421,7.22491841055975,3.37117647058824,47.38,NA,NA,NA,NA,NA
"1550","Eddy St. & Jones St. (BC)",37.783781,-122.411561,200,12,13,10.793450678733,1.0519961145229,7.43309345098039,3.36,46.7447058823529,NA,NA,NA,NA,NA
"1551","Eddy St. & Jones St. (BC)",37.783781,-122.411561,200,12,14,10.9972409049774,1.02234177252709,8.19409387340901,2.80117647058824,34.3388235294118,NA,NA,NA,NA,NA
"1552","Eddy St. & Jones St. (BC)",37.783781,-122.411561,200,12,15,10.7489292081448,1.03345848632691,8.28318265578601,2.46647058823529,30.1617647058824,NA,NA,NA,NA,NA
"1553","Eddy St. & Jones St. (BC)",37.783781,-122.411561,200,12,16,10.34458,1.04102134477012,8.07911705882353,2.26588235294118,27.7105882352941,NA,NA,NA,NA,NA
"1554","Eddy St. & Jones St. (BC)",37.783781,-122.411561,200,12,17,10.0000945927602,1.08784304777866,7.50342070588235,2.49764705882353,33.4005882352941,NA,NA,NA,NA,NA
"1555","Eddy St. & Jones St. (BC)",37.783781,-122.411561,200,12,18,10.4538337782805,1.06209888465357,7.92362762745098,2.52764705882353,32.32,NA,NA,NA,NA,NA
"1556","Eddy St. & Jones St. (BC)",37.783781,-122.411561,200,12,19,11.1047302262443,1.02442661659612,8.39845105882353,2.70941176470588,32.7882352941176,NA,NA,NA,NA,NA
"1557","Eddy St. & Jones St. (BC)",37.783781,-122.411561,200,12,20,11.8928371493213,1.00112640516031,8.5380978627451,3.35294117647059,39.5194117647059,NA,NA,NA,NA,NA
"1558","Eddy St. & Jones St. (BC)",37.783781,-122.411561,200,12,21,12.3317582352941,1.00478669548251,8.73977441541268,3.59,40.9235294117647,NA,NA,NA,NA,NA
"1559","Eddy St. & Jones St. (BC)",37.783781,-122.411561,200,12,22,12.0487434100545,1,8.86494094968108,3.18117647058824,36.0588235294118,NA,NA,NA,NA,NA
"1560","Eddy St. & Jones St. (BC)",37.783781,-122.411561,200,12,23,12.2868372850679,1,9.76745432705939,2.51764705882353,26.0435294117647,NA,NA,NA,NA,NA
"1561","Eddy St. & Jones St. (BC)",37.783781,-122.411561,200,1,0,11.592394018035,1.01592942898491,8.66931969973534,2.92,33.7035294117647,54.77,63.575,0.3380625,7.34,12.21
"1562","Eddy St. & Jones St. (BC)",37.783781,-122.411561,200,1,1,11.7824929858526,1.00798516581094,9.55418287592796,2.22764705882353,23.9411764705882,54.9725,63.29,0.2383,6.705,12.4925
"1563","Eddy St. & Jones St. (BC)",37.783781,-122.411561,200,1,2,11.1507806736278,1.03262078986157,10.7424921052632,0.989166666666667,9.575,54.86,62.92,0.2364375,7.065,12.19
"1564","Eddy St. & Jones St. (BC)",37.783781,-122.411561,200,1,3,11.1575073608294,1.025922580791,8.81104620684193,1.435,16.86125,54.8285,62.4325,0.36932,8.255,12.685
"1565","Eddy St. & Jones St. (BC)",37.783781,-122.411561,200,1,4,11.4011335443793,1.02282714586712,10.5355672732426,1.4275,13.6616666666667,54.6935,61.8075,0.462075,9.5875,13.515
"1566","Eddy St. & Jones St. (BC)",37.783781,-122.411561,200,1,5,11.0202718060746,1.03936607758203,9.99533527382466,1.02588235294118,9.80294117647059,54.4865,61.1675,0.4582025,9.435,13.4625
"1567","Eddy St. & Jones St. (BC)",37.783781,-122.411561,200,1,6,11.3493384170039,1.02973020641212,9.01171109200603,2.33705882352941,25.5752941176471,54.185,61.885,0.3667625,8.8325,14.26
"1568","Eddy St. & Jones St. (BC)",37.783781,-122.411561,200,1,7,10.7402343697479,1.05261033870425,9.07297315686274,1.66705882352941,18.7047058823529,54.266,62.535,0.33554,8.84,13.89
"1569","Eddy St. & Jones St. (BC)",37.783781,-122.411561,200,1,8,10.6195048739496,1.06574010424646,8.2362158627451,2.38352941176471,28.9229411764706,54.545,63.1925,0.3503875,9.7125,14.24
"1570","Eddy St. & Jones St. (BC)",37.783781,-122.411561,200,1,9,10.777435210084,1.05901922330213,7.80374492156863,2.97529411764706,38.3735294117647,55.292,60.2975,0.4009375,9.7825,12.9825
"1571","Eddy St. & Jones St. (BC)",37.783781,-122.411561,200,1,10,10.6206088235294,1.0733929108646,7.99997759103641,2.61882352941176,33.6576470588235,56.219,58.395,0.367925,9.2725,13.0575
"1572","Eddy St. & Jones St. (BC)",37.783781,-122.411561,200,1,11,10.6564544537815,1.07003144648671,7.75049041176471,2.90764705882353,37.6423529411765,58.3565,55.8025,0.4834125,9.4225,12.98
"1573","Eddy St. & Jones St. (BC)",37.783781,-122.411561,200,1,12,10.803107394958,1.05405386343221,7.22491841055975,3.57764705882353,50.1735294117647,60.737,53.1225,0.3042675,7.8625,11.6875
"1574","Eddy St. & Jones St. (BC)",37.783781,-122.411561,200,1,13,10.6656661344538,1.05699996933985,7.43309345098039,3.23235294117647,44.7594117647059,61.556,53.355,0.283515,7.44,11.8125
"1575","Eddy St. & Jones St. (BC)",37.783781,-122.411561,200,1,14,11.2147237815126,1.01519351224235,8.19409387340901,3.02235294117647,36.9005882352941,60.539,55.275,0.200375,7.2525,11.3825
"1576","Eddy St. & Jones St. (BC)",37.783781,-122.411561,200,1,15,10.9037591176471,1.02237112302763,8.28318265578601,2.62235294117647,31.8570588235294,60.0044,51.534,0.211112,7.088,11.78
"1577","Eddy St. & Jones St. (BC)",37.783781,-122.411561,200,1,16,10.6145271008403,1.02917205692155,8.07911705882353,2.53705882352941,31.1894117647059,58.946,53.374,0.197256,6.866,12.126
"1578","Eddy St. & Jones St. (BC)",37.783781,-122.411561,200,1,17,10.4978128571429,1.04733945035612,7.50342070588235,2.99470588235294,40.01,57.3224,58.294,0.169912,7.038,12.652
"1579","Eddy St. & Jones St. (BC)",37.783781,-122.411561,200,1,18,11.075986302521,1.01343525642858,7.92362762745098,3.15,40.0111764705882,56.228,61.388,0.20905,7.228,13.264
"1580","Eddy St. & Jones St. (BC)",37.783781,-122.411561,200,1,19,11.531342605042,1,8.39845105882353,3.13294117647059,37.49,55.5872,63.506,0.26414,7.394,13.346
"1581","Eddy St. & Jones St. (BC)",37.783781,-122.411561,200,1,20,12.1226511764706,1.00448741259919,8.5380978627451,3.58588235294118,42.1347058823529,55.3136,64.084,0.275894,7.252,13.806
"1582","Eddy St. & Jones St. (BC)",37.783781,-122.411561,200,1,21,12.3035901680672,1.00494453560806,8.73977441541268,3.56117647058824,40.6158823529412,55.22,64.482,0.24088,6.756,13.336
"1583","Eddy St. & Jones St. (BC)",37.783781,-122.411561,200,1,22,12.2422915966387,1.00951193720484,8.86494094968108,3.38,38.1717647058824,55.3568,64.654,0.253634,6.704,13.336
"1584","Eddy St. & Jones St. (BC)",37.783781,-122.411561,200,1,23,11.8964739253009,1.00886518457433,9.76745432705939,2.12823529411765,21.7282352941176,55.4432,65.308,0.2697,6.646,12.908
"1585","Eddy St. & Jones St. (BC)",37.783781,-122.411561,200,2,0,11.407227254902,1.04801628963022,8.66931969973534,2.73823529411765,31.5082352941176,57.0515,66.5825,0.5574525,6.68714285714286,13.7396428571429
"1586","Eddy St. & Jones St. (BC)",37.783781,-122.411561,200,2,1,10.826607745098,1.03595312066675,9.55418287592796,1.27294117647059,13.4711764705882,56.7660714285714,66.9778571428571,0.320611071428571,6.46,14.1025
"1587","Eddy St. & Jones St. (BC)",37.783781,-122.411561,200,2,2,10.4183854901961,1.07666628003558,10.7424921052632,0.5225,5.38583333333333,56.3932142857143,67.7317857142857,0.31194,6.14571428571429,13.9092857142857
"1588","Eddy St. & Jones St. (BC)",37.783781,-122.411561,200,2,3,9.90585617647059,1.08879875183298,8.81104620684193,0.185,2.685,56.2787857142857,68.1639285714286,0.366822142857143,6.35178571428571,14.2025
"1589","Eddy St. & Jones St. (BC)",37.783781,-122.411561,200,2,4,10.380977254902,1.05482363952063,10.5355672732426,0.729166666666667,7.30833333333333,55.9503846153846,68.9415384615385,0.387951538461538,6.45846153846154,15.3519230769231
"1590","Eddy St. & Jones St. (BC)",37.783781,-122.411561,200,2,5,10.7473314705882,1.06921114687535,9.99533527382466,0.75,6.22294117647059,55.6494285714286,68.9510714285714,0.358294642857143,6.21714285714286,15.2014285714286
"1591","Eddy St. & Jones St. (BC)",37.783781,-122.411561,200,2,6,11.4152923529412,1.05116524505634,9.01171109200603,2.40470588235294,26.1358823529412,55.4057857142857,69.5042857142857,0.371447857142857,6.57107142857143,15.9875
"1592","Eddy St. & Jones St. (BC)",37.783781,-122.411561,200,2,7,10.7595049019608,1.03695656943237,9.07297315686274,1.68588235294118,18.9029411764706,55.4019285714286,69.8092857142857,0.402066071428571,6.66535714285714,16.2707142857143
"1593","Eddy St. & Jones St. (BC)",37.783781,-122.411561,200,2,8,10.0423090980392,1.11151375123509,8.2362158627451,1.80588235294118,22.0282352941176,56.1965,67.9132142857143,0.467011071428571,6.88214285714286,14.9139285714286
"1594","Eddy St. & Jones St. (BC)",37.783781,-122.411561,200,2,9,10.282041372549,1.11213898571466,7.80374492156863,2.47647058823529,32.2252941176471,57.9174285714286,63.8025,0.415448214285714,7.05964285714286,13.0792857142857
"1595","Eddy St. & Jones St. (BC)",37.783781,-122.411561,200,2,10,10.4368462745098,1.09429562045441,7.99997759103641,2.43647058823529,31.2335294117647,59.837,60.2789285714286,0.390035357142857,7.135,12.7025
"1596","Eddy St. & Jones St. (BC)",37.783781,-122.411561,200,2,11,10.3856649019608,1.07656466519338,7.75049041176471,2.63705882352941,34.1964705882353,63.8252857142857,53.7207142857143,0.482564642857143,6.86035714285714,12.075
"1597","Eddy St. & Jones St. (BC)",37.783781,-122.411561,200,2,12,10.4009762745098,1.0829283524688,7.22491841055975,3.17529411764706,44.6735294117647,67.7714,51.415,0.336272,7.099,10.765
"1598","Eddy St. & Jones St. (BC)",37.783781,-122.411561,200,2,13,10.5133726470588,1.05888539038284,7.43309345098039,3.08,42.5288235294118,69.476,47.9518181818182,0.218913181818182,5.66272727272727,9.19318181818182
"1599","Eddy St. & Jones St. (BC)",37.783781,-122.411561,200,2,14,10.9759657843137,1.01645152079229,8.19409387340901,2.77823529411765,33.9405882352941,70.7139090909091,45.04,0.179422272727273,5.50636363636364,8.73409090909091
"1600","Eddy St. & Jones St. (BC)",37.783781,-122.411561,200,2,15,10.4799509803922,1.05256050834229,8.28318265578601,2.19529411764706,26.8294117647059,66.8707368421053,53.7126315789474,0.110078421052632,5.64947368421053,10.0342105263158
"1601","Eddy St. & Jones St. (BC)",37.783781,-122.411561,200,2,16,10.1755981372549,1.07797987307508,8.07911705882353,2.09647058823529,25.9541176470588,64.4008181818182,52.1104545454545,0.126931363636364,6.12272727272727,11.7586363636364
"1602","Eddy St. & Jones St. (BC)",37.783781,-122.411561,200,2,17,9.91414688235295,1.10654593621924,7.50342070588235,2.40941176470588,32.5276470588235,62.116,57.2,0.186695555555556,6.51037037037037,13.6966666666667
"1603","Eddy St. & Jones St. (BC)",37.783781,-122.411561,200,2,18,10.6992815686275,1.06471810641634,7.92362762745098,2.77470588235294,35.3423529411765,60.5711428571429,60.6460714285714,0.199230357142857,6.8175,14.1557142857143
"1604","Eddy St. & Jones St. (BC)",37.783781,-122.411561,200,2,19,10.9823194117647,1.03835220800259,8.39845105882353,2.58294117647059,31.2817647058824,59.6402857142857,62.5460714285714,0.234413928571429,7.1625,14.4503571428571
"1605","Eddy St. & Jones St. (BC)",37.783781,-122.411561,200,2,20,11.6061845098039,1.00210983772592,8.5380978627451,3.06647058823529,36.0464705882353,58.8785,64.1207142857143,0.264406071428571,7.35321428571429,14.9360714285714
"1606","Eddy St. & Jones St. (BC)",37.783781,-122.411561,200,2,21,12.0163796078431,1.00454812574018,8.73977441541268,3.27705882352941,37.3105882352941,58.214,64.8007407407407,0.274732962962963,7.24037037037037,15.1988888888889
"1607","Eddy St. & Jones St. (BC)",37.783781,-122.411561,200,2,22,11.8719894117647,1.01507888035364,8.86494094968108,3.00529411764706,33.8370588235294,57.659,65.8267857142857,0.351243571428571,6.92821428571429,14.4810714285714
"1608","Eddy St. & Jones St. (BC)",37.783781,-122.411561,200,2,23,11.716341372549,1,9.76745432705939,1.94941176470588,20.2647058823529,57.2186428571429,66.1475,0.247167142857143,6.50035714285714,13.8117857142857
"1609","Eddy St. & Jones St. (BC)",37.783781,-122.411561,200,3,0,11.495097254902,1.0376135366034,8.66931969973534,2.82941176470588,32.6194117647059,58.8056,64.1993333333333,0.122806,5.82,11.7046666666667
"1610","Eddy St. & Jones St. (BC)",37.783781,-122.411561,200,3,1,11.2701910784314,1.01105450936929,9.55418287592796,1.71823529411765,17.8741176470588,58.628,64.2546666666667,0.115968,5.64933333333333,11.652
"1611","Eddy St. & Jones St. (BC)",37.783781,-122.411561,200,3,2,10.5708187254902,1.06955348921041,10.7424921052632,0.805,7.82083333333333,58.3484,65.2406666666667,0.137774,5.64533333333333,11.8366666666667
"1612","Eddy St. & Jones St. (BC)",37.783781,-122.411561,200,3,3,10.0987745098039,1.11271155066265,8.81104620684193,0.1975,2.65625,58.094,66.0113333333333,0.146747333333333,5.75933333333333,12.3306666666667
"1613","Eddy St. & Jones St. (BC)",37.783781,-122.411561,200,3,4,10.5503216666667,1.04032893226076,10.5355672732426,0.831666666666667,8.20083333333333,57.929,67.0207142857143,0.161003571428571,5.58857142857143,12.5328571428571
"1614","Eddy St. & Jones St. (BC)",37.783781,-122.411561,200,3,5,10.6788791176471,1.07631134776008,9.99533527382466,0.685294117647059,5.69882352941176,57.5456,68,0.180693333333333,5.63133333333333,13.5113333333333
"1615","Eddy St. & Jones St. (BC)",37.783781,-122.411561,200,3,6,11.119527745098,1.06319053784981,9.01171109200603,2.10882352941176,22.9158823529412,57.5372,68.356,0.238335333333333,5.90466666666667,14.46
"1616","Eddy St. & Jones St. (BC)",37.783781,-122.411561,200,3,7,10.784357745098,1.03581729473404,9.07297315686274,1.71294117647059,19.2711764705882,57.6236,67.9966666666667,0.237123333333333,5.62666666666667,14.062
"1617","Eddy St. & Jones St. (BC)",37.783781,-122.411561,200,3,8,10.0538468823529,1.1351674598801,8.2362158627451,1.81823529411765,22.1482352941176,58.514,66.1326666666667,0.265937333333333,5.94466666666667,13.3166666666667
"1618","Eddy St. & Jones St. (BC)",37.783781,-122.411561,200,3,9,10.381902745098,1.11003144845075,7.80374492156863,2.58,33.5435294117647,60.098,63.494,0.257976666666667,6.01,12.3586666666667
"1619","Eddy St. & Jones St. (BC)",37.783781,-122.411561,200,3,10,10.4823096078431,1.08455794762152,7.99997759103641,2.48294117647059,32.1623529411765,62.072,59.6306666666667,0.222487333333333,5.80133333333333,10.9293333333333
"1620","Eddy St. & Jones St. (BC)",37.783781,-122.411561,200,3,11,10.3854296078431,1.10164580948997,7.75049041176471,2.63470588235294,34.09,64.7188571428571,54.6657142857143,0.272449285714286,5.99642857142857,10.3107142857143
"1621","Eddy St. & Jones St. (BC)",37.783781,-122.411561,200,3,12,10.6284433333333,1.06398953442792,7.22491841055975,3.40294117647059,47.7217647058824,69.5192,48.544,0.18527,6.038,9.377
"1622","Eddy St. & Jones St. (BC)",37.783781,-122.411561,200,3,13,10.6880431372549,1.05214240332714,7.43309345098039,3.25352941176471,45.0005882352941,71.735,48.316,0.124842,5.697,8.987
"1623","Eddy St. & Jones St. (BC)",37.783781,-122.411561,200,3,14,10.9525125490196,1.02257321879124,8.19409387340901,2.75529411764706,33.7105882352941,71.3287142857143,45.62,0.101010714285714,5.405,8.285
"1624","Eddy St. & Jones St. (BC)",37.783781,-122.411561,200,3,15,10.7789821568627,1.03985571100267,8.28318265578601,2.49470588235294,30.5952941176471,71.2742,45.477,0.066639,5.43,8.726
"1625","Eddy St. & Jones St. (BC)",37.783781,-122.411561,200,3,16,10.1985079411765,1.08585277207628,8.07911705882353,2.11941176470588,26.2035294117647,67.2695,50.28,0.0530883333333333,5.4325,10.1691666666667
"1626","Eddy St. & Jones St. (BC)",37.783781,-122.411561,200,3,17,9.81583360784314,1.10688655531159,7.50342070588235,2.31294117647059,31.1458823529412,65.9045,53.8483333333333,0.0887458333333333,5.82083333333333,11.68
"1627","Eddy St. & Jones St. (BC)",37.783781,-122.411561,200,3,18,10.7712923529412,1.05414320115579,7.92362762745098,2.84647058823529,36.2382352941177,64.1216923076923,55.7584615384615,0.107342307692308,6.17307692307692,12.5215384615385
"1628","Eddy St. & Jones St. (BC)",37.783781,-122.411561,200,3,19,11.3149884313726,1.01083970588235,8.39845105882353,2.91764705882353,35.3070588235294,62.3158571428571,59.7964285714286,0.152391428571429,6.37928571428571,13.1585714285714
"1629","Eddy St. & Jones St. (BC)",37.783781,-122.411561,200,3,20,11.9686096078431,1.001984579067,8.5380978627451,3.43,40.3058823529412,61.1638571428571,62.0964285714286,0.166432142857143,6.46571428571429,13.5492857142857
"1630","Eddy St. & Jones St. (BC)",37.783781,-122.411561,200,3,21,12.1627458823529,1.00663575718854,8.73977441541268,3.42235294117647,39.0029411764706,60.296,63.6414285714286,0.153389285714286,6.13285714285714,12.5878571428571
"1631","Eddy St. & Jones St. (BC)",37.783781,-122.411561,200,3,22,12.0748588235294,1.00612805467297,8.86494094968108,3.20823529411765,36.2252941176471,59.9552857142857,64.4021428571429,0.133292142857143,5.94642857142857,12.37
"1632","Eddy St. & Jones St. (BC)",37.783781,-122.411561,200,3,23,11.9457423529412,1.00553629406508,9.76745432705939,2.18,22.36,59.6608571428571,64.84,0.136178571428571,5.92214285714286,12.245
"1633","Eddy St. & Jones St. (BC)",37.783781,-122.411561,300,12,0,11.6545184495031,1.02368092029639,8.90544443475709,2.80452830188679,31.4975471698113,NA,NA,NA,NA,NA
"1634","Eddy St. & Jones St. (BC)",37.783781,-122.411561,300,12,1,11.0432072130886,1.03787524014074,9.50373798257526,1.50716981132075,16.092641509434,NA,NA,NA,NA,NA
"1635","Eddy St. & Jones St. (BC)",37.783781,-122.411561,300,12,2,10.8267856118556,1.03183316759749,10.3627709186473,1.13175,11.60175,NA,NA,NA,NA,NA
"1636","Eddy St. & Jones St. (BC)",37.783781,-122.411561,300,12,3,10.5175564743617,1.07002167989779,9.48403930582026,1.10294117647059,11.4829411764706,NA,NA,NA,NA,NA
"1637","Eddy St. & Jones St. (BC)",37.783781,-122.411561,300,12,4,10.6207689384409,1.09061489211604,10.1588446833067,1.01186046511628,10.0193023255814,NA,NA,NA,NA,NA
"1638","Eddy St. & Jones St. (BC)",37.783781,-122.411561,300,12,5,11.2577378727161,1.07659988728254,10.0686833115249,1.38964285714286,14.6475,NA,NA,NA,NA,NA
"1639","Eddy St. & Jones St. (BC)",37.783781,-122.411561,300,12,6,10.9609000754781,1.08487713651662,9.31720398203247,1.80679245283019,18.852641509434,NA,NA,NA,NA,NA
"1640","Eddy St. & Jones St. (BC)",37.783781,-122.411561,300,12,7,11.3780802642747,1.0410247385778,9.21666812343714,2.22566037735849,24.1509433962264,NA,NA,NA,NA,NA
"1641","Eddy St. & Jones St. (BC)",37.783781,-122.411561,300,12,8,11.1788495671192,1.06235048925405,8.36891988535197,2.78982142857143,33.3525,NA,NA,NA,NA,NA
"1642","Eddy St. & Jones St. (BC)",37.783781,-122.411561,300,12,9,11.0532966780627,1.05844046629222,7.74550365705128,3.29982142857143,43.1516071428571,NA,NA,NA,NA,NA
"1643","Eddy St. & Jones St. (BC)",37.783781,-122.411561,300,12,10,10.9583338998549,1.06140995866288,7.83064363890718,3.16553571428571,41.4757142857143,NA,NA,NA,NA,NA
"1644","Eddy St. & Jones St. (BC)",37.783781,-122.411561,300,12,11,10.8508758535763,1.08626292297887,8.03718966073339,2.89428571428571,36.0819642857143,NA,NA,NA,NA,NA
"1645","Eddy St. & Jones St. (BC)",37.783781,-122.411561,300,12,12,11.1000675463287,1.06082394814679,7.5503911002517,3.56285714285714,48.0992857142857,NA,NA,NA,NA,NA
"1646","Eddy St. & Jones St. (BC)",37.783781,-122.411561,300,12,13,11.1127259278846,1.05369437161854,7.47474160522764,3.74089285714286,52.7444642857143,NA,NA,NA,NA,NA
"1647","Eddy St. & Jones St. (BC)",37.783781,-122.411561,300,12,14,11.1376115706739,1.04082506658823,8.21877013659148,2.96946428571429,36.6519642857143,NA,NA,NA,NA,NA
"1648","Eddy St. & Jones St. (BC)",37.783781,-122.411561,300,12,15,10.9821897107787,1.04352377495094,8.20627153305796,2.73910714285714,34.1946428571429,NA,NA,NA,NA,NA
"1649","Eddy St. & Jones St. (BC)",37.783781,-122.411561,300,12,16,10.5784035230769,1.06076701509684,8.31080625498713,2.17375,26.8755357142857,NA,NA,NA,NA,NA
"1650","Eddy St. & Jones St. (BC)",37.783781,-122.411561,300,12,17,10.3763217520067,1.08670165001771,7.98787197283913,2.25428571428571,30.0419642857143,NA,NA,NA,NA,NA
"1651","Eddy St. & Jones St. (BC)",37.783781,-122.411561,300,12,18,11.0481898014609,1.04458682533533,8.2533947326473,2.70910714285714,33.76125,NA,NA,NA,NA,NA
"1652","Eddy St. & Jones St. (BC)",37.783781,-122.411561,300,12,19,11.7094038320926,1.02107442143215,8.32426675549451,3.24,39.4992857142857,NA,NA,NA,NA,NA
"1653","Eddy St. & Jones St. (BC)",37.783781,-122.411561,300,12,20,12.0132473729604,1.01647418333641,8.55138741216081,3.46892857142857,40.6360714285714,NA,NA,NA,NA,NA
"1654","Eddy St. & Jones St. (BC)",37.783781,-122.411561,300,12,21,12.2687889487179,1.01530910939384,8.77206897322417,3.55232142857143,40.4901785714286,NA,NA,NA,NA,NA
"1655","Eddy St. & Jones St. (BC)",37.783781,-122.411561,300,12,22,12.1165283319915,1.01359389188285,8.75953190384848,3.50625,39.8667857142857,NA,NA,NA,NA,NA
"1656","Eddy St. & Jones St. (BC)",37.783781,-122.411561,300,12,23,12.2526366290637,1.0109200997818,9.3423832468302,3.00160714285714,32.4855357142857,NA,NA,NA,NA,NA
"1657","Eddy St. & Jones St. (BC)",37.783781,-122.411561,300,1,0,11.584232720758,1.04090364442633,8.89695634003796,2.75982142857143,31.1966071428571,54.77,63.575,0.3380625,7.34,12.21
"1658","Eddy St. & Jones St. (BC)",37.783781,-122.411561,300,1,1,11.6871527261483,1.01988951200943,9.50373798257526,2.19547169811321,23.8930188679245,54.9725,63.29,0.2383,6.705,12.4925
"1659","Eddy St. & Jones St. (BC)",37.783781,-122.411561,300,1,2,11.2583428119104,1.02816481596474,10.3627709186473,1.45725,14.763,54.86,62.92,0.2364375,7.065,12.19
"1660","Eddy St. & Jones St. (BC)",37.783781,-122.411561,300,1,3,11.2106267152754,1.04348713399147,9.48403930582026,1.70205882352941,17.9908823529412,54.8285,62.4325,0.36932,8.255,12.685
"1661","Eddy St. & Jones St. (BC)",37.783781,-122.411561,300,1,4,11.3442958724824,1.056668365196,10.1588446833067,1.83651162790698,18.0783720930233,54.6935,61.8075,0.462075,9.5875,13.515
"1662","Eddy St. & Jones St. (BC)",37.783781,-122.411561,300,1,5,10.9816356577348,1.08584807398451,10.0686833115249,1.14696428571429,11.2430357142857,54.4865,61.1675,0.4582025,9.435,13.4625
"1663","Eddy St. & Jones St. (BC)",37.783781,-122.411561,300,1,6,11.2118949655415,1.08312665956765,9.24953234013787,2.1775,23.0351785714286,54.185,61.885,0.3667625,8.8325,14.26
"1664","Eddy St. & Jones St. (BC)",37.783781,-122.411561,300,1,7,11.0301236380952,1.06942169727723,9.16172632640058,1.92714285714286,21.1421428571429,54.266,62.535,0.33554,8.84,13.89
"1665","Eddy St. & Jones St. (BC)",37.783781,-122.411561,300,1,8,10.9610679390795,1.07165622212925,8.36891988535197,2.4775,29.6596428571429,54.545,63.1925,0.3503875,9.7125,14.24
"1666","Eddy St. & Jones St. (BC)",37.783781,-122.411561,300,1,9,10.990935829932,1.06604664043742,7.74550365705128,3.19767857142857,41.9407142857143,55.292,60.2975,0.4009375,9.7825,12.9825
"1667","Eddy St. & Jones St. (BC)",37.783781,-122.411561,300,1,10,11.0117875035129,1.06327615546121,7.83064363890718,3.20392857142857,41.9042857142857,56.219,58.395,0.367925,9.2725,13.0575
"1668","Eddy St. & Jones St. (BC)",37.783781,-122.411561,300,1,11,10.8821319195298,1.07238143899949,8.03718966073339,2.89607142857143,36.2835714285714,58.3565,55.8025,0.4834125,9.4225,12.98
"1669","Eddy St. & Jones St. (BC)",37.783781,-122.411561,300,1,12,11.1694035951005,1.05405561744218,7.5503911002517,3.63178571428571,49.2578571428571,60.737,53.1225,0.3042675,7.8625,11.6875
"1670","Eddy St. & Jones St. (BC)",37.783781,-122.411561,300,1,13,10.9333163718981,1.07119335310801,7.47474160522764,3.54446428571429,49.6289285714286,61.556,53.355,0.283515,7.44,11.8125
"1671","Eddy St. & Jones St. (BC)",37.783781,-122.411561,300,1,14,11.1975217271062,1.04607675180626,8.21877013659148,3.05767857142857,37.5780357142857,60.539,55.275,0.200375,7.2525,11.3825
"1672","Eddy St. & Jones St. (BC)",37.783781,-122.411561,300,1,15,10.9876617357143,1.04007979291579,8.20627153305796,2.73446428571429,34.10625,60.0044,51.534,0.211112,7.088,11.78
"1673","Eddy St. & Jones St. (BC)",37.783781,-122.411561,300,1,16,10.828271130112,1.05725313323275,8.31080625498713,2.42446428571429,29.945,58.946,53.374,0.197256,6.866,12.126
"1674","Eddy St. & Jones St. (BC)",37.783781,-122.411561,300,1,17,10.7465432755826,1.0574847557758,7.98787197283913,2.66464285714286,35.2291071428571,57.3224,58.294,0.169912,7.038,12.652
"1675","Eddy St. & Jones St. (BC)",37.783781,-122.411561,300,1,18,11.3599685001665,1.02781453523739,8.2533947326473,3.02196428571429,37.5016071428571,56.228,61.388,0.20905,7.228,13.264
"1676","Eddy St. & Jones St. (BC)",37.783781,-122.411561,300,1,19,11.8882727846221,1.01654462129425,8.32426675549451,3.42910714285714,41.5657142857143,55.5872,63.506,0.26414,7.394,13.346
"1677","Eddy St. & Jones St. (BC)",37.783781,-122.411561,300,1,20,12.1822073795518,1.01429187345905,8.55138741216081,3.60535714285714,42.2785714285714,55.3136,64.084,0.275894,7.252,13.806
"1678","Eddy St. & Jones St. (BC)",37.783781,-122.411561,300,1,21,12.2934028542393,1.0185287827712,8.77206897322417,3.69839285714286,42.2135714285714,55.22,64.482,0.24088,6.756,13.336
"1679","Eddy St. & Jones St. (BC)",37.783781,-122.411561,300,1,22,12.2820142627866,1.02627676615465,8.75953190384848,3.64,41.2257142857143,55.3568,64.654,0.253634,6.704,13.336
"1680","Eddy St. & Jones St. (BC)",37.783781,-122.411561,300,1,23,12.042423174015,1.01684647633429,9.3423832468302,2.74535714285714,29.5185714285714,55.4432,65.308,0.2697,6.646,12.908
"1681","Eddy St. & Jones St. (BC)",37.783781,-122.411561,300,2,0,11.4296264444444,1.05461138482225,8.89695634003796,2.57946428571429,29.0857142857143,57.0515,66.5825,0.5574525,6.68714285714286,13.7396428571429
"1682","Eddy St. & Jones St. (BC)",37.783781,-122.411561,300,2,1,10.9179360388889,1.04767884356213,9.5062163049373,1.37982142857143,14.89375,56.7660714285714,66.9778571428571,0.320611071428571,6.46,14.1025
"1683","Eddy St. & Jones St. (BC)",37.783781,-122.411561,300,2,2,10.4531118944444,1.0722411264472,10.3627709186473,0.8115,8.859,56.3932142857143,67.7317857142857,0.31194,6.14571428571429,13.9092857142857
"1684","Eddy St. & Jones St. (BC)",37.783781,-122.411561,300,2,3,10.0234814111111,1.09678066170945,9.48403930582026,0.446764705882353,4.78941176470588,56.2787857142857,68.1639285714286,0.366822142857143,6.35178571428571,14.2025
"1685","Eddy St. & Jones St. (BC)",37.783781,-122.411561,300,2,4,10.364432,1.08138591614478,10.1588446833067,1.0293023255814,10.5151162790698,55.9503846153846,68.9415384615385,0.387951538461538,6.45846153846154,15.3519230769231
"1686","Eddy St. & Jones St. (BC)",37.783781,-122.411561,300,2,5,10.5543609833333,1.11262731364374,10.0686833115249,0.679642857142857,6.25,55.6494285714286,68.9510714285714,0.358294642857143,6.21714285714286,15.2014285714286
"1687","Eddy St. & Jones St. (BC)",37.783781,-122.411561,300,2,6,11.1739675,1.10857110684352,9.24953234013787,2.09339285714286,21.9930357142857,55.4057857142857,69.5042857142857,0.371447857142857,6.57107142857143,15.9875
"1688","Eddy St. & Jones St. (BC)",37.783781,-122.411561,300,2,7,10.9669435555556,1.06607040443194,9.16172632640058,1.87767857142857,20.5432142857143,55.4019285714286,69.8092857142857,0.402066071428571,6.66535714285714,16.2707142857143
"1689","Eddy St. & Jones St. (BC)",37.783781,-122.411561,300,2,8,10.6044186833333,1.0811331925101,8.36891988535197,2.14125,25.7117857142857,56.1965,67.9132142857143,0.467011071428571,6.88214285714286,14.9139285714286
"1690","Eddy St. & Jones St. (BC)",37.783781,-122.411561,300,2,9,10.7481079444444,1.09015049772567,7.74550365705128,2.95160714285714,38.8542857142857,57.9174285714286,63.8025,0.415448214285714,7.05964285714286,13.0792857142857
"1691","Eddy St. & Jones St. (BC)",37.783781,-122.411561,300,2,10,10.8396869444444,1.09149924896162,7.83064363890718,3.03196428571429,39.42,59.837,60.2789285714286,0.390035357142857,7.135,12.7025
"1692","Eddy St. & Jones St. (BC)",37.783781,-122.411561,300,2,11,10.8652892222222,1.05755505357652,8.03718966073339,2.80357142857143,35.02125,63.8252857142857,53.7207142857143,0.482564642857143,6.86035714285714,12.075
"1693","Eddy St. & Jones St. (BC)",37.783781,-122.411561,300,2,12,10.8765354444444,1.07029820113209,7.5503911002517,3.34017857142857,45.2378571428571,67.7714,51.415,0.336272,7.099,10.765
"1694","Eddy St. & Jones St. (BC)",37.783781,-122.411561,300,2,13,10.7671912388889,1.07687896671984,7.47474160522764,3.3475,46.9291071428571,69.476,47.9518181818182,0.218913181818182,5.66272727272727,9.19318181818182
"1695","Eddy St. & Jones St. (BC)",37.783781,-122.411561,300,2,14,11.0102634611111,1.04649279382451,8.21877013659148,2.84410714285714,34.9616071428571,70.7139090909091,45.04,0.179422272727273,5.50636363636364,8.73409090909091
"1696","Eddy St. & Jones St. (BC)",37.783781,-122.411561,300,2,15,10.7208402777778,1.06137791493533,8.20627153305796,2.45160714285714,30.5776785714286,66.8707368421053,53.7126315789474,0.110078421052632,5.64947368421053,10.0342105263158
"1697","Eddy St. & Jones St. (BC)",37.783781,-122.411561,300,2,16,10.6430339055556,1.06892197400467,8.31080625498713,2.19285714285714,27.1946428571429,64.4008181818182,52.1104545454545,0.126931363636364,6.12272727272727,11.7586363636364
"1698","Eddy St. & Jones St. (BC)",37.783781,-122.411561,300,2,17,10.5478175,1.07758857203599,7.98787197283913,2.42142857142857,32.18,62.116,57.2,0.186695555555556,6.51037037037037,13.6966666666667
"1699","Eddy St. & Jones St. (BC)",37.783781,-122.411561,300,2,18,11.2216353333333,1.04400344066157,8.2533947326473,2.94232142857143,36.4880357142857,60.5711428571429,60.6460714285714,0.199230357142857,6.8175,14.1557142857143
"1700","Eddy St. & Jones St. (BC)",37.783781,-122.411561,300,2,19,11.7006993333333,1.02391543270802,8.32426675549451,3.24107142857143,39.43375,59.6402857142857,62.5460714285714,0.234413928571429,7.1625,14.4503571428571
"1701","Eddy St. & Jones St. (BC)",37.783781,-122.411561,300,2,20,11.7996619444445,1.01640909562236,8.55138741216081,3.21982142857143,37.7058928571429,58.8785,64.1207142857143,0.264406071428571,7.35321428571429,14.9360714285714
"1702","Eddy St. & Jones St. (BC)",37.783781,-122.411561,300,2,21,11.9810806666667,1.02867802270904,8.77206897322417,3.32767857142857,37.9266071428571,58.214,64.8007407407407,0.274732962962963,7.24037037037037,15.1988888888889
"1703","Eddy St. & Jones St. (BC)",37.783781,-122.411561,300,2,22,11.9619260555556,1.03338717665481,8.75953190384848,3.26232142857143,36.8519642857143,57.659,65.8267857142857,0.351243571428571,6.92821428571429,14.4810714285714
"1704","Eddy St. & Jones St. (BC)",37.783781,-122.411561,300,2,23,11.9422411111111,1.00966818377022,9.3423832468302,2.67214285714286,29.0498214285714,57.2186428571429,66.1475,0.247167142857143,6.50035714285714,13.8117857142857
"1705","Eddy St. & Jones St. (BC)",37.783781,-122.411561,300,3,0,11.4811131666667,1.04076878790743,8.89695634003796,2.60857142857143,29.7533928571429,58.8056,64.1993333333333,0.122806,5.82,11.7046666666667
"1706","Eddy St. & Jones St. (BC)",37.783781,-122.411561,300,3,1,11.1598397055556,1.02844200511538,9.5062163049373,1.66767857142857,17.8330357142857,58.628,64.2546666666667,0.115968,5.64933333333333,11.652
"1707","Eddy St. & Jones St. (BC)",37.783781,-122.411561,300,3,2,10.5802662388889,1.06805778758692,10.3627709186473,1.02075,10.6485,58.3484,65.2406666666667,0.137774,5.64533333333333,11.8366666666667
"1708","Eddy St. & Jones St. (BC)",37.783781,-122.411561,300,3,3,10.1254402277778,1.10388994307611,9.48403930582026,0.495588235294118,5.22058823529412,58.094,66.0113333333333,0.146747333333333,5.75933333333333,12.3306666666667
"1709","Eddy St. & Jones St. (BC)",37.783781,-122.411561,300,3,4,10.4678707055556,1.0816881437511,10.1588446833067,1.09674418604651,11.0418604651163,57.929,67.0207142857143,0.161003571428571,5.58857142857143,12.5328571428571
"1710","Eddy St. & Jones St. (BC)",37.783781,-122.411561,300,3,5,10.4670968166667,1.12490571102328,10.0686833115249,0.601607142857143,5.47232142857143,57.5456,68,0.180693333333333,5.63133333333333,13.5113333333333
"1711","Eddy St. & Jones St. (BC)",37.783781,-122.411561,300,3,6,10.9668555722222,1.11732490335485,9.24953234013787,1.88071428571429,19.6560714285714,57.5372,68.356,0.238335333333333,5.90466666666667,14.46
"1712","Eddy St. & Jones St. (BC)",37.783781,-122.411561,300,3,7,10.98903515,1.06445539738494,9.16172632640058,1.90714285714286,20.8657142857143,57.6236,67.9966666666667,0.237123333333333,5.62666666666667,14.062
"1713","Eddy St. & Jones St. (BC)",37.783781,-122.411561,300,3,8,10.6815575555556,1.10016720952238,8.36891988535197,2.19303571428571,26.2414285714286,58.514,66.1326666666667,0.265937333333333,5.94466666666667,13.3166666666667
"1714","Eddy St. & Jones St. (BC)",37.783781,-122.411561,300,3,9,10.7483165,1.08456751607285,7.74550365705128,2.98285714285714,39.2942857142857,60.098,63.494,0.257976666666667,6.01,12.3586666666667
"1715","Eddy St. & Jones St. (BC)",37.783781,-122.411561,300,3,10,11.0110795,1.06615228086712,7.83064363890718,3.22535714285714,42.125,62.072,59.6306666666667,0.222487333333333,5.80133333333333,10.9293333333333
"1716","Eddy St. & Jones St. (BC)",37.783781,-122.411561,300,3,11,10.9432027222222,1.08152429179705,8.03718966073339,2.94089285714286,36.6530357142857,64.7188571428571,54.6657142857143,0.272449285714286,5.99642857142857,10.3107142857143
"1717","Eddy St. & Jones St. (BC)",37.783781,-122.411561,300,3,12,11.0291079444444,1.06342117330894,7.5503911002517,3.48178571428571,47.0832142857143,69.5192,48.544,0.18527,6.038,9.377
"1718","Eddy St. & Jones St. (BC)",37.783781,-122.411561,300,3,13,10.9173117777778,1.06665669382115,7.47474160522764,3.52589285714286,49.3989285714286,71.735,48.316,0.124842,5.697,8.987
"1719","Eddy St. & Jones St. (BC)",37.783781,-122.411561,300,3,14,11.077649,1.05288258899889,8.21877013659148,2.89482142857143,35.5998214285714,71.3287142857143,45.62,0.101010714285714,5.405,8.285
"1720","Eddy St. & Jones St. (BC)",37.783781,-122.411561,300,3,15,10.8929246666667,1.0569782441264,8.20627153305796,2.62892857142857,32.9423214285714,71.2742,45.477,0.066639,5.43,8.726
"1721","Eddy St. & Jones St. (BC)",37.783781,-122.411561,300,3,16,10.6009665388889,1.07195078670946,8.31080625498713,2.21017857142857,27.3553571428571,67.2695,50.28,0.0530883333333333,5.4325,10.1691666666667
"1722","Eddy St. & Jones St. (BC)",37.783781,-122.411561,300,3,17,10.4898006277778,1.07770543472357,7.98787197283913,2.40625,31.5566071428571,65.9045,53.8483333333333,0.0887458333333333,5.82083333333333,11.68
"1723","Eddy St. & Jones St. (BC)",37.783781,-122.411561,300,3,18,11.3144568888889,1.04411330336619,8.2533947326473,3.01142857142857,37.1782142857143,64.1216923076923,55.7584615384615,0.107342307692308,6.17307692307692,12.5215384615385
"1724","Eddy St. & Jones St. (BC)",37.783781,-122.411561,300,3,19,11.8394235555556,1.01379766623062,8.32426675549451,3.47053571428571,42.2730357142857,62.3158571428571,59.7964285714286,0.152391428571429,6.37928571428571,13.1585714285714
"1725","Eddy St. & Jones St. (BC)",37.783781,-122.411561,300,3,20,12.0377218888889,1.0137147628026,8.55138741216081,3.46964285714286,40.63875,61.1638571428571,62.0964285714286,0.166432142857143,6.46571428571429,13.5492857142857
"1726","Eddy St. & Jones St. (BC)",37.783781,-122.411561,300,3,21,12.1551178888889,1.02764422423408,8.77206897322417,3.49232142857143,39.8416071428571,60.296,63.6414285714286,0.153389285714286,6.13285714285714,12.5878571428571
"1727","Eddy St. & Jones St. (BC)",37.783781,-122.411561,300,3,22,12.1430276111111,1.02116739906008,8.75953190384848,3.47410714285714,39.3782142857143,59.9552857142857,64.4021428571429,0.133292142857143,5.94642857142857,12.37
"1728","Eddy St. & Jones St. (BC)",37.783781,-122.411561,300,3,23,12.0542251111111,1.01556475351891,9.3423832468302,2.79964285714286,30.2753571428571,59.6608571428571,64.84,0.136178571428571,5.92214285714286,12.245
"1729","Howard St. & 6th St. (BC)",37.77947,-122.407921,100,12,0,15.1589710665071,1,11.2080529492156,3.95333333333333,35.6655555555556,NA,NA,NA,NA,NA
"1730","Howard St. & 6th St. (BC)",37.77947,-122.407921,100,12,1,14.6048615273934,1,12.1677474545765,2.43777777777778,21.4533333333333,NA,NA,NA,NA,NA
"1731","Howard St. & 6th St. (BC)",37.77947,-122.407921,100,12,2,14.0301508211546,1.00312662780879,12.7270671327941,1.30555555555556,10.43,NA,NA,NA,NA,NA
"1732","Howard St. & 6th St. (BC)",37.77947,-122.407921,100,12,3,13.894951148228,1,13.2008022380538,0.696666666666667,5.21555555555556,NA,NA,NA,NA,NA
"1733","Howard St. & 6th St. (BC)",37.77947,-122.407921,100,12,4,14.0952805812235,1,12.3520910939088,1.74111111111111,14.1266666666667,NA,NA,NA,NA,NA
"1734","Howard St. & 6th St. (BC)",37.77947,-122.407921,100,12,5,14.852997447779,1,12.4868222061831,2.36333333333333,18.8411111111111,NA,NA,NA,NA,NA
"1735","Howard St. & 6th St. (BC)",37.77947,-122.407921,100,12,6,14.877605511744,1,11.1428906974428,3.73444444444444,37.6411111111111,NA,NA,NA,NA,NA
"1736","Howard St. & 6th St. (BC)",37.77947,-122.407921,100,12,7,14.4727028875636,1,9.87007407407409,4.60444444444444,47.3211111111111,NA,NA,NA,NA,NA
"1737","Howard St. & 6th St. (BC)",37.77947,-122.407921,100,12,8,13.6322680712913,1.00569043085047,9.41985185185185,4.21,45.3055555555556,NA,NA,NA,NA,NA
"1738","Howard St. & 6th St. (BC)",37.77947,-122.407921,100,12,9,13.6954871794872,1,8.83670370370372,4.86,57.1522222222222,NA,NA,NA,NA,NA
"1739","Howard St. & 6th St. (BC)",37.77947,-122.407921,100,12,10,13.9700170940171,1,8.74162962962964,5.22666666666667,64.5955555555555,NA,NA,NA,NA,NA
"1740","Howard St. & 6th St. (BC)",37.77947,-122.407921,100,12,11,13.6903333333334,1.0027806313128,8.93670370370369,4.75222222222222,54.9922222222222,NA,NA,NA,NA,NA
"1741","Howard St. & 6th St. (BC)",37.77947,-122.407921,100,12,12,13.6134871794872,1.00029741783345,8.28067087502236,5.33444444444444,68.3911111111111,NA,NA,NA,NA,NA
"1742","Howard St. & 6th St. (BC)",37.77947,-122.407921,100,12,13,13.8446837606838,1,8.99025925925926,4.85555555555556,55.7344444444444,NA,NA,NA,NA,NA
"1743","Howard St. & 6th St. (BC)",37.77947,-122.407921,100,12,14,13.2566068376069,1.0187528874847,9.51888888888889,3.74,40.2788888888889,NA,NA,NA,NA,NA
"1744","Howard St. & 6th St. (BC)",37.77947,-122.407921,100,12,15,12.5994273504274,1.03929301041822,8.55007407407407,4.05222222222222,50.2844444444444,NA,NA,NA,NA,NA
"1745","Howard St. & 6th St. (BC)",37.77947,-122.407921,100,12,16,12.2153504273504,1.07818746924538,9.03344444444446,3.18444444444444,37.2311111111111,NA,NA,NA,NA,NA
"1746","Howard St. & 6th St. (BC)",37.77947,-122.407921,100,12,17,11.9458717948718,1.1000146639476,8.17359259259259,3.77555555555556,47.7377777777778,NA,NA,NA,NA,NA
"1747","Howard St. & 6th St. (BC)",37.77947,-122.407921,100,12,18,13.098905982906,1.0315301491785,8.42818518518519,4.67333333333333,57.4455555555556,NA,NA,NA,NA,NA
"1748","Howard St. & 6th St. (BC)",37.77947,-122.407921,100,12,19,14.0836068376068,1.00236640158428,9.17577777777778,4.90666666666667,58.4233333333333,NA,NA,NA,NA,NA
"1749","Howard St. & 6th St. (BC)",37.77947,-122.407921,100,12,20,15.0158803418804,1,9.63694541910331,5.38,57.95,NA,NA,NA,NA,NA
"1750","Howard St. & 6th St. (BC)",37.77947,-122.407921,100,12,21,15.4698034188035,1,11.2960143613,4.17222222222222,37.5255555555556,NA,NA,NA,NA,NA
"1751","Howard St. & 6th St. (BC)",37.77947,-122.407921,100,12,22,15.4891538461539,1,10.5509789612097,4.93888888888889,47.3322222222222,NA,NA,NA,NA,NA
"1752","Howard St. & 6th St. (BC)",37.77947,-122.407921,100,12,23,15.6778924267439,1,11.7410368048299,3.93555555555556,34.4633333333333,NA,NA,NA,NA,NA
"1753","Howard St. & 6th St. (BC)",37.77947,-122.407921,100,1,0,15.3045576605982,1,11.2080529492156,4.09888888888889,36.6144444444444,54.41,59.5,0.48485,8.02,8.79
"1754","Howard St. & 6th St. (BC)",37.77947,-122.407921,100,1,1,14.6841071993477,1,12.1677474545765,2.51333333333333,21.62,54.482,59.42,0.40155,7.44,10.98
"1755","Howard St. & 6th St. (BC)",37.77947,-122.407921,100,1,2,14.6825213661208,1,12.7270671327941,1.95555555555556,15.4033333333333,54.302,59.64,0.3572,8.31,10.12
"1756","Howard St. & 6th St. (BC)",37.77947,-122.407921,100,1,3,14.2503945272428,1,13.2008022380538,1.04777777777778,7.92555555555556,54.122,61.78,0.3724,10.17,9.17
"1757","Howard St. & 6th St. (BC)",37.77947,-122.407921,100,1,4,14.3964252622118,1.00302903411992,12.3520910939088,2.04444444444444,16.6166666666667,53.6,64.84,0.56425,12.26,10.34
"1758","Howard St. & 6th St. (BC)",37.77947,-122.407921,100,1,5,14.566146432884,1,12.4868222061831,2.08,16.5922222222222,53.852,63.83,0.41975,11.1,8.17
"1759","Howard St. & 6th St. (BC)",37.77947,-122.407921,100,1,6,14.9610634920635,1,11.1428906974428,3.81777777777778,37.2333333333333,54.176,63.04,0.3717,9.74,8.28
"1760","Howard St. & 6th St. (BC)",37.77947,-122.407921,100,1,7,13.8974597343296,1.0104144103348,9.87007407407409,4.02888888888889,40.9933333333333,54.032,65.88,0.5688,9.06,11.86
"1761","Howard St. & 6th St. (BC)",37.77947,-122.407921,100,1,8,12.9151031746032,1.0548710438226,9.41985185185185,3.49888888888889,37.2344444444444,53.924,66.9,0.5228,9.87,10.85
"1762","Howard St. & 6th St. (BC)",37.77947,-122.407921,100,1,9,12.8676904761905,1.04392746179931,8.83670370370372,4.03,46.88,54.158,66.85,0.3819,10.58,10.07
"1763","Howard St. & 6th St. (BC)",37.77947,-122.407921,100,1,10,13.2114761904762,1.03587143317838,8.74162962962964,4.47,55.07,54.176,68.08,0.35655,8.95,10.84
"1764","Howard St. & 6th St. (BC)",37.77947,-122.407921,100,1,11,13.250126984127,1.01817943503801,8.93670370370369,4.31555555555556,49.9622222222222,60.62,54.44,0.402375,7.475,10.04
"1765","Howard St. & 6th St. (BC)",37.77947,-122.407921,100,1,12,13.5397301587302,1.00978101188458,8.28067087502236,5.25777777777778,67.2866666666667,57.812,55.67,0.384875,6.9,8.965
"1766","Howard St. & 6th St. (BC)",37.77947,-122.407921,100,1,13,13.4572698412698,1.01054665532674,8.99025925925926,4.46666666666667,51.2477777777778,57.857,57.945,0.302875,6.705,10.355
"1767","Howard St. & 6th St. (BC)",37.77947,-122.407921,100,1,14,13.0745952380952,1.02027196403822,9.51888888888889,3.55666666666667,38.7133333333333,58.235,59.555,0.496475,6.51,11.545
"1768","Howard St. & 6th St. (BC)",37.77947,-122.407921,100,1,15,12.5824523809524,1.06417681024799,8.55007407407407,4.03333333333333,50.2766666666667,57.749,61.015,0.556105,6.96,11.935
"1769","Howard St. & 6th St. (BC)",37.77947,-122.407921,100,1,16,12.0628571428571,1.09494100321081,9.03344444444446,3.03111111111111,35.8488888888889,57.542,61.06,0.419875,6.095,10.88
"1770","Howard St. & 6th St. (BC)",37.77947,-122.407921,100,1,17,11.6568809523809,1.12185236599788,8.17359259259259,3.48222222222222,44.1111111111111,56.615,62.545,0.277225,5.91,9.58
"1771","Howard St. & 6th St. (BC)",37.77947,-122.407921,100,1,18,12.5500873015873,1.04686624908311,8.42818518518519,4.12333333333333,51.0222222222222,56.057,63.165,0.25545,6.64,9.125
"1772","Howard St. & 6th St. (BC)",37.77947,-122.407921,100,1,19,14.0443174603174,1,9.17577777777778,4.86444444444444,57.9911111111111,55.742,64.475,0.3292,6.82,9.8
"1773","Howard St. & 6th St. (BC)",37.77947,-122.407921,100,1,20,15.195365079365,1,9.63694541910331,5.55444444444444,59.8477777777778,55.85,65.175,0.3322,6.35,9.435
"1774","Howard St. & 6th St. (BC)",37.77947,-122.407921,100,1,21,15.345253968254,1,11.2960143613,4.04777777777778,36.5955555555556,55.94,65.75,0.340525,6.465,9.125
"1775","Howard St. & 6th St. (BC)",37.77947,-122.407921,100,1,22,15.7052619047619,1,10.5509789612097,5.15666666666667,49.2777777777778,56.543,65.86,0.34535,6.315,9.4
"1776","Howard St. & 6th St. (BC)",37.77947,-122.407921,100,1,23,15.8488871154021,1,11.7410368048299,4.11,35.7733333333333,56.696,66.19,0.335725,5.65,9.215
"1777","Howard St. & 6th St. (BC)",37.77947,-122.407921,100,2,0,15.2148425925926,1,11.2080529492156,4.00666666666667,35.9666666666667,56.4562142857143,67.3335714285714,0.346462142857143,6.04285714285714,11.2664285714286
"1778","Howard St. & 6th St. (BC)",37.77947,-122.407921,100,2,1,14.1118518518519,1,12.1677474545765,1.94333333333333,17.35,55.9727857142857,67.7782142857143,0.35025,5.97,11.5025
"1779","Howard St. & 6th St. (BC)",37.77947,-122.407921,100,2,2,13.6290925925926,1.01477313490634,12.7270671327941,0.903333333333333,7.25777777777778,55.6012142857143,68.5832142857143,0.407907857142857,5.90071428571429,11.3410714285714
"1780","Howard St. & 6th St. (BC)",37.77947,-122.407921,100,2,3,13.0692777777778,1.02917607888471,13.2008022380538,-0.13,-1.18333333333333,55.2406666666667,68.6551851851852,0.397838518518519,5.92259259259259,11.932962962963
"1781","Howard St. & 6th St. (BC)",37.77947,-122.407921,100,2,4,13.3655555555555,1.03202205942108,12.3520910939088,1.01111111111111,8.16888888888889,55.1798461538462,69.7938461538461,0.473529615384615,6.04230769230769,12.2776923076923
"1782","Howard St. & 6th St. (BC)",37.77947,-122.407921,100,2,5,14.5967314814815,1,12.4868222061831,2.11,16.7544444444444,54.6607142857143,69.9321428571429,0.651586428571429,7.625,12.625
"1783","Howard St. & 6th St. (BC)",37.77947,-122.407921,100,2,6,15.0588518518518,1,11.1428906974428,3.91666666666667,38.24,54.4987142857143,70.3617857142857,0.501017857142857,6.38607142857143,12.7435714285714
"1784","Howard St. & 6th St. (BC)",37.77947,-122.407921,100,2,7,13.9048796296296,1.00340464169632,9.87007407407409,4.03555555555556,41.1411111111111,54.518,70.2681481481481,0.611813703703704,6.33925925925926,14.1188888888889
"1785","Howard St. & 6th St. (BC)",37.77947,-122.407921,100,2,8,12.8555,1.05758066775149,9.41985185185185,3.43555555555556,36.52,56.9962142857143,67.0603571428571,0.667953928571429,6.39285714285714,12.3521428571429
"1786","Howard St. & 6th St. (BC)",37.77947,-122.407921,100,2,9,12.6391574074074,1.07253379746678,8.83670370370372,3.80111111111111,43.9988888888889,59.8778461538462,62.8219230769231,0.497252692307692,6.69423076923077,10.8611538461538
"1787","Howard St. & 6th St. (BC)",37.77947,-122.407921,100,2,10,13.1122037037037,1.02346524831343,8.74162962962964,4.36888888888889,54.3622222222222,61.0835,59.0314285714286,0.446264642857143,6.64607142857143,10.9278571428571
"1788","Howard St. & 6th St. (BC)",37.77947,-122.407921,100,2,11,13.1830648148148,1.01133297737539,8.93670370370369,4.24444444444444,49.3066666666667,63.05,54.85,0.436616153846154,6.26576923076923,10.4619230769231
"1789","Howard St. & 6th St. (BC)",37.77947,-122.407921,100,2,12,13.5080370370371,1.00186254276042,8.28067087502236,5.23111111111111,67.3666666666667,65.6286956521739,51.6413043478261,0.356396086956522,6.14173913043478,9.61782608695652
"1790","Howard St. & 6th St. (BC)",37.77947,-122.407921,100,2,13,13.3431666666667,1.00744246791521,8.99025925925926,4.35222222222222,50.2833333333333,67.2366363636364,48.4518181818182,0.215040909090909,5.22818181818182,8.42727272727273
"1791","Howard St. & 6th St. (BC)",37.77947,-122.407921,100,2,14,12.8370462962963,1.03117003549231,9.51888888888889,3.31888888888889,36.2811111111111,67.8162105263158,48.7531578947368,0.199584210526316,5.20052631578947,8.46157894736842
"1792","Howard St. & 6th St. (BC)",37.77947,-122.407921,100,2,15,12.32875,1.06981847105721,8.55007407407407,3.78222222222222,47.0644444444444,66.5933333333333,50.4274074074074,0.14194962962963,5.05111111111111,8.71925925925926
"1793","Howard St. & 6th St. (BC)",37.77947,-122.407921,100,2,16,11.8314074074074,1.11008991363661,9.03344444444446,2.8,33.24,65.12144,50.932,0.1736712,5.5128,9.3696
"1794","Howard St. & 6th St. (BC)",37.77947,-122.407921,100,2,17,11.4153055555556,1.14662206386454,8.17359259259259,3.24555555555556,41.11,62.8661428571429,56.1632142857143,0.212545714285714,5.73357142857143,10.4003571428571
"1795","Howard St. & 6th St. (BC)",37.77947,-122.407921,100,2,18,12.3888333333334,1.05975328986242,8.42818518518519,3.96111111111111,48.9566666666667,61.0121428571429,59.7510714285714,0.263864285714286,5.87964285714286,10.3228571428571
"1796","Howard St. & 6th St. (BC)",37.77947,-122.407921,100,2,19,13.876712962963,1.0043541191209,9.17577777777778,4.69777777777778,56.0144444444444,59.8762142857143,61.8410714285714,0.251753928571429,6.1025,10.1664285714286
"1797","Howard St. & 6th St. (BC)",37.77947,-122.407921,100,2,20,14.7149814814815,1,9.63694541910331,5.07777777777778,54.5744444444444,58.9196428571429,63.7653571428571,0.282264285714286,6.21785714285714,10.615
"1798","Howard St. & 6th St. (BC)",37.77947,-122.407921,100,2,21,15.3482777777778,1,11.2960143613,4.05222222222222,36.6411111111111,58.091,65.1035714285714,0.307263214285714,6.26142857142857,11.0975
"1799","Howard St. & 6th St. (BC)",37.77947,-122.407921,100,2,22,15.4728333333333,1,10.5509789612097,4.92111111111111,47.1777777777778,57.3877142857143,65.9707142857143,0.468133571428571,6.60428571428571,11.1382142857143
"1800","Howard St. & 6th St. (BC)",37.77947,-122.407921,100,2,23,15.2461666666666,1,11.7410368048299,3.50777777777778,30.7833333333333,56.8329285714286,66.6732142857143,0.341562142857143,6.19,10.7453571428571
"1801","Howard St. & 6th St. (BC)",37.77947,-122.407921,100,3,0,14.7865555555556,1,11.2080529492156,3.58,32.25,57.5102857142857,63.6342857142857,0.206628571428571,5.8652380952381,9.37190476190476
"1802","Howard St. & 6th St. (BC)",37.77947,-122.407921,100,3,1,14.3332777777778,1,12.1677474545765,2.16444444444444,18.8988888888889,57.1477142857143,64.1866666666667,0.217082857142857,5.94714285714286,9.93095238095238
"1803","Howard St. & 6th St. (BC)",37.77947,-122.407921,100,3,2,13.7356296296296,1,12.7270671327941,1.00888888888889,8.21333333333333,56.8985,65.1805,0.2309175,5.8505,9.8375
"1804","Howard St. & 6th St. (BC)",37.77947,-122.407921,100,3,3,12.9648981481481,1.03305056950346,13.2008022380538,-0.233333333333333,-1.90222222222222,56.3505714285714,66.4261904761905,0.238266666666667,5.94190476190476,10.8733333333333
"1805","Howard St. & 6th St. (BC)",37.77947,-122.407921,100,3,4,13.5349351851852,1.01266811171711,12.3520910939088,1.18333333333333,9.52,56.03,67.053,0.280084,5.69,11.8195
"1806","Howard St. & 6th St. (BC)",37.77947,-122.407921,100,3,5,14.3776388888889,1.00249163257784,12.4868222061831,1.89333333333333,14.8666666666667,55.6271428571429,67.85,0.264466666666667,5.95714285714286,11.6766666666667
"1807","Howard St. & 6th St. (BC)",37.77947,-122.407921,100,3,6,15.1029259259259,1,11.1428906974428,3.96222222222222,39.0866666666667,55.3991428571429,68.6147619047619,0.368661904761905,6.01761904761905,13.34
"1808","Howard St. & 6th St. (BC)",37.77947,-122.407921,100,3,7,13.8826759259259,1,9.87007407407409,4.01111111111111,41.1433333333333,55.8422857142857,67.9814285714286,0.494785714285714,5.88809523809524,13.9585714285714
"1809","Howard St. & 6th St. (BC)",37.77947,-122.407921,100,3,8,12.4392592592593,1.0820351002823,9.41985185185185,3.02222222222222,32.21,58.6494285714286,63.9842857142857,0.526235714285714,6.17095238095238,12.4585714285714
"1810","Howard St. & 6th St. (BC)",37.77947,-122.407921,100,3,9,12.3534907407407,1.0728531095803,8.83670370370372,3.51777777777778,41.0166666666667,61.9482105263158,58.9226315789474,0.296878947368421,6.2421052631579,9.91368421052632
"1811","Howard St. & 6th St. (BC)",37.77947,-122.407921,100,3,10,12.9196111111111,1.03825255088871,8.74162962962964,4.17888888888889,51.7133333333333,64.4688235294118,53.7164705882353,0.249342352941176,5.81705882352941,8.96764705882353
"1812","Howard St. & 6th St. (BC)",37.77947,-122.407921,100,3,11,13.0985833333333,1.01755569387417,8.93670370370369,4.15777777777778,48.5322222222222,66.9056,49.4253333333333,0.211170666666667,5.954,8.47333333333333
"1813","Howard St. & 6th St. (BC)",37.77947,-122.407921,100,3,12,13.2266203703704,1.0028125527448,8.28067087502236,4.94444444444444,64.13,68.707,47.3361111111111,0.133872777777778,5.34944444444444,7.49444444444444
"1814","Howard St. & 6th St. (BC)",37.77947,-122.407921,100,3,13,13.0515185185185,1.0146027672287,8.99025925925926,4.06444444444444,46.8155555555556,70.0043529411765,46.0005882352941,0.137928823529412,5.13235294117647,7.29
"1815","Howard St. & 6th St. (BC)",37.77947,-122.407921,100,3,14,12.6416944444445,1.03674061915104,9.51888888888889,3.12,34.0633333333333,69.926,45.5521052631579,0.146324210526316,5.06368421052632,7.44421052631579
"1816","Howard St. & 6th St. (BC)",37.77947,-122.407921,100,3,15,11.9771203703703,1.09454393287172,8.55007407407407,3.42666666666667,43.0877777777778,69.0591578947368,46.1821052631579,0.09847,5.06894736842105,7.77157894736842
"1817","Howard St. & 6th St. (BC)",37.77947,-122.407921,100,3,16,11.4656296296296,1.14606660347827,9.03344444444446,2.43222222222222,29.0311111111111,67.418,47.5538888888889,0.107702222222222,5.02444444444444,8.30388888888889
"1818","Howard St. & 6th St. (BC)",37.77947,-122.407921,100,3,17,11.198,1.17034342226016,8.17359259259259,3.02222222222222,38.7277777777778,65.3288,51.1445,0.1246135,5.1675,8.847
"1819","Howard St. & 6th St. (BC)",37.77947,-122.407921,100,3,18,12.3040740740741,1.06565185837139,8.42818518518519,3.87444444444444,48.2077777777778,63.131,55.1745,0.1436695,5.461,9.5085
"1820","Howard St. & 6th St. (BC)",37.77947,-122.407921,100,3,19,13.840287037037,1,9.17577777777778,4.66444444444444,55.9422222222222,61.2158,58.934,0.1853555,5.6685,9.8235
"1821","Howard St. & 6th St. (BC)",37.77947,-122.407921,100,3,20,14.6492685185185,1,9.63694541910331,5.01222222222222,54.3411111111111,60.0431,60.7285,0.202016,5.8575,9.27
"1822","Howard St. & 6th St. (BC)",37.77947,-122.407921,100,3,21,15.3148888888889,1,11.2960143613,4.02,36.3,59.1944,62.504,0.197126,5.707,8.943
"1823","Howard St. & 6th St. (BC)",37.77947,-122.407921,100,3,22,15.4330740740741,1,10.5509789612097,4.88222222222222,46.7577777777778,58.694,63.342,0.178034,5.7415,8.66
"1824","Howard St. & 6th St. (BC)",37.77947,-122.407921,100,3,23,15.3778333333333,1,11.7410368048299,3.63666666666667,31.8744444444444,58.262,63.7985,0.186381,5.8595,9.4455
"1825","Howard St. & 6th St. (BC)",37.77947,-122.407921,200,12,0,15.6405614012568,1,11.510141081284,4.1328,36.6176,NA,NA,NA,NA,NA
"1826","Howard St. & 6th St. (BC)",37.77947,-122.407921,200,12,1,14.9779253714375,1,12.6071601068286,2.29833333333333,19.5691666666667,NA,NA,NA,NA,NA
"1827","Howard St. & 6th St. (BC)",37.77947,-122.407921,200,12,2,14.4800802012716,1.00450234404466,12.6676027426521,1.814,14.956,NA,NA,NA,NA,NA
"1828","Howard St. & 6th St. (BC)",37.77947,-122.407921,200,12,3,14.2904931301025,1,13.0965910949324,1.196,9.1364,NA,NA,NA,NA,NA
"1829","Howard St. & 6th St. (BC)",37.77947,-122.407921,200,12,4,14.5831056597477,1,12.2196762143478,2.3616,19.3504,NA,NA,NA,NA,NA
"1830","Howard St. & 6th St. (BC)",37.77947,-122.407921,200,12,5,15.3708611844802,1,12.5973574222818,2.772,22.1596,NA,NA,NA,NA,NA
"1831","Howard St. & 6th St. (BC)",37.77947,-122.407921,200,12,6,15.481514247952,1.0017312912957,11.2034335377024,4.278,43.6804,NA,NA,NA,NA,NA
"1832","Howard St. & 6th St. (BC)",37.77947,-122.407921,200,12,7,14.7353138846171,1.00411411654567,9.82450666666667,4.9128,50.9408,NA,NA,NA,NA,NA
"1833","Howard St. & 6th St. (BC)",37.77947,-122.407921,200,12,8,13.4556974875056,1.02173935696976,9.24022666666666,4.2132,46.384,NA,NA,NA,NA,NA
"1834","Howard St. & 6th St. (BC)",37.77947,-122.407921,200,12,9,13.5156151048951,1.01268792134433,8.40068,5.1172,62.6168,NA,NA,NA,NA,NA
"1835","Howard St. & 6th St. (BC)",37.77947,-122.407921,200,12,10,13.8065859521032,1.01087071034084,8.24405333333334,5.562,71.4044,NA,NA,NA,NA,NA
"1836","Howard St. & 6th St. (BC)",37.77947,-122.407921,200,12,11,13.5455849210393,1.01360155677132,8.67003999999999,4.8732,58.1264,NA,NA,NA,NA,NA
"1837","Howard St. & 6th St. (BC)",37.77947,-122.407921,200,12,12,13.4515867947033,1.00980528896459,8.0033590650445,5.4484,73.4872,NA,NA,NA,NA,NA
"1838","Howard St. & 6th St. (BC)",37.77947,-122.407921,200,12,13,13.6549076923077,1.00688351478478,8.72923720930233,4.9252,58.6916,NA,NA,NA,NA,NA
"1839","Howard St. & 6th St. (BC)",37.77947,-122.407921,200,12,14,13.0058949242883,1.03560243562613,9.26973583820802,3.7372,41.352,NA,NA,NA,NA,NA
"1840","Howard St. & 6th St. (BC)",37.77947,-122.407921,200,12,15,12.5221384615385,1.05692239704579,8.53566741901776,3.9884,50.6504,NA,NA,NA,NA,NA
"1841","Howard St. & 6th St. (BC)",37.77947,-122.407921,200,12,16,12.03264,1.10594679118874,8.80153333333334,3.2344,38.8188,NA,NA,NA,NA,NA
"1842","Howard St. & 6th St. (BC)",37.77947,-122.407921,200,12,17,11.8268267836861,1.12512189486651,7.90166666666666,3.9276,51.2032,NA,NA,NA,NA,NA
"1843","Howard St. & 6th St. (BC)",37.77947,-122.407921,200,12,18,12.8782934004313,1.05060783718671,8.12322666666667,4.7572,60.6768,NA,NA,NA,NA,NA
"1844","Howard St. & 6th St. (BC)",37.77947,-122.407921,200,12,19,13.8957900391134,1.01007146384593,8.92782666666666,4.9668,60.79,NA,NA,NA,NA,NA
"1845","Howard St. & 6th St. (BC)",37.77947,-122.407921,200,12,20,15.0192621990439,1,9.52114712398974,5.4988,60.884,NA,NA,NA,NA,NA
"1846","Howard St. & 6th St. (BC)",37.77947,-122.407921,200,12,21,15.5473020344683,1,11.1679513197279,4.3788,39.9788,NA,NA,NA,NA,NA
"1847","Howard St. & 6th St. (BC)",37.77947,-122.407921,200,12,22,15.7003686186711,1,10.5649568711363,5.1376,49.5772,NA,NA,NA,NA,NA
"1848","Howard St. & 6th St. (BC)",37.77947,-122.407921,200,12,23,16.0894702580608,1,11.9324713270283,4.1568,36.3424,NA,NA,NA,NA,NA
"1849","Howard St. & 6th St. (BC)",37.77947,-122.407921,200,1,0,15.7697742733301,1,11.510141081284,4.2612,37.2908,54.41,59.5,0.48485,8.02,8.79
"1850","Howard St. & 6th St. (BC)",37.77947,-122.407921,200,1,1,15.2664280924852,1,12.6071601068286,2.58666666666667,21.6645833333333,54.482,59.42,0.40155,7.44,10.98
"1851","Howard St. & 6th St. (BC)",37.77947,-122.407921,200,1,2,15.0467076139862,1,12.6676027426521,2.3804,19.12,54.302,59.64,0.3572,8.31,10.12
"1852","Howard St. & 6th St. (BC)",37.77947,-122.407921,200,1,3,14.80653350649,1,13.0965910949324,1.7092,13.1248,54.122,61.78,0.3724,10.17,9.17
"1853","Howard St. & 6th St. (BC)",37.77947,-122.407921,200,1,4,15.0858909025246,1.00136306535397,12.2196762143478,2.8656,23.4984,53.6,64.84,0.56425,12.26,10.34
"1854","Howard St. & 6th St. (BC)",37.77947,-122.407921,200,1,5,15.1586078343148,1,12.5973574222818,2.564,20.5632,53.852,63.83,0.41975,11.1,8.17
"1855","Howard St. & 6th St. (BC)",37.77947,-122.407921,200,1,6,15.4945509545435,1.00154619323177,11.2034335377024,4.2916,42.3832,54.176,63.04,0.3717,9.74,8.28
"1856","Howard St. & 6th St. (BC)",37.77947,-122.407921,200,1,7,13.8795799836495,1.02466348383636,9.82450666666667,4.0552,41.5772,54.032,65.88,0.5688,9.06,11.86
"1857","Howard St. & 6th St. (BC)",37.77947,-122.407921,200,1,8,12.5421993997599,1.10040919229122,9.24022666666666,3.3048,35.8776,53.924,66.9,0.5228,9.87,10.85
"1858","Howard St. & 6th St. (BC)",37.77947,-122.407921,200,1,9,12.4708976506371,1.08328585696599,8.40068,4.0688,49.2468,54.158,66.85,0.3819,10.58,10.07
"1859","Howard St. & 6th St. (BC)",37.77947,-122.407921,200,1,10,12.8373319538998,1.07108842919288,8.24405333333334,4.5944,58.8952,54.176,68.08,0.35655,8.95,10.84
"1860","Howard St. & 6th St. (BC)",37.77947,-122.407921,200,1,11,13.079741294964,1.04141895148384,8.67003999999999,4.412,52.5908,60.62,54.44,0.402375,7.475,10.04
"1861","Howard St. & 6th St. (BC)",37.77947,-122.407921,200,1,12,13.4083428571429,1.02543866356603,8.0033590650445,5.4048,72.4924,57.812,55.67,0.384875,6.9,8.965
"1862","Howard St. & 6th St. (BC)",37.77947,-122.407921,200,1,13,13.3265428571428,1.0240129536243,8.72923720930233,4.5956,54.5516,57.857,57.945,0.302875,6.705,10.355
"1863","Howard St. & 6th St. (BC)",37.77947,-122.407921,200,1,14,12.9307971428571,1.04010439330159,9.26973583820802,3.6624,40.7184,58.235,59.555,0.496475,6.51,11.545
"1864","Howard St. & 6th St. (BC)",37.77947,-122.407921,200,1,15,12.3363857142857,1.0935955544089,8.53566741901776,3.8024,48.8404,57.749,61.015,0.556105,6.96,11.935
"1865","Howard St. & 6th St. (BC)",37.77947,-122.407921,200,1,16,11.9205100138696,1.11838098198795,8.80153333333334,3.1204,37.7152,57.542,61.06,0.419875,6.095,10.88
"1866","Howard St. & 6th St. (BC)",37.77947,-122.407921,200,1,17,11.5440028571428,1.14778792691266,7.90166666666666,3.642,47.4616,56.615,62.545,0.277225,5.91,9.58
"1867","Howard St. & 6th St. (BC)",37.77947,-122.407921,200,1,18,12.4218681691594,1.06808629462783,8.12322666666667,4.2992,55.0808,56.057,63.165,0.25545,6.64,9.125
"1868","Howard St. & 6th St. (BC)",37.77947,-122.407921,200,1,19,13.9207372973266,1.00492873223712,8.92782666666666,4.99,61.0388,55.742,64.475,0.3292,6.82,9.8
"1869","Howard St. & 6th St. (BC)",37.77947,-122.407921,200,1,20,15.1925036270012,1,9.52114712398974,5.668,62.7516,55.85,65.175,0.3322,6.35,9.435
"1870","Howard St. & 6th St. (BC)",37.77947,-122.407921,200,1,21,15.3668052510607,1,11.1679513197279,4.1988,38.6164,55.94,65.75,0.340525,6.465,9.125
"1871","Howard St. & 6th St. (BC)",37.77947,-122.407921,200,1,22,15.7077764412008,1,10.5649568711363,5.1456,49.6704,56.543,65.86,0.34535,6.315,9.4
"1872","Howard St. & 6th St. (BC)",37.77947,-122.407921,200,1,23,16.2060472969294,1,11.9324713270283,4.2752,37.0864,56.696,66.19,0.335725,5.65,9.215
"1873","Howard St. & 6th St. (BC)",37.77947,-122.407921,200,2,0,15.4867366666667,1,11.510141081284,3.9756,34.9824,56.4562142857143,67.3335714285714,0.346462142857143,6.04285714285714,11.2664285714286
"1874","Howard St. & 6th St. (BC)",37.77947,-122.407921,200,2,1,14.47981,1,12.6071601068286,1.85875,16.1829166666667,55.9727857142857,67.7782142857143,0.35025,5.97,11.5025
"1875","Howard St. & 6th St. (BC)",37.77947,-122.407921,200,2,2,13.67285,1.02271581964283,12.6676027426521,1.0064,8.3036,55.6012142857143,68.5832142857143,0.407907857142857,5.90071428571429,11.3410714285714
"1876","Howard St. & 6th St. (BC)",37.77947,-122.407921,200,2,3,13.1086633333333,1.04558285363314,13.0965910949324,0.014,-0.1136,55.2406666666667,68.6551851851852,0.397838518518519,5.92259259259259,11.932962962963
"1877","Howard St. & 6th St. (BC)",37.77947,-122.407921,200,2,4,13.6362333333333,1.03365443127796,12.2196762143478,1.4148,11.508,55.1798461538462,69.7938461538461,0.473529615384615,6.04230769230769,12.2776923076923
"1878","Howard St. & 6th St. (BC)",37.77947,-122.407921,200,2,5,14.9809266666667,1.00851040868589,12.5973574222818,2.384,18.9212,54.6607142857143,69.9321428571429,0.651586428571429,7.625,12.625
"1879","Howard St. & 6th St. (BC)",37.77947,-122.407921,200,2,6,15.53303,1.00303128349594,11.2034335377024,4.33,42.9108,54.4987142857143,70.3617857142857,0.501017857142857,6.38607142857143,12.7435714285714
"1880","Howard St. & 6th St. (BC)",37.77947,-122.407921,200,2,7,14.0218233333333,1.01516467913057,9.82450666666667,4.1968,43.0672,54.518,70.2681481481481,0.611813703703704,6.33925925925926,14.1188888888889
"1881","Howard St. & 6th St. (BC)",37.77947,-122.407921,200,2,8,12.37915,1.10397013309414,9.24022666666666,3.1384,34.1984,56.9962142857143,67.0603571428571,0.667953928571429,6.39285714285714,12.3521428571429
"1882","Howard St. & 6th St. (BC)",37.77947,-122.407921,200,2,9,12.14377,1.12426431341804,8.40068,3.7428,45.1512,59.8778461538462,62.8219230769231,0.497252692307692,6.69423076923077,10.8611538461538
"1883","Howard St. & 6th St. (BC)",37.77947,-122.407921,200,2,10,12.88709,1.05066241756863,8.24405333333334,4.6412,59.8988,61.0835,59.0314285714286,0.446264642857143,6.64607142857143,10.9278571428571
"1884","Howard St. & 6th St. (BC)",37.77947,-122.407921,200,2,11,13.0494766666667,1.02972639019205,8.67003999999999,4.378,52.372,63.05,54.85,0.436616153846154,6.26576923076923,10.4619230769231
"1885","Howard St. & 6th St. (BC)",37.77947,-122.407921,200,2,12,13.43641,1.01429375714304,8.0033590650445,5.4364,73.4264,65.6286956521739,51.6413043478261,0.356396086956522,6.14173913043478,9.61782608695652
"1886","Howard St. & 6th St. (BC)",37.77947,-122.407921,200,2,13,13.23427,1.02065942493319,8.72923720930233,4.5036,53.9304,67.2366363636364,48.4518181818182,0.215040909090909,5.22818181818182,8.42727272727273
"1887","Howard St. & 6th St. (BC)",37.77947,-122.407921,200,2,14,12.7421,1.05251915448253,9.26973583820802,3.4716,38.7708,67.8162105263158,48.7531578947368,0.199584210526316,5.20052631578947,8.46157894736842
"1888","Howard St. & 6th St. (BC)",37.77947,-122.407921,200,2,15,12.1441666666667,1.10125102672022,8.53566741901776,3.6116,46.3072,66.5933333333333,50.4274074074074,0.14194962962963,5.05111111111111,8.71925925925926
"1889","Howard St. & 6th St. (BC)",37.77947,-122.407921,200,2,16,11.7126,1.1337096645952,8.80153333333334,2.9136,35.292,65.12144,50.932,0.1736712,5.5128,9.3696
"1890","Howard St. & 6th St. (BC)",37.77947,-122.407921,200,2,17,11.2885533333334,1.17329108305017,7.90166666666666,3.3904,44.1704,62.8661428571429,56.1632142857143,0.212545714285714,5.73357142857143,10.4003571428571
"1891","Howard St. & 6th St. (BC)",37.77947,-122.407921,200,2,18,12.20037,1.09011463539596,8.12322666666667,4.0768,52.2164,61.0121428571429,59.7510714285714,0.263864285714286,5.87964285714286,10.3228571428571
"1892","Howard St. & 6th St. (BC)",37.77947,-122.407921,200,2,19,13.6873766666667,1.01561476935476,8.92782666666666,4.758,58.3648,59.8762142857143,61.8410714285714,0.251753928571429,6.1025,10.1664285714286
"1893","Howard St. & 6th St. (BC)",37.77947,-122.407921,200,2,20,14.6629133333333,1,9.52114712398974,5.142,56.8792,58.9196428571429,63.7653571428571,0.282264285714286,6.21785714285714,10.615
"1894","Howard St. & 6th St. (BC)",37.77947,-122.407921,200,2,21,15.41143,1,11.1679513197279,4.2432,39.0424,58.091,65.1035714285714,0.307263214285714,6.26142857142857,11.0975
"1895","Howard St. & 6th St. (BC)",37.77947,-122.407921,200,2,22,15.6500833333333,1,10.5649568711363,5.0844,49.1564,57.3877142857143,65.9707142857143,0.468133571428571,6.60428571428571,11.1382142857143
"1896","Howard St. & 6th St. (BC)",37.77947,-122.407921,200,2,23,15.6303966666666,1,11.9324713270283,3.7008,32.434,56.8329285714286,66.6732142857143,0.341562142857143,6.19,10.7453571428571
"1897","Howard St. & 6th St. (BC)",37.77947,-122.407921,200,3,0,15.2077366666667,1,11.510141081284,3.698,32.736,57.5102857142857,63.6342857142857,0.206628571428571,5.8652380952381,9.37190476190476
"1898","Howard St. & 6th St. (BC)",37.77947,-122.407921,200,3,1,14.8653,1,12.6071601068286,2.27083333333333,19.46625,57.1477142857143,64.1866666666667,0.217082857142857,5.94714285714286,9.93095238095238
"1899","Howard St. & 6th St. (BC)",37.77947,-122.407921,200,3,2,13.9374133333333,1.00241431617089,12.6676027426521,1.2704,10.586,56.8985,65.1805,0.2309175,5.8505,9.8375
"1900","Howard St. & 6th St. (BC)",37.77947,-122.407921,200,3,3,13.07471,1.04338622902053,13.0965910949324,-0.02,-0.272,56.3505714285714,66.4261904761905,0.238266666666667,5.94190476190476,10.8733333333333
"1901","Howard St. & 6th St. (BC)",37.77947,-122.407921,200,3,4,13.7641533333334,1.01419883281688,12.2196762143478,1.5444,12.5232,56.03,67.053,0.280084,5.69,11.8195
"1902","Howard St. & 6th St. (BC)",37.77947,-122.407921,200,3,5,14.6791166666667,1.00803717715363,12.5973574222818,2.084,16.3588,55.6271428571429,67.85,0.264466666666667,5.95714285714286,11.6766666666667
"1903","Howard St. & 6th St. (BC)",37.77947,-122.407921,200,3,6,15.6283166666667,1.00141830610836,11.2034335377024,4.4256,44.4124,55.3991428571429,68.6147619047619,0.368661904761905,6.01761904761905,13.34
"1904","Howard St. & 6th St. (BC)",37.77947,-122.407921,200,3,7,14.0891066666667,1.01103937095368,9.82450666666667,4.2632,44.058,55.8422857142857,67.9814285714286,0.494785714285714,5.88809523809524,13.9585714285714
"1905","Howard St. & 6th St. (BC)",37.77947,-122.407921,200,3,8,12.0697633333333,1.13222023588085,9.24022666666666,2.8316,30.9224,58.6494285714286,63.9842857142857,0.526235714285714,6.17095238095238,12.4585714285714
"1906","Howard St. & 6th St. (BC)",37.77947,-122.407921,200,3,9,11.9756466666667,1.12554988415162,8.40068,3.5772,43.248,61.9482105263158,58.9226315789474,0.296878947368421,6.2421052631579,9.91368421052632
"1907","Howard St. & 6th St. (BC)",37.77947,-122.407921,200,3,10,12.62098,1.07467755399147,8.24405333333334,4.3792,56.2324,64.4688235294118,53.7164705882353,0.249342352941176,5.81705882352941,8.96764705882353
"1908","Howard St. & 6th St. (BC)",37.77947,-122.407921,200,3,11,13.01309,1.03876936036519,8.67003999999999,4.3396,52.0648,66.9056,49.4253333333333,0.211170666666667,5.954,8.47333333333333
"1909","Howard St. & 6th St. (BC)",37.77947,-122.407921,200,3,12,13.2015766666667,1.01604820989687,8.0033590650445,5.1976,70.6544,68.707,47.3361111111111,0.133872777777778,5.34944444444444,7.49444444444444
"1910","Howard St. & 6th St. (BC)",37.77947,-122.407921,200,3,13,12.9460466666667,1.02964806615716,8.72923720930233,4.2192,50.2968,70.0043529411765,46.0005882352941,0.137928823529412,5.13235294117647,7.29
"1911","Howard St. & 6th St. (BC)",37.77947,-122.407921,200,3,14,12.5217933333333,1.05885711820058,9.26973583820802,3.2496,36.2432,69.926,45.5521052631579,0.146324210526316,5.06368421052632,7.44421052631579
"1912","Howard St. & 6th St. (BC)",37.77947,-122.407921,200,3,15,11.8638566666667,1.11967472814887,8.53566741901776,3.3268,43.0452,69.0591578947368,46.1821052631579,0.09847,5.06894736842105,7.77157894736842
"1913","Howard St. & 6th St. (BC)",37.77947,-122.407921,200,3,16,11.40143,1.16441919332262,8.80153333333334,2.598,31.5628,67.418,47.5538888888889,0.107702222222222,5.02444444444444,8.30388888888889
"1914","Howard St. & 6th St. (BC)",37.77947,-122.407921,200,3,17,11.19746,1.18234884640024,7.90166666666666,3.294,43.2396,65.3288,51.1445,0.1246135,5.1675,8.847
"1915","Howard St. & 6th St. (BC)",37.77947,-122.407921,200,3,18,12.2169233333333,1.08759846984937,8.12322666666667,4.092,52.602,63.131,55.1745,0.1436695,5.461,9.5085
"1916","Howard St. & 6th St. (BC)",37.77947,-122.407921,200,3,19,13.7844033333333,1.0079350002909,8.92782666666666,4.8564,59.6064,61.2158,58.934,0.1853555,5.6685,9.8235
"1917","Howard St. & 6th St. (BC)",37.77947,-122.407921,200,3,20,14.7692566666667,1,9.52114712398974,5.2492,58.3896,60.0431,60.7285,0.202016,5.8575,9.27
"1918","Howard St. & 6th St. (BC)",37.77947,-122.407921,200,3,21,15.4068433333333,1,11.1679513197279,4.2396,38.9272,59.1944,62.504,0.197126,5.707,8.943
"1919","Howard St. & 6th St. (BC)",37.77947,-122.407921,200,3,22,15.5216766666667,1,10.5649568711363,4.9588,47.9076,58.694,63.342,0.178034,5.7415,8.66
"1920","Howard St. & 6th St. (BC)",37.77947,-122.407921,200,3,23,15.71933,1,11.9324713270283,3.7864,33.1072,58.262,63.7985,0.186381,5.8595,9.4455
"1921","Howard St. & 6th St. (BC)",37.77947,-122.407921,300,12,0,16.1047337293358,1,12.0402173855159,4.06615384615385,34.5033846153846,NA,NA,NA,NA,NA
"1922","Howard St. & 6th St. (BC)",37.77947,-122.407921,300,12,1,15.5678850384915,1,13.0685589359198,2.31464285714286,18.7544642857143,NA,NA,NA,NA,NA
"1923","Howard St. & 6th St. (BC)",37.77947,-122.407921,300,12,2,15.0919382228734,1.00303042387622,13.4672216256112,1.62538461538462,14.8024615384615,NA,NA,NA,NA,NA
"1924","Howard St. & 6th St. (BC)",37.77947,-122.407921,300,12,3,14.8081662516764,1,13.2492229106693,1.55969230769231,11.9453846153846,NA,NA,NA,NA,NA
"1925","Howard St. & 6th St. (BC)",37.77947,-122.407921,300,12,4,15.0625317513179,1,12.8120251452739,2.24907692307692,18.9609230769231,NA,NA,NA,NA,NA
"1926","Howard St. & 6th St. (BC)",37.77947,-122.407921,300,12,5,15.8259989731094,1,12.9335435026635,2.89246153846154,23.6181538461538,NA,NA,NA,NA,NA
"1927","Howard St. & 6th St. (BC)",37.77947,-122.407921,300,12,6,15.8525630502324,1.00332940633788,11.8037426913603,4.04815384615385,38.6493846153846,NA,NA,NA,NA,NA
"1928","Howard St. & 6th St. (BC)",37.77947,-122.407921,300,12,7,15.0981729498815,1.00791176258782,10.7499330989011,4.34984615384615,42.7366153846154,NA,NA,NA,NA,NA
"1929","Howard St. & 6th St. (BC)",37.77947,-122.407921,300,12,8,13.9196261546405,1.03392739761042,10.0107208624709,3.90738461538462,40.3913846153846,NA,NA,NA,NA,NA
"1930","Howard St. & 6th St. (BC)",37.77947,-122.407921,300,12,9,13.8800806885422,1.0243998487391,8.97017530343195,4.912,56.5996923076923,NA,NA,NA,NA,NA
"1931","Howard St. & 6th St. (BC)",37.77947,-122.407921,300,12,10,14.1173325430854,1.02090521219392,9.24701982137713,4.87061538461538,58.1704615384615,NA,NA,NA,NA,NA
"1932","Howard St. & 6th St. (BC)",37.77947,-122.407921,300,12,11,13.9501086835477,1.02115170358182,9.73130183150183,4.21661538461538,47.0258461538462,NA,NA,NA,NA,NA
"1933","Howard St. & 6th St. (BC)",37.77947,-122.407921,300,12,12,13.8280669086065,1.0183209728317,9.12548940818806,4.702,58.4421538461539,NA,NA,NA,NA,NA
"1934","Howard St. & 6th St. (BC)",37.77947,-122.407921,300,12,13,13.9498982248521,1.01323752843228,9.56401944667202,4.38538461538462,49.2836923076923,NA,NA,NA,NA,NA
"1935","Howard St. & 6th St. (BC)",37.77947,-122.407921,300,12,14,13.2955451521223,1.03835178756781,9.91376973649397,3.38169230769231,35.4847692307692,NA,NA,NA,NA,NA
"1936","Howard St. & 6th St. (BC)",37.77947,-122.407921,300,12,15,12.8853869822485,1.05096442844696,9.40556591539976,3.48169230769231,41.2849230769231,NA,NA,NA,NA,NA
"1937","Howard St. & 6th St. (BC)",37.77947,-122.407921,300,12,16,12.3703564112891,1.08766254468819,9.58255805243446,2.78984615384615,31.428,NA,NA,NA,NA,NA
"1938","Howard St. & 6th St. (BC)",37.77947,-122.407921,300,12,17,12.1754205234105,1.10557933974101,8.49021258741258,3.68661538461538,45.3366153846154,NA,NA,NA,NA,NA
"1939","Howard St. & 6th St. (BC)",37.77947,-122.407921,300,12,18,13.1697919482387,1.04592295365554,8.79960512820513,4.37046153846154,52.276,NA,NA,NA,NA,NA
"1940","Howard St. & 6th St. (BC)",37.77947,-122.407921,300,12,19,14.0978401074462,1.015108676852,9.94194358974358,4.15415384615385,47.3621538461538,NA,NA,NA,NA,NA
"1941","Howard St. & 6th St. (BC)",37.77947,-122.407921,300,12,20,15.2824188780051,1,10.7614634975511,4.52153846153846,47.0044615384615,NA,NA,NA,NA,NA
"1942","Howard St. & 6th St. (BC)",37.77947,-122.407921,300,12,21,15.8884052672422,1,11.8627028548455,4.02569230769231,35.3015384615385,NA,NA,NA,NA,NA
"1943","Howard St. & 6th St. (BC)",37.77947,-122.407921,300,12,22,16.0498901827352,1,11.551009463454,4.50076923076923,41.0398461538462,NA,NA,NA,NA,NA
"1944","Howard St. & 6th St. (BC)",37.77947,-122.407921,300,12,23,16.31495782564,1,12.8064233672942,3.50830769230769,29.5636923076923,NA,NA,NA,NA,NA
"1945","Howard St. & 6th St. (BC)",37.77947,-122.407921,300,1,0,16.2065555450906,1,12.0402173855159,4.16646153846154,35.1093846153846,54.41,59.5,0.48485,8.02,8.79
"1946","Howard St. & 6th St. (BC)",37.77947,-122.407921,300,1,1,15.7549676094053,1,13.0685589359198,2.49160714285714,20.0678571428571,54.482,59.42,0.40155,7.44,10.98
"1947","Howard St. & 6th St. (BC)",37.77947,-122.407921,300,1,2,15.5239799321966,1,13.4672216256112,2.05815384615385,17.7173846153846,54.302,59.64,0.3572,8.31,10.12
"1948","Howard St. & 6th St. (BC)",37.77947,-122.407921,300,1,3,15.4390782806213,1,13.2492229106693,2.18938461538462,16.8466153846154,54.122,61.78,0.3724,10.17,9.17
"1949","Howard St. & 6th St. (BC)",37.77947,-122.407921,300,1,4,15.6920592456556,1.00083880944859,12.8120251452739,2.87907692307692,23.8612307692308,53.6,64.84,0.56425,12.26,10.34
"1950","Howard St. & 6th St. (BC)",37.77947,-122.407921,300,1,5,15.6206067107053,1,12.9335435026635,2.68984615384615,22.1243076923077,53.852,63.83,0.41975,11.1,8.17
"1951","Howard St. & 6th St. (BC)",37.77947,-122.407921,300,1,6,15.8340620449836,1.00297344852264,11.8037426913603,4.03,37.5387692307692,54.176,63.04,0.3717,9.74,8.28
"1952","Howard St. & 6th St. (BC)",37.77947,-122.407921,300,1,7,14.3974563818232,1.02868383800576,10.7499330989011,3.64784615384615,35.4947692307692,54.032,65.88,0.5688,9.06,11.86
"1953","Howard St. & 6th St. (BC)",37.77947,-122.407921,300,1,8,12.9677194137025,1.097172363392,10.0107208624709,2.95907692307692,30.3107692307692,53.924,66.9,0.5228,9.87,10.85
"1954","Howard St. & 6th St. (BC)",37.77947,-122.407921,300,1,9,12.7623958405399,1.08587615169078,8.97017530343195,3.79138461538462,43.4026153846154,54.158,66.85,0.3819,10.58,10.07
"1955","Howard St. & 6th St. (BC)",37.77947,-122.407921,300,1,10,13.0911029847795,1.07213993795753,9.24701982137713,3.84492307692308,46.3007692307692,54.176,68.08,0.35655,8.95,10.84
"1956","Howard St. & 6th St. (BC)",37.77947,-122.407921,300,1,11,13.3229550320184,1.0469288467082,9.73130183150183,3.59292307692308,40.7178461538462,60.62,54.44,0.402375,7.475,10.04
"1957","Howard St. & 6th St. (BC)",37.77947,-122.407921,300,1,12,13.6871296703297,1.03131468546551,9.12548940818806,4.56230769230769,56.7966153846154,57.812,55.67,0.384875,6.9,8.965
"1958","Howard St. & 6th St. (BC)",37.77947,-122.407921,300,1,13,13.6387813186813,1.02719477738168,9.56401944667202,4.07292307692308,45.7796923076923,57.857,57.945,0.302875,6.705,10.355
"1959","Howard St. & 6th St. (BC)",37.77947,-122.407921,300,1,14,13.1839318681318,1.04063429800349,9.91376973649397,3.27169230769231,34.5043076923077,58.235,59.555,0.496475,6.51,11.545
"1960","Howard St. & 6th St. (BC)",37.77947,-122.407921,300,1,15,12.6649604395604,1.07765301754506,9.40556591539976,3.26046153846154,39.1555384615385,57.749,61.015,0.556105,6.96,11.935
"1961","Howard St. & 6th St. (BC)",37.77947,-122.407921,300,1,16,12.2743489491091,1.09664836450962,9.58255805243446,2.69276923076923,30.5103076923077,57.542,61.06,0.419875,6.095,10.88
"1962","Howard St. & 6th St. (BC)",37.77947,-122.407921,300,1,17,11.9122824175824,1.12564224671723,8.49021258741258,3.42169230769231,42.0567692307692,56.615,62.545,0.277225,5.91,9.58
"1963","Howard St. & 6th St. (BC)",37.77947,-122.407921,300,1,18,12.7514750505812,1.05833238100888,8.79960512820513,3.95153846153846,47.4709230769231,56.057,63.165,0.25545,6.64,9.125
"1964","Howard St. & 6th St. (BC)",37.77947,-122.407921,300,1,19,14.0307685820392,1.00947833122523,9.94194358974358,4.08707692307692,46.818,55.742,64.475,0.3292,6.82,9.8
"1965","Howard St. & 6th St. (BC)",37.77947,-122.407921,300,1,20,15.3757974985797,1,10.7614634975511,4.61230769230769,48.1001538461538,55.85,65.175,0.3322,6.35,9.435
"1966","Howard St. & 6th St. (BC)",37.77947,-122.407921,300,1,21,15.6388707772965,1,11.8627028548455,3.77661538461538,33.4246153846154,55.94,65.75,0.340525,6.465,9.125
"1967","Howard St. & 6th St. (BC)",37.77947,-122.407921,300,1,22,15.9177323464388,1,11.551009463454,4.36969230769231,40.0118461538462,56.543,65.86,0.34535,6.315,9.4
"1968","Howard St. & 6th St. (BC)",37.77947,-122.407921,300,1,23,16.4283925207487,1,12.8064233672942,3.62307692307692,30.3669230769231,56.696,66.19,0.335725,5.65,9.215
"1969","Howard St. & 6th St. (BC)",37.77947,-122.407921,300,2,0,15.6683294871795,1,12.0402173855159,3.62707692307692,30.8764615384615,56.4562142857143,67.3335714285714,0.346462142857143,6.04285714285714,11.2664285714286
"1970","Howard St. & 6th St. (BC)",37.77947,-122.407921,300,2,1,14.7745935897436,1,13.0685589359198,1.70071428571429,14.2996428571429,55.9727857142857,67.7782142857143,0.35025,5.97,11.5025
"1971","Howard St. & 6th St. (BC)",37.77947,-122.407921,300,2,2,13.7936717948718,1.02110446463496,13.4672216256112,0.326461538461538,5.08892307692308,55.6012142857143,68.5832142857143,0.407907857142857,5.90071428571429,11.3410714285714
"1972","Howard St. & 6th St. (BC)",37.77947,-122.407921,300,2,3,13.1812705128205,1.05037613465202,13.2492229106693,-0.0663076923076923,-0.370923076923077,55.2406666666667,68.6551851851852,0.397838518518519,5.92259259259259,11.932962962963
"1973","Howard St. & 6th St. (BC)",37.77947,-122.407921,300,2,4,13.6489,1.03804744030875,12.8120251452739,0.834923076923077,7.92830769230769,55.1798461538462,69.7938461538461,0.473529615384615,6.04230769230769,12.2776923076923
"1974","Howard St. & 6th St. (BC)",37.77947,-122.407921,300,2,5,14.9110397435898,1.01636617054979,12.9335435026635,1.97769230769231,16.2512307692308,54.6607142857143,69.9321428571429,0.651586428571429,7.625,12.625
"1975","Howard St. & 6th St. (BC)",37.77947,-122.407921,300,2,6,15.7523217948718,1.00582939133834,11.8037426913603,3.94969230769231,37.0075384615385,54.4987142857143,70.3617857142857,0.501017857142857,6.38607142857143,12.7435714285714
"1976","Howard St. & 6th St. (BC)",37.77947,-122.407921,300,2,7,14.4293794871795,1.0230344894285,10.7499330989011,3.67830769230769,35.9907692307692,54.518,70.2681481481481,0.611813703703704,6.33925925925926,14.1188888888889
"1977","Howard St. & 6th St. (BC)",37.77947,-122.407921,300,2,8,12.6915935897436,1.10484866849432,10.0107208624709,2.68107692307692,27.7424615384615,56.9962142857143,67.0603571428571,0.667953928571429,6.39285714285714,12.3521428571429
"1978","Howard St. & 6th St. (BC)",37.77947,-122.407921,300,2,9,12.3624923076923,1.11674173264674,8.97017530343195,3.39184615384615,38.8707692307692,59.8778461538462,62.8219230769231,0.497252692307692,6.69423076923077,10.8611538461538
"1979","Howard St. & 6th St. (BC)",37.77947,-122.407921,300,2,10,13.1098923076923,1.05519027912934,9.24701982137713,3.86138461538462,46.9766153846154,61.0835,59.0314285714286,0.446264642857143,6.64607142857143,10.9278571428571
"1980","Howard St. & 6th St. (BC)",37.77947,-122.407921,300,2,11,13.3317653846154,1.03676677570901,9.73130183150183,3.59938461538462,40.8141538461538,63.05,54.85,0.436616153846154,6.26576923076923,10.4619230769231
"1981","Howard St. & 6th St. (BC)",37.77947,-122.407921,300,2,12,13.5984961538462,1.02413541753709,9.12548940818806,4.47446153846154,56.4664615384615,65.6286956521739,51.6413043478261,0.356396086956522,6.14173913043478,9.61782608695652
"1982","Howard St. & 6th St. (BC)",37.77947,-122.407921,300,2,13,13.3679205128205,1.03165654091977,9.56401944667202,3.80246153846154,43.4169230769231,67.2366363636364,48.4518181818182,0.215040909090909,5.22818181818182,8.42727272727273
"1983","Howard St. & 6th St. (BC)",37.77947,-122.407921,300,2,14,12.9459487179487,1.05578203399008,9.91376973649397,3.03169230769231,32.2047692307692,67.8162105263158,48.7531578947368,0.199584210526316,5.20052631578947,8.46157894736842
"1984","Howard St. & 6th St. (BC)",37.77947,-122.407921,300,2,15,12.4239192307692,1.09276190395348,9.40556591539976,3.02061538461538,36.5467692307692,66.5933333333333,50.4274074074074,0.14194962962963,5.05111111111111,8.71925925925926
"1985","Howard St. & 6th St. (BC)",37.77947,-122.407921,300,2,16,12.0215064102564,1.11481715822127,9.58255805243446,2.44092307692308,27.8901538461538,65.12144,50.932,0.1736712,5.5128,9.3696
"1986","Howard St. & 6th St. (BC)",37.77947,-122.407921,300,2,17,11.6058871794872,1.15572177455057,8.49021258741258,3.11815384615385,38.3690769230769,62.8661428571429,56.1632142857143,0.212545714285714,5.73357142857143,10.4003571428571
"1987","Howard St. & 6th St. (BC)",37.77947,-122.407921,300,2,18,12.5023128205128,1.07896759846449,8.79960512820513,3.70230769230769,44.5044615384615,61.0121428571429,59.7510714285714,0.263864285714286,5.87964285714286,10.3228571428571
"1988","Howard St. & 6th St. (BC)",37.77947,-122.407921,300,2,19,13.8121051282051,1.02219098818769,9.94194358974358,3.86953846153846,44.5078461538462,59.8762142857143,61.8410714285714,0.251753928571429,6.1025,10.1664285714286
"1989","Howard St. & 6th St. (BC)",37.77947,-122.407921,300,2,20,14.9574769230769,1,10.7614634975511,4.19723076923077,43.6886153846154,58.9196428571429,63.7653571428571,0.282264285714286,6.21785714285714,10.615
"1990","Howard St. & 6th St. (BC)",37.77947,-122.407921,300,2,21,15.6016346153846,1,11.8627028548455,3.738,33.2063076923077,58.091,65.1035714285714,0.307263214285714,6.26142857142857,11.0975
"1991","Howard St. & 6th St. (BC)",37.77947,-122.407921,300,2,22,15.8739833333333,1,11.551009463454,4.32184615384615,39.688,57.3877142857143,65.9707142857143,0.468133571428571,6.60428571428571,11.1382142857143
"1992","Howard St. & 6th St. (BC)",37.77947,-122.407921,300,2,23,15.9210628205128,1,12.8064233672942,3.11661538461538,26.4149230769231,56.8329285714286,66.6732142857143,0.341562142857143,6.19,10.7453571428571
"1993","Howard St. & 6th St. (BC)",37.77947,-122.407921,300,3,0,15.4801256410256,1,12.0402173855159,3.43969230769231,29.3881538461538,57.5102857142857,63.6342857142857,0.206628571428571,5.8652380952381,9.37190476190476
"1994","Howard St. & 6th St. (BC)",37.77947,-122.407921,300,3,1,15.0038243589743,1,13.0685589359198,2.01160714285714,16.7742857142857,57.1477142857143,64.1866666666667,0.217082857142857,5.94714285714286,9.93095238095238
"1995","Howard St. & 6th St. (BC)",37.77947,-122.407921,300,3,2,13.9894512820513,1.00813877833483,13.4672216256112,0.523076923076923,6.73107692307692,56.8985,65.1805,0.2309175,5.8505,9.8375
"1996","Howard St. & 6th St. (BC)",37.77947,-122.407921,300,3,3,13.2978717948718,1.03989414132244,13.2492229106693,0.0496923076923077,0.535384615384615,56.3505714285714,66.4261904761905,0.238266666666667,5.94190476190476,10.8733333333333
"1997","Howard St. & 6th St. (BC)",37.77947,-122.407921,300,3,4,13.5927256410257,1.02674387011582,12.8120251452739,0.780461538461539,7.43723076923077,56.03,67.053,0.280084,5.69,11.8195
"1998","Howard St. & 6th St. (BC)",37.77947,-122.407921,300,3,5,14.693358974359,1.01398987997078,12.9335435026635,1.76138461538462,14.4986153846154,55.6271428571429,67.85,0.264466666666667,5.95714285714286,11.6766666666667
"1999","Howard St. & 6th St. (BC)",37.77947,-122.407921,300,3,6,15.6108692307692,1.00272751174686,11.8037426913603,3.80723076923077,36.578,55.3991428571429,68.6147619047619,0.368661904761905,6.01761904761905,13.34
"2000","Howard St. & 6th St. (BC)",37.77947,-122.407921,300,3,7,14.5252128205128,1.02122955952631,10.7499330989011,3.77430769230769,37.0387692307692,55.8422857142857,67.9814285714286,0.494785714285714,5.88809523809524,13.9585714285714
"2001","Howard St. & 6th St. (BC)",37.77947,-122.407921,300,3,8,12.4931076923077,1.12166051454302,10.0107208624709,2.48384615384615,25.6296923076923,58.6494285714286,63.9842857142857,0.526235714285714,6.17095238095238,12.4585714285714
"2002","Howard St. & 6th St. (BC)",37.77947,-122.407921,300,3,9,12.2279512820513,1.12199367959711,8.97017530343195,3.25907692307692,37.3466153846154,61.9482105263158,58.9226315789474,0.296878947368421,6.2421052631579,9.91368421052632
"2003","Howard St. & 6th St. (BC)",37.77947,-122.407921,300,3,10,12.9160538461539,1.07475608915315,9.24701982137713,3.67061538461538,44.3244615384615,64.4688235294118,53.7164705882353,0.249342352941176,5.81705882352941,8.96764705882353
"2004","Howard St. & 6th St. (BC)",37.77947,-122.407921,300,3,11,13.226182051282,1.04295621326724,9.73130183150183,3.49338461538462,39.89,66.9056,49.4253333333333,0.211170666666667,5.954,8.47333333333333
"2005","Howard St. & 6th St. (BC)",37.77947,-122.407921,300,3,12,13.424208974359,1.02579934716873,9.12548940818806,4.29876923076923,54.5013846153846,68.707,47.3361111111111,0.133872777777778,5.34944444444444,7.49444444444444
"2006","Howard St. & 6th St. (BC)",37.77947,-122.407921,300,3,13,13.1811961538462,1.03611898956761,9.56401944667202,3.61892307692308,41.0527692307692,70.0043529411765,46.0005882352941,0.137928823529412,5.13235294117647,7.29
"2007","Howard St. & 6th St. (BC)",37.77947,-122.407921,300,3,14,12.7337435897436,1.06145766349265,9.91376973649397,2.81830769230769,29.9618461538462,69.926,45.5521052631579,0.146324210526316,5.06368421052632,7.44421052631579
"2008","Howard St. & 6th St. (BC)",37.77947,-122.407921,300,3,15,12.1488012820513,1.10661540137567,9.40556591539976,2.74153846153846,33.5267692307692,69.0591578947368,46.1821052631579,0.09847,5.06894736842105,7.77157894736842
"2009","Howard St. & 6th St. (BC)",37.77947,-122.407921,300,3,16,11.7738269230769,1.13745867521651,9.58255805243446,2.19,25.0564615384615,67.418,47.5538888888889,0.107702222222222,5.02444444444444,8.30388888888889
"2010","Howard St. & 6th St. (BC)",37.77947,-122.407921,300,3,17,11.5308461538461,1.15848447386342,8.49021258741258,3.03938461538462,37.6709230769231,65.3288,51.1445,0.1246135,5.1675,8.847
"2011","Howard St. & 6th St. (BC)",37.77947,-122.407921,300,3,18,12.5094564102564,1.07612950487946,8.79960512820513,3.70938461538462,44.7763076923077,63.131,55.1745,0.1436695,5.461,9.5085
"2012","Howard St. & 6th St. (BC)",37.77947,-122.407921,300,3,19,13.9106961538462,1.01525961594403,9.94194358974358,3.96861538461538,45.6409230769231,61.2158,58.934,0.1853555,5.6685,9.8235
"2013","Howard St. & 6th St. (BC)",37.77947,-122.407921,300,3,20,14.9996179487179,1,10.7614634975511,4.23907692307692,44.5238461538462,60.0431,60.7285,0.202016,5.8575,9.27
"2014","Howard St. & 6th St. (BC)",37.77947,-122.407921,300,3,21,15.6391615384615,1,11.8627028548455,3.77738461538462,33.4316923076923,59.1944,62.504,0.197126,5.707,8.943
"2015","Howard St. & 6th St. (BC)",37.77947,-122.407921,300,3,22,15.8113487179487,1,11.551009463454,4.26230769230769,39.0049230769231,58.694,63.342,0.178034,5.7415,8.66
"2016","Howard St. & 6th St. (BC)",37.77947,-122.407921,300,3,23,15.9927641025641,1,12.8064233672942,3.186,26.9395384615385,58.262,63.7985,0.186381,5.8595,9.4455
"2017","Air District Reference Site",37.7661,-122.398971,100,12,0,19.8267,1,20.461564,-0.638,-3.16,56.7992631578947,73.9968421052632,0.509476315789474,10.1278947368421,10.8231578947368
"2018","Air District Reference Site",37.7661,-122.398971,100,12,1,18.39988,1,20.802756,-2.404,-6.27,56.031,75.7683333333333,0.598167777777778,10.845,11.1277777777778
"2019","Air District Reference Site",37.7661,-122.398971,100,12,2,18.65745,1,NA,NA,NA,55.137,75.6533333333333,0.554284444444444,10.3766666666667,10.4055555555556
"2020","Air District Reference Site",37.7661,-122.398971,100,12,3,16.87005,1,NA,NA,NA,55.4531,76.528,0.5007125,9.3725,10.3
"2021","Air District Reference Site",37.7661,-122.398971,100,12,4,17.180856,1,NA,NA,NA,54.9755789473684,77.4478947368421,0.508924736842105,9.35684210526316,10.7189473684211
"2022","Air District Reference Site",37.7661,-122.398971,100,12,5,17.306742,1,18.0364,-0.73,-2.456,55.1045882352941,76.9905882352941,0.521204705882353,9.60764705882353,10.9311764705882
"2023","Air District Reference Site",37.7661,-122.398971,100,12,6,16.89687,1.0147576,13.270546,3.626,27.156,55.6259,76.863,0.448835,8.51,10.4535
"2024","Air District Reference Site",37.7661,-122.398971,100,12,7,15.992486,1.0237164,12.220276,3.772,30.838,55.8302,76.6025,0.4707055,8.824,10.9845
"2025","Air District Reference Site",37.7661,-122.398971,100,12,8,15.369956,1.0287842,12.69001,2.684,21.32,56.309,76.2055,5.7698945,8.4315,10.894
"2026","Air District Reference Site",37.7661,-122.398971,100,12,9,15.523708,1.0142776,11.14353,4.38,39.678,58.5509473684211,72.4678947368421,0.615465263157895,8.29526315789474,10.1057894736842
"2027","Air District Reference Site",37.7661,-122.398971,100,12,10,15.703546,1.0122004,12.156282,3.546,29.21,60.2893684210526,67.9489473684211,0.466288947368421,7.59578947368421,9.31
"2028","Air District Reference Site",37.7661,-122.398971,100,12,11,15.827324,1.0109788,12.985678,2.844,21.856,61.9752941176471,65.2911764705882,0.467337058823529,8.27294117647059,8.79058823529412
"2029","Air District Reference Site",37.7661,-122.398971,100,12,12,15.898568,1.0095624,12.35346,3.544,28.75,63.475,62.0305555555556,0.432266666666667,8.77166666666667,8.4
"2030","Air District Reference Site",37.7661,-122.398971,100,12,13,15.484264,1.014894,12.351484,3.134,25.378,63.4145,61.023125,0.403585,8.94125,8.779375
"2031","Air District Reference Site",37.7661,-122.398971,100,12,14,15.491504,1.0174204,12.718926,2.774,22.002,63.603,60.3005555555556,0.333121666666667,8.74444444444445,9.09
"2032","Air District Reference Site",37.7661,-122.398971,100,12,15,15.37838,1.0247538,13.275956,2.102,15.842,63.7055789473684,60.4473684210526,2.59176684210526,10.0557894736842,9.63631578947368
"2033","Air District Reference Site",37.7661,-122.398971,100,12,16,14.87256,1.052317,12.567478,2.308,18.294,61.724,61.938,0.378193333333333,8.194,11.504
"2034","Air District Reference Site",37.7661,-122.398971,100,12,17,14.64893,1.0730684,11.44089,3.208,28.07,60.092,66.8433333333333,0.41385619047619,9.11333333333333,13.1952380952381
"2035","Air District Reference Site",37.7661,-122.398971,100,12,18,15.400988,1.0217416,11.961052,3.44,28.89,59.06,69.1771428571429,0.530735714285714,9.71,12.5219047619048
"2036","Air District Reference Site",37.7661,-122.398971,100,12,19,16.163988,1,13.820766,2.344,17.252,58.514,70.16,0.615454285714286,10.412380952381,12.1571428571429
"2037","Air District Reference Site",37.7661,-122.398971,100,12,20,16.783568,1,15.353272,1.428,9.498,58.0614285714286,70.8052380952381,0.725913809523809,10.6685714285714,12.3557142857143
"2038","Air District Reference Site",37.7661,-122.398971,100,12,21,17.030636,1,14.75411,2.276,15.426,57.6928571428571,71.2466666666667,0.729107619047619,10.7919047619048,12.1157142857143
"2039","Air District Reference Site",37.7661,-122.398971,100,12,22,16.435714,1.004714,15.008826,1.43,9.646,57.2694285714286,71.8385714285714,0.657124285714286,10.9842857142857,11.6428571428571
"2040","Air District Reference Site",37.7661,-122.398971,100,12,23,17.615486,1,15.182308,2.432,16.06,56.8631428571429,73.1633333333333,0.607280476190476,10.3995238095238,11.4619047619048
"2041","Air District Reference Site",37.7661,-122.398971,100,1,0,17.071824,1,20.461564,-3.388,-16.048,53.7428,62.673,0.721262,9.93833333333333,14.7776666666667
"2042","Air District Reference Site",37.7661,-122.398971,100,1,1,19.794912,1,20.802756,-1.008,-1.132,53.321,63.8923333333333,0.701191,9.929,13.814
"2043","Air District Reference Site",37.7661,-122.398971,100,1,2,18.38091,1,NA,NA,NA,53.0605806451613,63.4641935483871,0.638608709677419,10.2161290322581,13.1674193548387
"2044","Air District Reference Site",37.7661,-122.398971,100,1,3,16.29276,1,NA,NA,NA,52.79,63.3276666666667,0.660340333333333,10.536,12.8313333333333
"2045","Air District Reference Site",37.7661,-122.398971,100,1,4,17.584852,1,NA,NA,NA,52.4702,63.6683333333333,0.69828,10.764,13.1556666666667
"2046","Air District Reference Site",37.7661,-122.398971,100,1,5,17.40955,1,18.0364,-0.626,-2.1,52.3682,63.3693333333333,0.650665666666667,10.2276666666667,12.8863333333333
"2047","Air District Reference Site",37.7661,-122.398971,100,1,6,17.081298,1,13.270546,3.81,28.622,52.1438,63.1873333333333,0.679067,10.1053333333333,13.6693333333333
"2048","Air District Reference Site",37.7661,-122.398971,100,1,7,16.16071,1.0187808,12.220276,3.94,32.224,52.2964516129032,63.0216129032258,0.852186774193548,10.3967741935484,14.4970967741935
"2049","Air District Reference Site",37.7661,-122.398971,100,1,8,14.809676,1.0574226,12.69001,2.116,16.952,53.69,61.8377419354839,1.01759,11.1761290322581,14.8812903225806
"2050","Air District Reference Site",37.7661,-122.398971,100,1,9,14.90711,1.0431358,11.14353,3.766,34.056,58.8304516129032,53.7458064516129,0.944053548387097,10.9987096774194,12.4129032258065
"2051","Air District Reference Site",37.7661,-122.398971,100,1,10,15.346776,1.0195932,12.156282,3.188,26.302,62.8592,46.6326666666667,0.641579,10.6516666666667,10.9933333333333
"2052","Air District Reference Site",37.7661,-122.398971,100,1,11,15.546412,1.022298,12.985678,2.558,19.686,65.4806,42.3913333333333,0.608652666666667,10.177,10.55
"2053","Air District Reference Site",37.7661,-122.398971,100,1,12,15.877938,1.0109084,12.35346,3.526,28.588,67.5505806451613,39.3064516129032,0.49432,9.16548387096774,10.0516129032258
"2054","Air District Reference Site",37.7661,-122.398971,100,1,13,15.650334,1.0074996,12.351484,3.298,26.764,68.8506451612903,37.3683870967742,0.363288387096774,8.04483870967742,9.42193548387097
"2055","Air District Reference Site",37.7661,-122.398971,100,1,14,15.815702,1.0019228,12.718926,3.096,24.624,69.1371034482759,35.4962068965517,0.303986551724138,7.68206896551724,9.55379310344828
"2056","Air District Reference Site",37.7661,-122.398971,100,1,15,15.191784,1.0290008,13.275956,1.918,14.432,68.5214,37.166,0.286208333333333,7.28966666666667,10.1436666666667
"2057","Air District Reference Site",37.7661,-122.398971,100,1,16,15.095722,1.0322592,12.567478,2.526,20.13,66.7654482758621,39.0924137931034,0.25519724137931,7.49137931034483,12.1851724137931
"2058","Air District Reference Site",37.7661,-122.398971,100,1,17,14.46199,1.0820976,11.44089,3.024,26.566,62.0252857142857,48.4946428571429,0.258018928571429,7.88,14.705
"2059","Air District Reference Site",37.7661,-122.398971,100,1,18,14.83837,1.0719404,11.961052,2.88,24.192,59.5167741935484,50.5129032258065,0.406678064516129,8.16548387096774,16.1574193548387
"2060","Air District Reference Site",37.7661,-122.398971,100,1,19,16.064086,1,13.820766,2.242,16.43,58.0994193548387,53.2841935483871,0.549238709677419,8.91483870967742,16.5425806451613
"2061","Air District Reference Site",37.7661,-122.398971,100,1,20,17.149376,1,15.353272,1.8,11.858,56.8986451612903,55.6229032258065,0.678946129032258,9.80193548387097,16.4164516129032
"2062","Air District Reference Site",37.7661,-122.398971,100,1,21,16.874454,1,14.75411,2.12,14.38,55.9289677419355,57.5767741935484,0.733511612903226,10.1112903225806,16.371935483871
"2063","Air District Reference Site",37.7661,-122.398971,100,1,22,16.75946,1,15.008826,1.748,12.044,55.2618064516129,59.7006451612903,0.732561290322581,10.0751612903226,15.9812903225806
"2064","Air District Reference Site",37.7661,-122.398971,100,1,23,17.188172,1,15.182308,2.006,13.208,54.6277419354839,61.408064516129,0.731209677419355,9.88709677419355,15.0416129032258
"2065","Air District Reference Site",37.7661,-122.398971,100,2,0,15.6664,1.010852,20.461564,-4.794,-22.88,55.1222857142857,70.0857142857143,0.333535714285714,5.6,12.2821428571429
"2066","Air District Reference Site",37.7661,-122.398971,100,2,1,17.140848,1,20.802756,-3.664,-13.224,54.6446428571429,70.5735714285714,0.336651428571429,5.42607142857143,11.9114285714286
"2067","Air District Reference Site",37.7661,-122.398971,100,2,2,16.815966,1,NA,NA,NA,54.2357857142857,71.3185714285714,0.456599285714286,5.52178571428571,11.9517857142857
"2068","Air District Reference Site",37.7661,-122.398971,100,2,3,14.583466,1.0760576,NA,NA,NA,53.7513333333333,71.6603703703704,0.404627037037037,5.54777777777778,12.3833333333333
"2069","Air District Reference Site",37.7661,-122.398971,100,2,4,14.995202,1.1014156,NA,NA,NA,53.4006153846154,73.1953846153846,0.450225,5.61153846153846,13.0869230769231
"2070","Air District Reference Site",37.7661,-122.398971,100,2,5,16.336384,1,18.0364,-1.704,-7.938,53.2708571428571,73.2110714285714,0.498026785714286,5.66035714285714,13.4921428571429
"2071","Air District Reference Site",37.7661,-122.398971,100,2,6,16.643418,1.0157848,13.270546,3.376,25.374,52.8406666666667,73.6692592592593,0.518218148148148,5.78555555555556,14.4774074074074
"2072","Air District Reference Site",37.7661,-122.398971,100,2,7,15.81635,1.0240668,12.220276,3.6,29.406,53.302,73.6759259259259,0.663847407407407,6.0537037037037,14.697037037037
"2073","Air District Reference Site",37.7661,-122.398971,100,2,8,14.791502,1.0542582,12.69001,2.1,16.86,56.8895,68.325,0.751352857142857,6.33357142857143,12.7846428571429
"2074","Air District Reference Site",37.7661,-122.398971,100,2,9,14.72415,1.0557602,11.14353,3.58,32.248,60.4353333333333,61.2944444444444,0.521501851851852,6.51555555555556,10.9448148148148
"2075","Air District Reference Site",37.7661,-122.398971,100,2,10,15.298066,1.0285562,12.156282,3.144,25.892,62.78504,56.4028,0.4502304,6.4464,10.7752
"2076","Air District Reference Site",37.7661,-122.398971,100,2,11,15.25005,1.0242964,12.985678,2.264,17.428,64.6246666666667,52.8592592592593,0.428432592592593,6.13666666666667,10.3585185185185
"2077","Air District Reference Site",37.7661,-122.398971,100,2,12,15.45072,1.0126236,12.35346,3.094,25.13,66.7681739130435,50.3047826086957,0.436258695652174,6.31739130434783,9.76130434782609
"2078","Air District Reference Site",37.7661,-122.398971,100,2,13,15.483448,1.0153214,12.351484,3.134,25.434,68.28875,46.9141666666667,0.337515,5.49625,8.93916666666667
"2079","Air District Reference Site",37.7661,-122.398971,100,2,14,15.176418,1.027436,12.718926,2.458,19.574,69.2560869565217,45.214347826087,0.238297826086957,5.02347826086956,8.76217391304348
"2080","Air District Reference Site",37.7661,-122.398971,100,2,15,15.20173,1.0312242,13.275956,1.93,14.51,68.5012307692308,48.2269230769231,0.17497,5.10384615384615,9.42961538461538
"2081","Air District Reference Site",37.7661,-122.398971,100,2,16,14.727734,1.0630308,12.567478,2.156,17.192,66.62225,49.4683333333333,0.160047916666667,5.34291666666667,10.2325
"2082","Air District Reference Site",37.7661,-122.398971,100,2,17,14.484966,1.0789286,11.44089,3.042,26.746,63.5867272727273,55.175,0.16784,5.70181818181818,11.3509090909091
"2083","Air District Reference Site",37.7661,-122.398971,100,2,18,15.11847,1.0288236,11.961052,3.156,26.486,60.8366666666667,60.242962962963,0.236284814814815,5.89592592592593,12.6633333333333
"2084","Air District Reference Site",37.7661,-122.398971,100,2,19,15.86672,1,13.820766,2.046,15.038,59.4120714285714,62.4439285714286,0.338106785714286,6.32142857142857,12.5507142857143
"2085","Air District Reference Site",37.7661,-122.398971,100,2,20,17.049316,1,15.353272,1.696,11.318,58.236,64.4581481481482,0.332040740740741,6.38592592592593,12.6992592592593
"2086","Air District Reference Site",37.7661,-122.398971,100,2,21,16.966384,1,14.75411,2.208,14.992,57.2477692307692,66.5069230769231,0.423019230769231,6.52307692307692,13.8192307692308
"2087","Air District Reference Site",37.7661,-122.398971,100,2,22,16.20073,1.0064268,15.008826,1.192,8.17,56.228,68.0164285714286,0.484837857142857,6.40964285714286,13.6042857142857
"2088","Air District Reference Site",37.7661,-122.398971,100,2,23,15.75642,1.0270828,15.182308,0.578,3.792,55.5536428571429,69.2214285714286,0.344060714285714,5.96392857142857,12.6528571428571
"2089","Air District Reference Site",37.7661,-122.398971,100,3,0,15.922232,1.0039522,20.461564,-4.54,-21.22,56.1608,65.2493333333333,0.240462666666667,5.84933333333333,9.854
"2090","Air District Reference Site",37.7661,-122.398971,100,3,1,17.79998,1,20.802756,-3.002,-9.51,55.5632413793103,66.0151724137931,0.18784275862069,5.72620689655172,9.5
"2091","Air District Reference Site",37.7661,-122.398971,100,3,2,17.27832,1,NA,NA,NA,55.3413333333333,67.6625925925926,0.184903703703704,5.62666666666667,9.36296296296296
"2092","Air District Reference Site",37.7661,-122.398971,100,3,3,14.886668,1.0616456,NA,NA,NA,54.6893103448276,68.5293103448276,0.213253448275862,5.78758620689655,9.66689655172414
"2093","Air District Reference Site",37.7661,-122.398971,100,3,4,15.515184,1.0879414,NA,NA,NA,54.5465517241379,69.2027586206897,0.225425517241379,5.56620689655172,10.1437931034483
"2094","Air District Reference Site",37.7661,-122.398971,100,3,5,16.578232,1,18.0364,-1.458,-6.654,54.4112413793103,70.2186206896552,0.239486206896552,5.57241379310345,10.7241379310345
"2095","Air District Reference Site",37.7661,-122.398971,100,3,6,16.666502,1.00982,13.270546,3.394,25.524,54.1934,69.9796666666667,0.281238,5.82066666666667,12.2293333333333
"2096","Air District Reference Site",37.7661,-122.398971,100,3,7,16.068932,1.0192212,12.220276,3.848,31.476,54.404,69.761,0.427019666666667,5.975,13.4733333333333
"2097","Air District Reference Site",37.7661,-122.398971,100,3,8,14.50557,1.0869406,12.69001,1.814,14.608,56.7554,66.152,0.540777,6.01166666666667,12.5293333333333
"2098","Air District Reference Site",37.7661,-122.398971,100,3,9,14.59083,1.069071,11.14353,3.448,30.948,61.0973333333333,59.1114814814815,0.380063703703704,6.03296296296296,10.2296296296296
"2099","Air District Reference Site",37.7661,-122.398971,100,3,10,15.361502,1.018786,12.156282,3.204,26.424,64.4505384615385,52.8634615384615,0.305840769230769,5.80884615384615,9.01
"2100","Air District Reference Site",37.7661,-122.398971,100,3,11,15.826316,1.0060664,12.985678,2.844,21.87,67.5577142857143,47.2547619047619,0.238999047619048,5.39666666666667,8.62714285714286
"2101","Air District Reference Site",37.7661,-122.398971,100,3,12,15.451148,1.0224484,12.35346,3.096,25.124,68.405,45.4345833333333,0.20818875,5.57041666666667,8.17791666666667
"2102","Air District Reference Site",37.7661,-122.398971,100,3,13,15.242518,1.0395052,12.351484,2.89,23.394,68.981,44.2003846153846,0.162057692307692,5.11346153846154,8.055
"2103","Air District Reference Site",37.7661,-122.398971,100,3,14,15.236182,1.0277344,12.718926,2.516,19.952,69.8915652173913,42.6878260869565,0.150568260869565,5.15913043478261,8.3104347826087
"2104","Air District Reference Site",37.7661,-122.398971,100,3,15,14.780716,1.0475266,13.275956,1.506,11.338,68.0144,45.3903333333333,0.105250333333333,4.979,8.26666666666667
"2105","Air District Reference Site",37.7661,-122.398971,100,3,16,14.494666,1.088291,12.567478,1.928,15.318,67.4706666666667,46.2807407407407,0.0969525925925926,5.0037037037037,8.74407407407407
"2106","Air District Reference Site",37.7661,-122.398971,100,3,17,14.111132,1.1036576,11.44089,2.67,23.488,64.8053913043478,51.1104347826087,0.0996517391304348,5.25260869565217,9.40086956521739
"2107","Air District Reference Site",37.7661,-122.398971,100,3,18,14.9351,1.05331,11.961052,2.974,24.922,62.448,55.1596296296296,0.103462222222222,5.63555555555556,10.0351851851852
"2108","Air District Reference Site",37.7661,-122.398971,100,3,19,15.786684,1.0021006,13.820766,1.966,14.43,60.2736551724138,58.9148275862069,0.169126551724138,5.91310344827586,10.6458620689655
"2109","Air District Reference Site",37.7661,-122.398971,100,3,20,17.000334,1,15.353272,1.648,10.926,58.9916,60.9556666666667,0.211839333333333,6.02433333333333,9.972
"2110","Air District Reference Site",37.7661,-122.398971,100,3,21,16.74112,1,14.75411,1.984,13.47,58.217,62.297,0.200032333333333,5.768,9.522
"2111","Air District Reference Site",37.7661,-122.398971,100,3,22,16.08647,1.00926,15.008826,1.08,7.52,57.7168571428571,63.2539285714286,0.216795,5.89071428571429,9.59892857142857
"2112","Air District Reference Site",37.7661,-122.398971,100,3,23,15.617932,1.0217964,15.182308,0.438,2.892,57.1087586206897,64.2575862068965,0.223881379310345,5.99310344827586,9.82172413793104
"2113","Air District Reference Site",37.7661,-122.398971,200,12,0,19.3705388888889,1,20.0186651111111,-0.651333333333333,-3.29888888888889,56.7992631578947,73.9968421052632,0.509476315789474,10.1278947368421,10.8231578947368
"2114","Air District Reference Site",37.7661,-122.398971,200,12,1,18.4755022222222,1,19.7737271111111,-1.29955555555556,-0.781111111111111,56.031,75.7683333333333,0.598167777777778,10.845,11.1277777777778
"2115","Air District Reference Site",37.7661,-122.398971,200,12,2,18.3810333333333,1,NA,NA,NA,55.137,75.6533333333333,0.554284444444444,10.3766666666667,10.4055555555556
"2116","Air District Reference Site",37.7661,-122.398971,200,12,3,16.9692444444444,1,NA,NA,NA,55.4531,76.528,0.5007125,9.3725,10.3
"2117","Air District Reference Site",37.7661,-122.398971,200,12,4,17.2399382222222,1,NA,NA,NA,54.9755789473684,77.4478947368421,0.508924736842105,9.35684210526316,10.7189473684211
"2118","Air District Reference Site",37.7661,-122.398971,200,12,5,17.2550786666667,1,17.5009555555556,-0.246666666666667,0.300666666666666,55.1045882352941,76.9905882352941,0.521204705882353,9.60764705882353,10.9311764705882
"2119","Air District Reference Site",37.7661,-122.398971,200,12,6,16.6085311111111,1.01885693333333,13.1285782222222,3.48044444444444,26.3271111111111,55.6259,76.863,0.448835,8.51,10.4535
"2120","Air District Reference Site",37.7661,-122.398971,200,12,7,15.8791071111111,1.03030428888889,12.1818304444444,3.69755555555556,30.318,55.8302,76.6025,0.4707055,8.824,10.9845
"2121","Air District Reference Site",37.7661,-122.398971,200,12,8,15.381616,1.03065675555556,12.5784377777778,2.80733333333333,22.4977777777778,56.309,76.2055,5.7698945,8.4315,10.894
"2122","Air District Reference Site",37.7661,-122.398971,200,12,9,15.4789435555556,1.0182436,11.2607855555556,4.21888888888889,37.8413333333333,58.5509473684211,72.4678947368421,0.615465263157895,8.29526315789474,10.1057894736842
"2123","Air District Reference Site",37.7661,-122.398971,200,12,10,15.6820782222222,1.0155894,12.1912131111111,3.48933333333333,28.6655555555556,60.2893684210526,67.9489473684211,0.466288947368421,7.59578947368421,9.31
"2124","Air District Reference Site",37.7661,-122.398971,200,12,11,15.7187028888889,1.01402846666667,12.9484191111111,2.77288888888889,21.366,61.9752941176471,65.2911764705882,0.467337058823529,8.27294117647059,8.79058823529412
"2125","Air District Reference Site",37.7661,-122.398971,200,12,12,15.8177646666667,1.01221862222222,12.3876877777778,3.42844444444444,27.7444444444444,63.475,62.0305555555556,0.432266666666667,8.77166666666667,8.4
"2126","Air District Reference Site",37.7661,-122.398971,200,12,13,15.4065373333333,1.01903122222222,12.277374,3.12955555555556,25.5024444444444,63.4145,61.023125,0.403585,8.94125,8.779375
"2127","Air District Reference Site",37.7661,-122.398971,200,12,14,15.4115384444444,1.0222594,12.5652637777778,2.84733333333333,22.8664444444444,63.603,60.3005555555556,0.333121666666667,8.74444444444445,9.09
"2128","Air District Reference Site",37.7661,-122.398971,200,12,15,15.3128688888889,1.03076124444444,13.2801882222222,2.03311111111111,15.312,63.7055789473684,60.4473684210526,2.59176684210526,10.0557894736842,9.63631578947368
"2129","Air District Reference Site",37.7661,-122.398971,200,12,16,14.7346933333333,1.06348866666667,12.4941246666667,2.24355555555556,17.884,61.724,61.938,0.378193333333333,8.194,11.504
"2130","Air District Reference Site",37.7661,-122.398971,200,12,17,14.4865077777778,1.08438017777778,11.3033788888889,3.18244444444444,28.1922222222222,60.092,66.8433333333333,0.41385619047619,9.11333333333333,13.1952380952381
"2131","Air District Reference Site",37.7661,-122.398971,200,12,18,15.3805568888889,1.02477204444444,12.0406108888889,3.34,27.8733333333333,59.06,69.1771428571429,0.530735714285714,9.71,12.5219047619048
"2132","Air District Reference Site",37.7661,-122.398971,200,12,19,16.2443235555556,1,13.6949204444444,2.55066666666667,18.9275555555556,58.514,70.16,0.615454285714286,10.412380952381,12.1571428571429
"2133","Air District Reference Site",37.7661,-122.398971,200,12,20,16.7839313333333,1,15.2123142222222,1.56911111111111,10.5224444444444,58.0614285714286,70.8052380952381,0.725913809523809,10.6685714285714,12.3557142857143
"2134","Air District Reference Site",37.7661,-122.398971,200,12,21,16.9773793333333,1,14.7307433333333,2.24711111111111,15.2471111111111,57.6928571428571,71.2466666666667,0.729107619047619,10.7919047619048,12.1157142857143
"2135","Air District Reference Site",37.7661,-122.398971,200,12,22,16.3181428888889,1.00602344444444,14.8244082222222,1.49666666666667,10.2226666666667,57.2694285714286,71.8385714285714,0.657124285714286,10.9842857142857,11.6428571428571
"2136","Air District Reference Site",37.7661,-122.398971,200,12,23,17.643196,1,15.1338546666667,2.50755555555556,16.6155555555556,56.8631428571429,73.1633333333333,0.607280476190476,10.3995238095238,11.4619047619048
"2137","Air District Reference Site",37.7661,-122.398971,200,1,0,16.9432473333333,1,20.0186651111111,-3.07355555555556,-14.8113333333333,53.7428,62.673,0.721262,9.93833333333333,14.7776666666667
"2138","Air District Reference Site",37.7661,-122.398971,200,1,1,19.5086431111111,1,19.7737271111111,-0.265777777777778,2.72577777777778,53.321,63.8923333333333,0.701191,9.929,13.814
"2139","Air District Reference Site",37.7661,-122.398971,200,1,2,18.3911377777778,1,NA,NA,NA,53.0605806451613,63.4641935483871,0.638608709677419,10.2161290322581,13.1674193548387
"2140","Air District Reference Site",37.7661,-122.398971,200,1,3,16.29276,1,NA,NA,NA,52.79,63.3276666666667,0.660340333333333,10.536,12.8313333333333
"2141","Air District Reference Site",37.7661,-122.398971,200,1,4,17.6268275555556,1,NA,NA,NA,52.4702,63.6683333333333,0.69828,10.764,13.1556666666667
"2142","Air District Reference Site",37.7661,-122.398971,200,1,5,17.2913,1,17.5009555555556,-0.208222222222222,0.277777777777778,52.3682,63.3693333333333,0.650665666666667,10.2276666666667,12.8863333333333
"2143","Air District Reference Site",37.7661,-122.398971,200,1,6,16.8392224444444,1,13.1285782222222,3.71,28.1642222222222,52.1438,63.1873333333333,0.679067,10.1053333333333,13.6693333333333
"2144","Air District Reference Site",37.7661,-122.398971,200,1,7,16.0613766666667,1.02399768888889,12.1818304444444,3.87888888888889,31.8251111111111,52.2964516129032,63.0216129032258,0.852186774193548,10.3967741935484,14.4970967741935
"2145","Air District Reference Site",37.7661,-122.398971,200,1,8,14.8634415555556,1.05520304444444,12.5784377777778,2.28155555555556,18.4275555555556,53.69,61.8377419354839,1.01759,11.1761290322581,14.8812903225806
"2146","Air District Reference Site",37.7661,-122.398971,200,1,9,14.90701,1.04416268888889,11.2607855555556,3.64822222222222,32.6715555555556,58.8304516129032,53.7458064516129,0.944053548387097,10.9987096774194,12.4129032258065
"2147","Air District Reference Site",37.7661,-122.398971,200,1,10,15.2732415555556,1.02503575555556,12.1912131111111,3.07911111111111,25.3386666666667,62.8592,46.6326666666667,0.641579,10.6516666666667,10.9933333333333
"2148","Air District Reference Site",37.7661,-122.398971,200,1,11,15.4226986666667,1.02849188888889,12.9484191111111,2.47133333333333,19.0737777777778,65.4806,42.3913333333333,0.608652666666667,10.177,10.55
"2149","Air District Reference Site",37.7661,-122.398971,200,1,12,15.7884791111111,1.01393851111111,12.3876877777778,3.40266666666667,27.5124444444444,67.5505806451613,39.3064516129032,0.49432,9.16548387096774,10.0516129032258
"2150","Air District Reference Site",37.7661,-122.398971,200,1,13,15.6163295555556,1.00958282222222,12.277374,3.33911111111111,27.254,68.8506451612903,37.3683870967742,0.363288387096774,8.04483870967742,9.42193548387097
"2151","Air District Reference Site",37.7661,-122.398971,200,1,14,15.7722775555556,1.00245691111111,12.5652637777778,3.206,25.814,69.1371034482759,35.4962068965517,0.303986551724138,7.68206896551724,9.55379310344828
"2152","Air District Reference Site",37.7661,-122.398971,200,1,15,15.1757795555556,1.0306538,13.2801882222222,1.898,14.2742222222222,68.5214,37.166,0.286208333333333,7.28966666666667,10.1436666666667
"2153","Air District Reference Site",37.7661,-122.398971,200,1,16,15.0207475555556,1.04020064444444,12.4941246666667,2.52488888888889,20.2355555555556,66.7654482758621,39.0924137931034,0.25519724137931,7.49137931034483,12.1851724137931
"2154","Air District Reference Site",37.7661,-122.398971,200,1,17,14.3642677777778,1.09000026666667,11.3033788888889,3.064,27.2482222222222,62.0252857142857,48.4946428571429,0.258018928571429,7.88,14.705
"2155","Air District Reference Site",37.7661,-122.398971,200,1,18,14.8071644444444,1.07473106666667,12.0406108888889,2.76888888888889,23.1175555555556,59.5167741935484,50.5129032258065,0.406678064516129,8.16548387096774,16.1574193548387
"2156","Air District Reference Site",37.7661,-122.398971,200,1,19,16.0685682222222,1,13.6949204444444,2.37311111111111,17.5411111111111,58.0994193548387,53.2841935483871,0.549238709677419,8.91483870967742,16.5425806451613
"2157","Air District Reference Site",37.7661,-122.398971,200,1,20,17.125386,1,15.2123142222222,1.91666666666667,12.7435555555556,56.8986451612903,55.6229032258065,0.678946129032258,9.80193548387097,16.4164516129032
"2158","Air District Reference Site",37.7661,-122.398971,200,1,21,16.8846384444444,1,14.7307433333333,2.15333333333333,14.63,55.9289677419355,57.5767741935484,0.733511612903226,10.1112903225806,16.371935483871
"2159","Air District Reference Site",37.7661,-122.398971,200,1,22,16.7886433333333,1,14.8244082222222,1.96133333333333,13.6506666666667,55.2618064516129,59.7006451612903,0.732561290322581,10.0751612903226,15.9812903225806
"2160","Air District Reference Site",37.7661,-122.398971,200,1,23,17.1212142222222,1,15.1338546666667,1.98822222222222,13.1268888888889,54.6277419354839,61.408064516129,0.731209677419355,9.88709677419355,15.0416129032258
"2161","Air District Reference Site",37.7661,-122.398971,200,2,0,15.5838722222222,1.01386644444444,20.0186651111111,-4.434,-21.5633333333333,55.1222857142857,70.0857142857143,0.333535714285714,5.6,12.2821428571429
"2162","Air District Reference Site",37.7661,-122.398971,200,2,1,17.1110613333333,1,19.7737271111111,-2.66511111111111,-8.66955555555556,54.6446428571429,70.5735714285714,0.336651428571429,5.42607142857143,11.9114285714286
"2163","Air District Reference Site",37.7661,-122.398971,200,2,2,16.7893371111111,1,NA,NA,NA,54.2357857142857,71.3185714285714,0.456599285714286,5.52178571428571,11.9517857142857
"2164","Air District Reference Site",37.7661,-122.398971,200,2,3,14.4139204444444,1.08621582222222,NA,NA,NA,53.7513333333333,71.6603703703704,0.404627037037037,5.54777777777778,12.3833333333333
"2165","Air District Reference Site",37.7661,-122.398971,200,2,4,15.2735442222222,1.08263493333333,NA,NA,NA,53.4006153846154,73.1953846153846,0.450225,5.61153846153846,13.0869230769231
"2166","Air District Reference Site",37.7661,-122.398971,200,2,5,16.2831795555556,1,17.5009555555556,-1.22177777777778,-5.36244444444444,53.2708571428571,73.2110714285714,0.498026785714286,5.66035714285714,13.4921428571429
"2167","Air District Reference Site",37.7661,-122.398971,200,2,6,16.4395757777778,1.02016946666667,13.1285782222222,3.31377777777778,25.1751111111111,52.8406666666667,73.6692592592593,0.518218148148148,5.78555555555556,14.4774074074074
"2168","Air District Reference Site",37.7661,-122.398971,200,2,7,15.7226277777778,1.03075202222222,12.1818304444444,3.54444444444444,29.0437777777778,53.302,73.6759259259259,0.663847407407407,6.0537037037037,14.697037037037
"2169","Air District Reference Site",37.7661,-122.398971,200,2,8,14.8797886666667,1.04937464444444,12.5784377777778,2.3,18.61,56.8895,68.325,0.751352857142857,6.33357142857143,12.7846428571429
"2170","Air District Reference Site",37.7661,-122.398971,200,2,9,14.8138444444444,1.05092164444444,11.2607855555556,3.55222222222222,31.6724444444444,60.4353333333333,61.2944444444444,0.521501851851852,6.51555555555556,10.9448148148148
"2171","Air District Reference Site",37.7661,-122.398971,200,2,10,15.2453537777778,1.03307153333333,12.1912131111111,3.05622222222222,25.1008888888889,62.78504,56.4028,0.4502304,6.4464,10.7752
"2172","Air District Reference Site",37.7661,-122.398971,200,2,11,15.1806888888889,1.0310454,12.9484191111111,2.23177777777778,17.2302222222222,64.6246666666667,52.8592592592593,0.428432592592593,6.13666666666667,10.3585185185185
"2173","Air District Reference Site",37.7661,-122.398971,200,2,12,15.3583033333333,1.01613015555556,12.3876877777778,2.96733333333333,24.0411111111111,66.7681739130435,50.3047826086957,0.436258695652174,6.31739130434783,9.76130434782609
"2174","Air District Reference Site",37.7661,-122.398971,200,2,13,15.471328,1.01902428888889,12.277374,3.19622222222222,26.0962222222222,68.28875,46.9141666666667,0.337515,5.49625,8.93916666666667
"2175","Air District Reference Site",37.7661,-122.398971,200,2,14,15.1256313333333,1.03385544444444,12.5652637777778,2.56022222222222,20.6417777777778,69.2560869565217,45.214347826087,0.238297826086957,5.02347826086956,8.76217391304348
"2176","Air District Reference Site",37.7661,-122.398971,200,2,15,15.1225355555556,1.03811286666667,13.2801882222222,1.84666666666667,13.8766666666667,68.5012307692308,48.2269230769231,0.17497,5.10384615384615,9.42961538461538
"2177","Air District Reference Site",37.7661,-122.398971,200,2,16,14.6421962222222,1.07023213333333,12.4941246666667,2.14377777777778,17.1953333333333,66.62225,49.4683333333333,0.160047916666667,5.34291666666667,10.2325
"2178","Air District Reference Site",37.7661,-122.398971,200,2,17,14.3777815555556,1.08824904444444,11.3033788888889,3.07311111111111,27.3448888888889,63.5867272727273,55.175,0.16784,5.70181818181818,11.3509090909091
"2179","Air District Reference Site",37.7661,-122.398971,200,2,18,15.1356366666667,1.03022848888889,12.0406108888889,3.09377777777778,25.796,60.8366666666667,60.242962962963,0.236284814814815,5.89592592592593,12.6633333333333
"2180","Air District Reference Site",37.7661,-122.398971,200,2,19,15.9005533333333,1,13.6949204444444,2.206,16.3513333333333,59.4120714285714,62.4439285714286,0.338106785714286,6.32142857142857,12.5507142857143
"2181","Air District Reference Site",37.7661,-122.398971,200,2,20,17.1184093333333,1,15.2123142222222,1.906,12.8146666666667,58.236,64.4581481481482,0.332040740740741,6.38592592592593,12.6992592592593
"2182","Air District Reference Site",37.7661,-122.398971,200,2,21,16.9229017777778,1,14.7307433333333,2.188,14.8786666666667,57.2477692307692,66.5069230769231,0.423019230769231,6.52307692307692,13.8192307692308
"2183","Air District Reference Site",37.7661,-122.398971,200,2,22,16.1413966666667,1.00821202222222,14.8244082222222,1.31755555555556,9.12555555555556,56.228,68.0164285714286,0.484837857142857,6.40964285714286,13.6042857142857
"2184","Air District Reference Site",37.7661,-122.398971,200,2,23,15.73267,1.03206357777778,15.1338546666667,0.602444444444444,3.96755555555556,55.5536428571429,69.2214285714286,0.344060714285714,5.96392857142857,12.6528571428571
"2185","Air District Reference Site",37.7661,-122.398971,200,3,0,16.0234075555556,1.00433086666667,20.0186651111111,-3.99555555555556,-18.9311111111111,56.1608,65.2493333333333,0.240462666666667,5.84933333333333,9.854
"2186","Air District Reference Site",37.7661,-122.398971,200,3,1,17.8395355555556,1,19.7737271111111,-1.93311111111111,-4.38777777777778,55.5632413793103,66.0151724137931,0.18784275862069,5.72620689655172,9.5
"2187","Air District Reference Site",37.7661,-122.398971,200,3,2,17.2375977777778,1,NA,NA,NA,55.3413333333333,67.6625925925926,0.184903703703704,5.62666666666667,9.36296296296296
"2188","Air District Reference Site",37.7661,-122.398971,200,3,3,14.7632424444444,1.07504993333333,NA,NA,NA,54.6893103448276,68.5293103448276,0.213253448275862,5.78758620689655,9.66689655172414
"2189","Air District Reference Site",37.7661,-122.398971,200,3,4,15.8565073333333,1.07165595555556,NA,NA,NA,54.5465517241379,69.2027586206897,0.225425517241379,5.56620689655172,10.1437931034483
"2190","Air District Reference Site",37.7661,-122.398971,200,3,5,16.5020464444444,1,17.5009555555556,-0.999111111111111,-4.17177777777778,54.4112413793103,70.2186206896552,0.239486206896552,5.57241379310345,10.7241379310345
"2191","Air District Reference Site",37.7661,-122.398971,200,3,6,16.4478442222222,1.01254777777778,13.1285782222222,3.31733333333333,25.214,54.1934,69.9796666666667,0.281238,5.82066666666667,12.2293333333333
"2192","Air District Reference Site",37.7661,-122.398971,200,3,7,15.9823853333333,1.02456042222222,12.1818304444444,3.80022222222222,31.1804444444444,54.404,69.761,0.427019666666667,5.975,13.4733333333333
"2193","Air District Reference Site",37.7661,-122.398971,200,3,8,14.6006811111111,1.07879382222222,12.5784377777778,2.02066666666667,16.3935555555556,56.7554,66.152,0.540777,6.01166666666667,12.5293333333333
"2194","Air District Reference Site",37.7661,-122.398971,200,3,9,14.7376355555556,1.06109822222222,11.2607855555556,3.478,30.8891111111111,61.0973333333333,59.1114814814815,0.380063703703704,6.03296296296296,10.2296296296296
"2195","Air District Reference Site",37.7661,-122.398971,200,3,10,15.285622,1.02400433333333,12.1912131111111,3.094,25.4417777777778,64.4505384615385,52.8634615384615,0.305840769230769,5.80884615384615,9.01
"2196","Air District Reference Site",37.7661,-122.398971,200,3,11,15.7679093333333,1.00775151111111,12.9484191111111,2.82288888888889,21.77,67.5577142857143,47.2547619047619,0.238999047619048,5.39666666666667,8.62714285714286
"2197","Air District Reference Site",37.7661,-122.398971,200,3,12,15.3733891111111,1.02868406666667,12.3876877777778,2.98377777777778,24.1528888888889,68.405,45.4345833333333,0.20818875,5.57041666666667,8.17791666666667
"2198","Air District Reference Site",37.7661,-122.398971,200,3,13,15.1342591111111,1.05047886666667,12.277374,2.85666666666667,23.2562222222222,68.981,44.2003846153846,0.162057692307692,5.11346153846154,8.055
"2199","Air District Reference Site",37.7661,-122.398971,200,3,14,15.1367186666667,1.0354384,12.5652637777778,2.57044444444444,20.6331111111111,69.8915652173913,42.6878260869565,0.150568260869565,5.15913043478261,8.3104347826087
"2200","Air District Reference Site",37.7661,-122.398971,200,3,15,14.6624204444444,1.05747371111111,13.2801882222222,1.38266666666667,10.4124444444444,68.0144,45.3903333333333,0.105250333333333,4.979,8.26666666666667
"2201","Air District Reference Site",37.7661,-122.398971,200,3,16,14.3958704444444,1.09424766666667,12.4941246666667,1.90244444444444,15.2035555555556,67.4706666666667,46.2807407407407,0.0969525925925926,5.0037037037037,8.74407407407407
"2202","Air District Reference Site",37.7661,-122.398971,200,3,17,14.0131131111111,1.11191304444444,11.3033788888889,2.70888888888889,24.1291111111111,64.8053913043478,51.1104347826087,0.0996517391304348,5.25260869565217,9.40086956521739
"2203","Air District Reference Site",37.7661,-122.398971,200,3,18,14.9831833333333,1.04996388888889,12.0406108888889,2.94177777777778,24.4975555555556,62.448,55.1596296296296,0.103462222222222,5.63555555555556,10.0351851851852
"2204","Air District Reference Site",37.7661,-122.398971,200,3,19,15.7991184444444,1.0017116,13.6949204444444,2.10377777777778,15.58,60.2736551724138,58.9148275862069,0.169126551724138,5.91310344827586,10.6458620689655
"2205","Air District Reference Site",37.7661,-122.398971,200,3,20,17.0116295555556,1,15.2123142222222,1.80022222222222,12.036,58.9916,60.9556666666667,0.211839333333333,6.02433333333333,9.972
"2206","Air District Reference Site",37.7661,-122.398971,200,3,21,16.7188144444444,1,14.7307433333333,1.98511111111111,13.4977777777778,58.217,62.297,0.200032333333333,5.768,9.522
"2207","Air District Reference Site",37.7661,-122.398971,200,3,22,16.09697,1.01183222222222,14.8244082222222,1.27444444444444,8.94222222222222,57.7168571428571,63.2539285714286,0.216795,5.89071428571429,9.59892857142857
"2208","Air District Reference Site",37.7661,-122.398971,200,3,23,15.6215242222222,1.02527484444444,15.1338546666667,0.490222222222222,3.24533333333333,57.1087586206897,64.2575862068965,0.223881379310345,5.99310344827586,9.82172413793104
"2209","Air District Reference Site",37.7661,-122.398971,300,12,0,21.0676223772038,1.00752942748613,23.4339515562914,-1.88154761904762,-5.96154761904762,56.7992631578947,73.9968421052632,0.509476315789474,10.1278947368421,10.8231578947368
"2210","Air District Reference Site",37.7661,-122.398971,300,12,1,20.176870837963,1.00453516058319,22.4271353809524,-2.251,-3.53522222222222,56.031,75.7683333333333,0.598167777777778,10.845,11.1277777777778
"2211","Air District Reference Site",37.7661,-122.398971,300,12,2,20.2083527648214,1.00620168857335,41.2281194789082,-8.07384615384615,-18.9823076923077,55.137,75.6533333333333,0.554284444444444,10.3766666666667,10.4055555555556
"2212","Air District Reference Site",37.7661,-122.398971,300,12,3,18.9814356053068,1.00621180328201,29.6181323529412,-6.94823529411765,-17.7788235294118,55.4531,76.528,0.5007125,9.3725,10.3
"2213","Air District Reference Site",37.7661,-122.398971,300,12,4,19.2737361630989,1.00885537143367,30.8618668230818,-3.97947368421053,-10.32,54.9755789473684,77.4478947368421,0.508924736842105,9.35684210526316,10.7189473684211
"2214","Air District Reference Site",37.7661,-122.398971,300,12,5,19.643968689936,1.0090851955751,20.6772230585242,-1.03388888888889,-1.44144444444444,55.1045882352941,76.9905882352941,0.521204705882353,9.60764705882353,10.9311764705882
"2215","Air District Reference Site",37.7661,-122.398971,300,12,6,18.6431027822521,1.02191281234253,16.840549542109,1.80244444444444,18.7495555555556,55.6259,76.863,0.448835,8.51,10.4535
"2216","Air District Reference Site",37.7661,-122.398971,300,12,7,17.6582982650249,1.03283844354988,15.8321719259259,1.82577777777778,21.5831111111111,55.8302,76.6025,0.4707055,8.824,10.9845
"2217","Air District Reference Site",37.7661,-122.398971,300,12,8,17.0943017777778,1.03740860806797,14.68108575,1.48034090909091,17.4218181818182,56.309,76.2055,5.7698945,8.4315,10.894
"2218","Air District Reference Site",37.7661,-122.398971,300,12,9,17.3445488205128,1.02024195441037,14.8575801407407,2.48755555555556,28.9833333333333,58.5509473684211,72.4678947368421,0.615465263157895,8.29526315789474,10.1057894736842
"2219","Air District Reference Site",37.7661,-122.398971,300,12,10,17.4211044700855,1.01704805714258,15.899049039548,1.52055555555556,20.5915555555556,60.2893684210526,67.9489473684211,0.466288947368421,7.59578947368421,9.31
"2220","Air District Reference Site",37.7661,-122.398971,300,12,11,17.509638982906,1.01648854107303,16.1034846666667,1.40833333333333,16.905,61.9752941176471,65.2911764705882,0.467337058823529,8.27294117647059,8.79058823529412
"2221","Air District Reference Site",37.7661,-122.398971,300,12,12,17.5907187008547,1.01468960203242,15.8072028888889,1.78166666666667,20.9001111111111,63.475,62.0305555555556,0.432266666666667,8.77166666666667,8.4
"2222","Air District Reference Site",37.7661,-122.398971,300,12,13,17.305022017094,1.02104263682869,16.1789964074074,1.12644444444444,18.0712222222222,63.4145,61.023125,0.403585,8.94125,8.779375
"2223","Air District Reference Site",37.7661,-122.398971,300,12,14,17.2284263504274,1.02529905264226,16.0759474444444,1.15355555555556,16.5374444444444,63.603,60.3005555555556,0.333121666666667,8.74444444444445,9.09
"2224","Air District Reference Site",37.7661,-122.398971,300,12,15,17.3009238290598,1.03364107750108,16.7640628,0.536777777777778,10.8691111111111,63.7055789473684,60.4473684210526,2.59176684210526,10.0557894736842,9.63631578947368
"2225","Air District Reference Site",37.7661,-122.398971,300,12,16,16.7290212222222,1.06253587866949,16.2480888518519,0.482888888888889,12.2631111111111,61.724,61.938,0.378193333333333,8.194,11.504
"2226","Air District Reference Site",37.7661,-122.398971,300,12,17,16.2041285982906,1.08682555080987,14.3786471555556,1.82533333333333,22.3328888888889,60.092,66.8433333333333,0.41385619047619,9.11333333333333,13.1952380952381
"2227","Air District Reference Site",37.7661,-122.398971,300,12,18,17.161387965812,1.0283005220428,15.1350974222222,2.02644444444444,23.0521111111111,59.06,69.1771428571429,0.530735714285714,9.71,12.5219047619048
"2228","Air District Reference Site",37.7661,-122.398971,300,12,19,17.7697854700855,1.00720347092394,17.0701084444444,0.700888888888889,12.6795555555556,58.514,70.16,0.615454285714286,10.412380952381,12.1571428571429
"2229","Air District Reference Site",37.7661,-122.398971,300,12,20,18.381457948718,1.00621738880898,18.3635155235405,0.0163333333333333,5.48855555555556,58.0614285714286,70.8052380952381,0.725913809523809,10.6685714285714,12.3557142857143
"2230","Air District Reference Site",37.7661,-122.398971,300,12,21,18.8840241434879,1.00588076836652,18.2518356421846,0.633333333333333,9.49344444444444,57.6928571428571,71.2466666666667,0.729107619047619,10.7919047619048,12.1157142857143
"2231","Air District Reference Site",37.7661,-122.398971,300,12,22,18.4403253020258,1.01350124688993,18.1861183333333,0.256555555555556,6.10566666666667,57.2694285714286,71.8385714285714,0.657124285714286,10.9842857142857,11.6428571428571
"2232","Air District Reference Site",37.7661,-122.398971,300,12,23,19.5171713131313,1.00795947135247,18.4464813602484,1.06933333333333,11.3895555555556,56.8631428571429,73.1633333333333,0.607280476190476,10.3995238095238,11.4619047619048
"2233","Air District Reference Site",37.7661,-122.398971,300,1,0,19.4147182592593,1.00517131627058,23.4339515562914,-3.64035714285714,-14.9789285714286,53.7428,62.673,0.721262,9.93833333333333,14.7776666666667
"2234","Air District Reference Site",37.7661,-122.398971,300,1,1,21.4376434025765,1.00362771405007,22.4271353809524,-0.99,0.221222222222222,53.321,63.8923333333333,0.701191,9.929,13.814
"2235","Air District Reference Site",37.7661,-122.398971,300,1,2,20.1694892921586,1.00444755713057,41.2281194789082,-8.24923076923077,-19.4953846153846,53.0605806451613,63.4641935483871,0.638608709677419,10.2161290322581,13.1674193548387
"2236","Air District Reference Site",37.7661,-122.398971,300,1,3,20.3273349960853,1.00633763699263,29.6181323529412,-5.62529411764706,-14.6288235294118,52.79,63.3276666666667,0.660340333333333,10.536,12.8313333333333
"2237","Air District Reference Site",37.7661,-122.398971,300,1,4,19.6517071331048,1.00554809060751,30.8618668230818,-3.63631578947368,-8.79947368421053,52.4702,63.6683333333333,0.69828,10.764,13.1556666666667
"2238","Air District Reference Site",37.7661,-122.398971,300,1,5,19.5829811311873,1.00635437166056,20.6772230585242,-1.09344444444444,-1.508,52.3682,63.3693333333333,0.650665666666667,10.2276666666667,12.8863333333333
"2239","Air District Reference Site",37.7661,-122.398971,300,1,6,18.9363350175517,1.00557749594353,16.840549542109,2.09488888888889,20.6757777777778,52.1438,63.1873333333333,0.679067,10.1053333333333,13.6693333333333
"2240","Air District Reference Site",37.7661,-122.398971,300,1,7,17.8832002962518,1.02576671222554,15.8321719259259,2.05088888888889,22.8544444444444,52.2964516129032,63.0216129032258,0.852186774193548,10.3967741935484,14.4970967741935
"2241","Air District Reference Site",37.7661,-122.398971,300,1,8,16.6906085541821,1.05720150992663,14.68108575,1.09920454545455,14.3106818181818,53.69,61.8377419354839,1.01759,11.1761290322581,14.8812903225806
"2242","Air District Reference Site",37.7661,-122.398971,300,1,9,16.9201418888889,1.04056239962861,14.8575801407407,2.06411111111111,25.0676666666667,58.8304516129032,53.7458064516129,0.944053548387097,10.9987096774194,12.4129032258065
"2243","Air District Reference Site",37.7661,-122.398971,300,1,10,17.0707101269841,1.02478384369794,15.899049039548,1.16933333333333,17.7067777777778,62.8592,46.6326666666667,0.641579,10.6516666666667,10.9933333333333
"2244","Air District Reference Site",37.7661,-122.398971,300,1,11,17.2288673174603,1.02737260968118,16.1034846666667,1.12322222222222,14.9234444444444,65.4806,42.3913333333333,0.608652666666667,10.177,10.55
"2245","Air District Reference Site",37.7661,-122.398971,300,1,12,17.5371010793651,1.01649584369796,15.8072028888889,1.731,20.6953333333333,67.5505806451613,39.3064516129032,0.49432,9.16548387096774,10.0516129032258
"2246","Air District Reference Site",37.7661,-122.398971,300,1,13,17.460959,1.01338759388757,16.1789964074074,1.28244444444444,19.4527777777778,68.8506451612903,37.3683870967742,0.363288387096774,8.04483870967742,9.42193548387097
"2247","Air District Reference Site",37.7661,-122.398971,300,1,14,17.5523116031746,1.00920918470817,16.0759474444444,1.47533333333333,19.0861111111111,69.1371034482759,35.4962068965517,0.303986551724138,7.68206896551724,9.55379310344828
"2248","Air District Reference Site",37.7661,-122.398971,300,1,15,17.2383235714286,1.03457250155885,16.7640628,0.476111111111111,10.0468888888889,68.5214,37.166,0.286208333333333,7.28966666666667,10.1436666666667
"2249","Air District Reference Site",37.7661,-122.398971,300,1,16,16.9170587936508,1.04428963713267,16.2480888518519,0.667111111111111,13.7272222222222,66.7654482758621,39.0924137931034,0.25519724137931,7.49137931034483,12.1851724137931
"2250","Air District Reference Site",37.7661,-122.398971,300,1,17,16.084058031746,1.09403724311168,14.3786471555556,1.70811111111111,21.4637777777778,62.0252857142857,48.4946428571429,0.258018928571429,7.88,14.705
"2251","Air District Reference Site",37.7661,-122.398971,300,1,18,16.7897717301587,1.06964174218215,15.1350974222222,1.65711111111111,19.4232222222222,59.5167741935484,50.5129032258065,0.406678064516129,8.16548387096774,16.1574193548387
"2252","Air District Reference Site",37.7661,-122.398971,300,1,19,17.6584833968254,1.00624163235956,17.0701084444444,0.588222222222222,11.755,58.0994193548387,53.2841935483871,0.549238709677419,8.91483870967742,16.5425806451613
"2253","Air District Reference Site",37.7661,-122.398971,300,1,20,18.665650015873,1.00529357174603,18.3635155235405,0.305333333333333,7.22422222222222,56.8986451612903,55.6229032258065,0.678946129032258,9.80193548387097,16.4164516129032
"2254","Air District Reference Site",37.7661,-122.398971,300,1,21,18.7943786666667,1.0053282669934,18.2518356421846,0.542222222222222,9.06322222222222,55.9289677419355,57.5767741935484,0.733511612903226,10.1112903225806,16.371935483871
"2255","Air District Reference Site",37.7661,-122.398971,300,1,22,18.7868308767234,1.00678323071693,18.1861183333333,0.598111111111111,8.72277777777778,55.2618064516129,59.7006451612903,0.732561290322581,10.0751612903226,15.9812903225806
"2256","Air District Reference Site",37.7661,-122.398971,300,1,23,19.4059184001151,1.00636264517997,18.4464813602484,0.959777777777778,9.40822222222222,54.6277419354839,61.408064516129,0.731209677419355,9.88709677419355,15.0416129032258
"2257","Air District Reference Site",37.7661,-122.398971,300,2,0,18.008557962963,1.01735532555523,23.4339515562914,-5.10166666666667,-21.407380952381,55.1222857142857,70.0857142857143,0.333535714285714,5.6,12.2821428571429
"2258","Air District Reference Site",37.7661,-122.398971,300,2,1,18.7968805185185,1.01404532089189,22.4271353809524,-3.63188888888889,-11.0362222222222,54.6446428571429,70.5735714285714,0.336651428571429,5.42607142857143,11.9114285714286
"2259","Air District Reference Site",37.7661,-122.398971,300,2,2,17.8710460962963,1.042231890471,41.2281194789082,-13.41,-30.3776923076923,54.2357857142857,71.3185714285714,0.456599285714286,5.52178571428571,11.9517857142857
"2260","Air District Reference Site",37.7661,-122.398971,300,2,3,15.756814162963,1.1166810953722,29.6181323529412,-13.3805882352941,-40.3182352941176,53.7513333333333,71.6603703703704,0.404627037037037,5.54777777777778,12.3833333333333
"2261","Air District Reference Site",37.7661,-122.398971,300,2,4,16.8865489259259,1.08432067439405,30.8618668230818,-7.91105263157895,-22.4463157894737,53.4006153846154,73.1953846153846,0.450225,5.61153846153846,13.0869230769231
"2262","Air District Reference Site",37.7661,-122.398971,300,2,5,18.832822962963,1.00725064141829,20.6772230585242,-1.84777777777778,-6.16666666666667,53.2708571428571,73.2110714285714,0.498026785714286,5.66035714285714,13.4921428571429
"2263","Air District Reference Site",37.7661,-122.398971,300,2,6,18.4779861851852,1.02156835744103,16.840549542109,1.63966666666667,17.7803333333333,52.8406666666667,73.6692592592593,0.518218148148148,5.78555555555556,14.4774074074074
"2264","Air District Reference Site",37.7661,-122.398971,300,2,7,17.5108710740741,1.03226217992426,15.8321719259259,1.68133333333333,20.5612222222222,53.302,73.6759259259259,0.663847407407407,6.0537037037037,14.697037037037
"2265","Air District Reference Site",37.7661,-122.398971,300,2,8,16.6110354074074,1.05456439348326,14.68108575,1.08034090909091,14.3577272727273,56.8895,68.325,0.751352857142857,6.33357142857143,12.7846428571429
"2266","Air District Reference Site",37.7661,-122.398971,300,2,9,16.723858962963,1.04906887773466,14.8575801407407,1.86533333333333,23.9443333333333,60.4353333333333,61.2944444444444,0.521501851851852,6.51555555555556,10.9448148148148
"2267","Air District Reference Site",37.7661,-122.398971,300,2,10,17.0130284444444,1.03117410937914,15.899049039548,1.11533333333333,17.5227777777778,62.78504,56.4028,0.4502304,6.4464,10.7752
"2268","Air District Reference Site",37.7661,-122.398971,300,2,11,16.9768336296296,1.03022954151598,16.1034846666667,0.872666666666666,13.2922222222222,64.6246666666667,52.8592592592593,0.428432592592593,6.13666666666667,10.3585185185185
"2269","Air District Reference Site",37.7661,-122.398971,300,2,12,17.2444492222222,1.01828740507181,15.8072028888889,1.43444444444444,17.993,66.7681739130435,50.3047826086957,0.436258695652174,6.31739130434783,9.76130434782609
"2270","Air District Reference Site",37.7661,-122.398971,300,2,13,17.2362488888889,1.02145442179831,16.1789964074074,1.05855555555556,18.2531111111111,68.28875,46.9141666666667,0.337515,5.49625,8.93916666666667
"2271","Air District Reference Site",37.7661,-122.398971,300,2,14,16.8352417777778,1.03449905240159,16.0759474444444,0.759666666666666,14.5164444444444,69.2560869565217,45.214347826087,0.238297826086957,5.02347826086956,8.76217391304348
"2272","Air District Reference Site",37.7661,-122.398971,300,2,15,17.0207738888889,1.04129934848011,16.7640628,0.259666666666667,9.45044444444444,68.5012307692308,48.2269230769231,0.17497,5.10384615384615,9.42961538461538
"2273","Air District Reference Site",37.7661,-122.398971,300,2,16,16.5252154814815,1.06985040723709,16.2480888518519,0.274222222222222,11.2196666666667,66.62225,49.4683333333333,0.160047916666667,5.34291666666667,10.2325
"2274","Air District Reference Site",37.7661,-122.398971,300,2,17,16.0056771111111,1.0978142010566,14.3786471555556,1.626,21.1615555555556,63.5867272727273,55.175,0.16784,5.70181818181818,11.3509090909091
"2275","Air District Reference Site",37.7661,-122.398971,300,2,18,16.9429601851852,1.0348730367197,15.1350974222222,1.80666666666667,21.2617777777778,60.8366666666667,60.242962962963,0.236284814814815,5.89592592592593,12.6633333333333
"2276","Air District Reference Site",37.7661,-122.398971,300,2,19,17.4675997407407,1.00727794488225,17.0701084444444,0.398,10.6883333333333,59.4120714285714,62.4439285714286,0.338106785714286,6.32142857142857,12.5507142857143
"2277","Air District Reference Site",37.7661,-122.398971,300,2,20,18.6012394444444,1.00561730706393,18.3635155235405,0.237333333333333,7.14333333333333,58.236,64.4581481481482,0.332040740740741,6.38592592592593,12.6992592592593
"2278","Air District Reference Site",37.7661,-122.398971,300,2,21,18.7087228518519,1.00643702462009,18.2518356421846,0.453888888888889,8.93355555555556,57.2477692307692,66.5069230769231,0.423019230769231,6.52307692307692,13.8192307692308
"2279","Air District Reference Site",37.7661,-122.398971,300,2,22,18.3170485925926,1.01288510008207,18.1861183333333,0.131444444444444,5.27566666666667,56.228,68.0164285714286,0.484837857142857,6.40964285714286,13.6042857142857
"2280","Air District Reference Site",37.7661,-122.398971,300,2,23,18.1325615925926,1.03208965782819,18.4464813602484,-0.311444444444444,1.55144444444444,55.5536428571429,69.2214285714286,0.344060714285714,5.96392857142857,12.6528571428571
"2281","Air District Reference Site",37.7661,-122.398971,300,3,0,18.3241329259259,1.01083274449695,23.4339515562914,-4.77261904761905,-19.3427380952381,56.1608,65.2493333333333,0.240462666666667,5.84933333333333,9.854
"2282","Air District Reference Site",37.7661,-122.398971,300,3,1,19.6917790740741,1.01549806366409,22.4271353809524,-2.73477777777778,-7.01055555555556,55.5632413793103,66.0151724137931,0.18784275862069,5.72620689655172,9.5
"2283","Air District Reference Site",37.7661,-122.398971,300,3,2,18.5804395925926,1.04891782924643,41.2281194789082,-10.73,-24.3592307692308,55.3413333333333,67.6625925925926,0.184903703703704,5.62666666666667,9.36296296296296
"2284","Air District Reference Site",37.7661,-122.398971,300,3,3,16.0104982222222,1.10525496174183,29.6181323529412,-13.3641176470588,-40.41,54.6893103448276,68.5293103448276,0.213253448275862,5.78758620689655,9.66689655172414
"2285","Air District Reference Site",37.7661,-122.398971,300,3,4,17.6536211111111,1.07255226644905,30.8618668230818,-6.44789473684211,-18.6531578947368,54.5465517241379,69.2027586206897,0.225425517241379,5.56620689655172,10.1437931034483
"2286","Air District Reference Site",37.7661,-122.398971,300,3,5,18.8336991851852,1.00722238550739,20.6772230585242,-1.84411111111111,-5.61466666666667,54.4112413793103,70.2186206896552,0.239486206896552,5.57241379310345,10.7241379310345
"2287","Air District Reference Site",37.7661,-122.398971,300,3,6,18.6191833703704,1.01512665801102,16.840549542109,1.77711111111111,18.0371111111111,54.1934,69.9796666666667,0.281238,5.82066666666667,12.2293333333333
"2288","Air District Reference Site",37.7661,-122.398971,300,3,7,17.756708,1.02570233329076,15.8321719259259,1.92433333333333,22.1968888888889,54.404,69.761,0.427019666666667,5.975,13.4733333333333
"2289","Air District Reference Site",37.7661,-122.398971,300,3,8,16.5178517777778,1.07351173809107,14.68108575,0.814318181818182,12.4792045454545,56.7554,66.152,0.540777,6.01166666666667,12.5293333333333
"2290","Air District Reference Site",37.7661,-122.398971,300,3,9,16.8806797777778,1.0540023105985,14.8575801407407,2.02377777777778,23.8545555555556,61.0973333333333,59.1114814814815,0.380063703703704,6.03296296296296,10.2296296296296
"2291","Air District Reference Site",37.7661,-122.398971,300,3,10,17.1367126666667,1.02409573200393,15.899049039548,1.23688888888889,17.9451111111111,64.4505384615385,52.8634615384615,0.305840769230769,5.80884615384615,9.01
"2292","Air District Reference Site",37.7661,-122.398971,300,3,11,17.5559318888889,1.0118142420146,16.1034846666667,1.45533333333333,17.1635555555556,67.5577142857143,47.2547619047619,0.238999047619048,5.39666666666667,8.62714285714286
"2293","Air District Reference Site",37.7661,-122.398971,300,3,12,17.2848078888889,1.02776521795383,15.8072028888889,1.47655555555556,18.0907777777778,68.405,45.4345833333333,0.20818875,5.57041666666667,8.17791666666667
"2294","Air District Reference Site",37.7661,-122.398971,300,3,13,17.0481125925926,1.04634280159487,16.1789964074074,0.869,16.0406666666667,68.981,44.2003846153846,0.162057692307692,5.11346153846154,8.055
"2295","Air District Reference Site",37.7661,-122.398971,300,3,14,17.0024564444444,1.03672908392709,16.0759474444444,0.925666666666667,14.6946666666667,69.8915652173913,42.6878260869565,0.150568260869565,5.15913043478261,8.3104347826087
"2296","Air District Reference Site",37.7661,-122.398971,300,3,15,16.7745227777778,1.05590371342069,16.7640628,0.0107777777777777,6.79044444444444,68.0144,45.3903333333333,0.105250333333333,4.979,8.26666666666667
"2297","Air District Reference Site",37.7661,-122.398971,300,3,16,16.4719287777778,1.08809556072477,16.2480888518519,0.224444444444445,9.88133333333333,67.4706666666667,46.2807407407407,0.0969525925925926,5.0037037037037,8.74407407407407
"2298","Air District Reference Site",37.7661,-122.398971,300,3,17,15.9449912222222,1.10917020035993,14.3786471555556,1.56633333333333,19.3498888888889,64.8053913043478,51.1104347826087,0.0996517391304348,5.25260869565217,9.40086956521739
"2299","Air District Reference Site",37.7661,-122.398971,300,3,18,17.1493741851852,1.04709625794667,15.1350974222222,2.01433333333333,21.0881111111111,62.448,55.1596296296296,0.103462222222222,5.63555555555556,10.0351851851852
"2300","Air District Reference Site",37.7661,-122.398971,300,3,19,17.4636481481481,1.00767968432751,17.0701084444444,0.393,10.3322222222222,60.2736551724138,58.9148275862069,0.169126551724138,5.91310344827586,10.6458620689655
"2301","Air District Reference Site",37.7661,-122.398971,300,3,20,18.5306231481481,1.00484748907038,18.3635155235405,0.168222222222222,6.48722222222222,58.9916,60.9556666666667,0.211839333333333,6.02433333333333,9.972
"2302","Air District Reference Site",37.7661,-122.398971,300,3,21,18.6720911851852,1.00487436059569,18.2518356421846,0.418111111111111,8.15255555555555,58.217,62.297,0.200032333333333,5.768,9.522
"2303","Air District Reference Site",37.7661,-122.398971,300,3,22,18.1846458148148,1.01726777153827,18.1861183333333,-4.61821938715603e-17,4.88544444444444,57.7168571428571,63.2539285714286,0.216795,5.89071428571429,9.59892857142857
"2304","Air District Reference Site",37.7661,-122.398971,300,3,23,18.0521147407407,1.02612913558546,18.4464813602484,-0.392555555555556,1.12733333333333,57.1087586206897,64.2575862068965,0.223881379310345,5.99310344827586,9.82172413793104
"2305","Newcomb Ave. & 3rd St. (BC)",37.734787,-122.389569,100,12,0,16.7808692810458,1.00764102916825,NA,NA,NA,NA,NA,NA,NA,NA
"2306","Newcomb Ave. & 3rd St. (BC)",37.734787,-122.389569,100,12,1,16.8871323529412,1,NA,NA,NA,NA,NA,NA,NA,NA
"2307","Newcomb Ave. & 3rd St. (BC)",37.734787,-122.389569,100,12,2,16.9755454545455,1,NA,NA,NA,NA,NA,NA,NA,NA
"2308","Newcomb Ave. & 3rd St. (BC)",37.734787,-122.389569,100,12,3,17.588,1,NA,NA,NA,NA,NA,NA,NA,NA
"2309","Newcomb Ave. & 3rd St. (BC)",37.734787,-122.389569,100,12,4,16.444,1,12.512,3.93,31.43,NA,NA,NA,NA,NA
"2310","Newcomb Ave. & 3rd St. (BC)",37.734787,-122.389569,100,12,5,17.7737123745819,1,13.756,4.02,29.21,NA,NA,NA,NA,NA
"2311","Newcomb Ave. & 3rd St. (BC)",37.734787,-122.389569,100,12,6,16.9495734824281,1,14.0386615384615,2.91,20.73,NA,NA,NA,NA,NA
"2312","Newcomb Ave. & 3rd St. (BC)",37.734787,-122.389569,100,12,7,16.8676218978102,1,13.0370235294118,3.83,29.38,NA,NA,NA,NA,NA
"2313","Newcomb Ave. & 3rd St. (BC)",37.734787,-122.389569,100,12,8,15.7705070422535,1.05536464729676,11.8773720930233,3.89,32.78,NA,NA,NA,NA,NA
"2314","Newcomb Ave. & 3rd St. (BC)",37.734787,-122.389569,100,12,9,15.9948207171315,1.04397644001058,12.0278902439024,3.97,32.98,NA,NA,NA,NA,NA
"2315","Newcomb Ave. & 3rd St. (BC)",37.734787,-122.389569,100,12,10,16.7101260273973,1,12.0766439393939,4.63,38.37,NA,NA,NA,NA,NA
"2316","Newcomb Ave. & 3rd St. (BC)",37.734787,-122.389569,100,12,11,16.3901176470588,1.0207683082833,12.3625102040816,4.03,32.58,NA,NA,NA,NA,NA
"2317","Newcomb Ave. & 3rd St. (BC)",37.734787,-122.389569,100,12,12,16.5526153846154,1.00658681233045,12.5804184397163,3.97,31.57,NA,NA,NA,NA,NA
"2318","Newcomb Ave. & 3rd St. (BC)",37.734787,-122.389569,100,12,13,16.8965384615385,1,12.703958041958,4.19,33,NA,NA,NA,NA,NA
"2319","Newcomb Ave. & 3rd St. (BC)",37.734787,-122.389569,100,12,14,16.3450157273919,1.02744324216014,12.3375153846154,4.01,32.48,NA,NA,NA,NA,NA
"2320","Newcomb Ave. & 3rd St. (BC)",37.734787,-122.389569,100,12,15,16.2651409395973,1.02309292149829,12.3163288590604,3.95,32.06,NA,NA,NA,NA,NA
"2321","Newcomb Ave. & 3rd St. (BC)",37.734787,-122.389569,100,12,16,16.6652771084337,1,11.9122949640288,4.75,39.9,NA,NA,NA,NA,NA
"2322","Newcomb Ave. & 3rd St. (BC)",37.734787,-122.389569,100,12,17,16.3418179419525,1.02016376049219,11.2206666666667,5.12,45.64,NA,NA,NA,NA,NA
"2323","Newcomb Ave. & 3rd St. (BC)",37.734787,-122.389569,100,12,18,17.7624005524862,1,12.5575244755245,5.2,41.45,NA,NA,NA,NA,NA
"2324","Newcomb Ave. & 3rd St. (BC)",37.734787,-122.389569,100,12,19,17.2079247135843,1,12.2696239316239,4.94,40.25,NA,NA,NA,NA,NA
"2325","Newcomb Ave. & 3rd St. (BC)",37.734787,-122.389569,100,12,20,17.318568452381,1,13.2103076923077,4.11,31.1,NA,NA,NA,NA,NA
"2326","Newcomb Ave. & 3rd St. (BC)",37.734787,-122.389569,100,12,21,17.5113512476008,1,14.547,2.96,20.38,NA,NA,NA,NA,NA
"2327","Newcomb Ave. & 3rd St. (BC)",37.734787,-122.389569,100,12,22,17.8116644295302,1,NA,NA,NA,NA,NA,NA,NA,NA
"2328","Newcomb Ave. & 3rd St. (BC)",37.734787,-122.389569,100,12,23,16.6408983050847,1.01550486137612,14.385,2.26,15.68,NA,NA,NA,NA,NA
"2329","Newcomb Ave. & 3rd St. (BC)",37.734787,-122.389569,100,1,0,16.2534666666667,1.00017402242613,NA,NA,NA,NA,NA,NA,NA,NA
"2330","Newcomb Ave. & 3rd St. (BC)",37.734787,-122.389569,100,1,1,18.0909568345324,1,NA,NA,NA,NA,NA,NA,NA,NA
"2331","Newcomb Ave. & 3rd St. (BC)",37.734787,-122.389569,100,1,2,NA,NA,NA,NA,NA,NA,NA,NA,NA,NA
"2332","Newcomb Ave. & 3rd St. (BC)",37.734787,-122.389569,100,1,3,NA,NA,NA,NA,NA,NA,NA,NA,NA,NA
"2333","Newcomb Ave. & 3rd St. (BC)",37.734787,-122.389569,100,1,4,17.246032967033,1,12.512,4.73,37.84,NA,NA,NA,NA,NA
"2334","Newcomb Ave. & 3rd St. (BC)",37.734787,-122.389569,100,1,5,15.928875,1.0417835335224,13.756,2.17,15.8,NA,NA,NA,NA,NA
"2335","Newcomb Ave. & 3rd St. (BC)",37.734787,-122.389569,100,1,6,16.5296511226252,1.00263586548526,14.0386615384615,2.49,17.74,NA,NA,NA,NA,NA
"2336","Newcomb Ave. & 3rd St. (BC)",37.734787,-122.389569,100,1,7,16.1694615384615,1.0281967146821,13.0370235294118,3.13,24.03,NA,NA,NA,NA,NA
"2337","Newcomb Ave. & 3rd St. (BC)",37.734787,-122.389569,100,1,8,15.5973771712159,1.07002824159465,11.8773720930233,3.72,31.32,NA,NA,NA,NA,NA
"2338","Newcomb Ave. & 3rd St. (BC)",37.734787,-122.389569,100,1,9,16.3477825030377,1.03028224393663,12.0278902439024,4.32,35.92,NA,NA,NA,NA,NA
"2339","Newcomb Ave. & 3rd St. (BC)",37.734787,-122.389569,100,1,10,16.6652481572482,1.00820149659208,12.0766439393939,4.59,38,NA,NA,NA,NA,NA
"2340","Newcomb Ave. & 3rd St. (BC)",37.734787,-122.389569,100,1,11,16.0720658682635,1.03710703575654,12.3625102040816,3.71,30.01,NA,NA,NA,NA,NA
"2341","Newcomb Ave. & 3rd St. (BC)",37.734787,-122.389569,100,1,12,16.4055714285714,1.0237162477437,12.5804184397163,3.83,30.41,NA,NA,NA,NA,NA
"2342","Newcomb Ave. & 3rd St. (BC)",37.734787,-122.389569,100,1,13,16.4858448060075,1.01599169534102,12.703958041958,3.78,29.77,NA,NA,NA,NA,NA
"2343","Newcomb Ave. & 3rd St. (BC)",37.734787,-122.389569,100,1,14,16.3382142857143,1.02287098386385,12.3375153846154,4,32.43,NA,NA,NA,NA,NA
"2344","Newcomb Ave. & 3rd St. (BC)",37.734787,-122.389569,100,1,15,16.3912639225182,1.03713365268262,12.3163288590604,4.07,33.09,NA,NA,NA,NA,NA
"2345","Newcomb Ave. & 3rd St. (BC)",37.734787,-122.389569,100,1,16,16.2166012269939,1.03096667494404,11.9122949640288,4.3,36.13,NA,NA,NA,NA,NA
"2346","Newcomb Ave. & 3rd St. (BC)",37.734787,-122.389569,100,1,17,16.685992481203,1,11.2206666666667,5.47,48.71,NA,NA,NA,NA,NA
"2347","Newcomb Ave. & 3rd St. (BC)",37.734787,-122.389569,100,1,18,17.5241428571429,1,12.5575244755245,4.97,39.55,NA,NA,NA,NA,NA
"2348","Newcomb Ave. & 3rd St. (BC)",37.734787,-122.389569,100,1,19,17.0683645833333,1,12.2696239316239,4.8,39.11,NA,NA,NA,NA,NA
"2349","Newcomb Ave. & 3rd St. (BC)",37.734787,-122.389569,100,1,20,16.5137628865979,1.01826650486848,13.2103076923077,3.3,25.01,NA,NA,NA,NA,NA
"2350","Newcomb Ave. & 3rd St. (BC)",37.734787,-122.389569,100,1,21,17.1602257425743,1.01558146453787,14.547,2.61,17.96,NA,NA,NA,NA,NA
"2351","Newcomb Ave. & 3rd St. (BC)",37.734787,-122.389569,100,1,22,17.3570776255708,1,NA,NA,NA,NA,NA,NA,NA,NA
"2352","Newcomb Ave. & 3rd St. (BC)",37.734787,-122.389569,100,1,23,16.9506293103448,1,14.385,2.57,17.84,NA,NA,NA,NA,NA
"2353","Newcomb Ave. & 3rd St. (BC)",37.734787,-122.389569,100,2,0,14.61375,1.13614018799735,NA,NA,NA,60.26,56.585,0.66012,8.54,14.765
"2354","Newcomb Ave. & 3rd St. (BC)",37.734787,-122.389569,100,2,1,16.1580833333333,1.05168719775684,NA,NA,NA,60.206,61.79,1.06469,12.8,17.04
"2355","Newcomb Ave. & 3rd St. (BC)",37.734787,-122.389569,100,2,2,16.0575,1.01442593936734,NA,NA,NA,58.712,65.08,1.0295,13.33,18.28
"2356","Newcomb Ave. & 3rd St. (BC)",37.734787,-122.389569,100,2,3,15.3508333333333,1.0851116566526,NA,NA,NA,NA,NA,NA,NA,NA
"2357","Newcomb Ave. & 3rd St. (BC)",37.734787,-122.389569,100,2,4,15.02875,1.11257172178311,12.512,2.52,20.11,NA,NA,NA,NA,NA
"2358","Newcomb Ave. & 3rd St. (BC)",37.734787,-122.389569,100,2,5,14.85925,1.14539545775151,13.756,1.1,8.02,NA,NA,NA,NA,NA
"2359","Newcomb Ave. & 3rd St. (BC)",37.734787,-122.389569,100,2,6,16.6511666666667,1,14.0386615384615,2.61,18.61,NA,NA,NA,NA,NA
"2360","Newcomb Ave. & 3rd St. (BC)",37.734787,-122.389569,100,2,7,16.1341666666667,1.04546556417059,13.0370235294118,3.1,23.76,NA,NA,NA,NA,NA
"2361","Newcomb Ave. & 3rd St. (BC)",37.734787,-122.389569,100,2,8,14.89875,1.11275904159116,11.8773720930233,3.02,25.44,59.657,69.145,1.492165,13.74,15.395
"2362","Newcomb Ave. & 3rd St. (BC)",37.734787,-122.389569,100,2,9,16.0315,1.03506226817361,12.0278902439024,4,33.29,65.102,59.035,0.877285,13.215,10.7
"2363","Newcomb Ave. & 3rd St. (BC)",37.734787,-122.389569,100,2,10,15.8683333333333,1.04915251089213,12.0766439393939,3.79,31.4,70.367,49.845,0.706205,14.78,10.075
"2364","Newcomb Ave. & 3rd St. (BC)",37.734787,-122.389569,100,2,11,16.3470833333333,1.01439587194526,12.3625102040816,3.98,32.23,74.957,43.555,0.76607,15.385,9.49
"2365","Newcomb Ave. & 3rd St. (BC)",37.734787,-122.389569,100,2,12,16.7879166666667,1.00020781124826,12.5804184397163,4.21,33.44,75.9992,41.258,0.587676,8.75,8.554
"2366","Newcomb Ave. & 3rd St. (BC)",37.734787,-122.389569,100,2,13,16.6630833333333,1.00306459301054,12.703958041958,3.96,31.16,83.7455,29.34,0.3642375,8.275,7.8575
"2367","Newcomb Ave. & 3rd St. (BC)",37.734787,-122.389569,100,2,14,16.0078333333333,1.04533818237844,12.3375153846154,3.67,29.75,81.7925,36.45,0.3286975,6.7725,7.645
"2368","Newcomb Ave. & 3rd St. (BC)",37.734787,-122.389569,100,2,15,15.5055833333333,1.06866836260408,12.3163288590604,3.19,25.89,84.4565,27.9175,0.3913425,7.3525,7.795
"2369","Newcomb Ave. & 3rd St. (BC)",37.734787,-122.389569,100,2,16,16.4285833333333,1.01487387383372,11.9122949640288,4.52,37.91,78.7604,36.986,0.287568,6.304,9.818
"2370","Newcomb Ave. & 3rd St. (BC)",37.734787,-122.389569,100,2,17,16.9463333333333,1,11.2206666666667,5.73,51.03,72.5396,42.244,0.485666,8.284,13.088
"2371","Newcomb Ave. & 3rd St. (BC)",37.734787,-122.389569,100,2,18,17.6755,1,12.5575244755245,5.12,40.76,65.981,52.3333333333333,0.474531666666667,7.955,14.2366666666667
"2372","Newcomb Ave. & 3rd St. (BC)",37.734787,-122.389569,100,2,19,16.6763333333333,1.00363608819273,12.2696239316239,4.41,35.92,62.666,58.135,0.40754,8.17666666666667,14.3383333333333
"2373","Newcomb Ave. & 3rd St. (BC)",37.734787,-122.389569,100,2,20,15.9266666666667,1.1055123593552,13.2103076923077,2.72,20.56,63.692,53.3766666666667,0.53033,9.18333333333333,14.5766666666667
"2374","Newcomb Ave. & 3rd St. (BC)",37.734787,-122.389569,100,2,21,15.7833333333333,1.0737485242602,14.547,1.24,8.5,64.562,50.625,0.860475,11.145,17.97
"2375","Newcomb Ave. & 3rd St. (BC)",37.734787,-122.389569,100,2,22,16.6395833333333,1.03806809905373,NA,NA,NA,62.546,53.095,1.037975,11.615,19.22
"2376","Newcomb Ave. & 3rd St. (BC)",37.734787,-122.389569,100,2,23,15.2221666666667,1.10799420710759,14.385,0.84,5.82,61.187,54.99,0.71815,9.285,16.045
"2377","Newcomb Ave. & 3rd St. (BC)",37.734787,-122.389569,100,3,0,14.7023333333333,1.11998975361229,NA,NA,NA,57.57575,64.41625,0.13443125,6.25875,10.85125
"2378","Newcomb Ave. & 3rd St. (BC)",37.734787,-122.389569,100,3,1,15.7523333333333,1.06419198642538,NA,NA,NA,57.2954,67.926,0.187379,6.081,10.707
"2379","Newcomb Ave. & 3rd St. (BC)",37.734787,-122.389569,100,3,2,16.48625,1.00342883813865,NA,NA,NA,56.946,71.3244444444444,0.137597777777778,6.12333333333333,10.1888888888889
"2380","Newcomb Ave. & 3rd St. (BC)",37.734787,-122.389569,100,3,3,15.5585,1.08628580284169,NA,NA,NA,56.5016,70.426,0.125164,5.884,10.332
"2381","Newcomb Ave. & 3rd St. (BC)",37.734787,-122.389569,100,3,4,14.90425,1.14394242638514,12.512,2.39,19.12,55.9814,71.818,0.144322,5.756,10.813
"2382","Newcomb Ave. & 3rd St. (BC)",37.734787,-122.389569,100,3,5,14.60975,1.1605673370215,13.756,0.85,6.21,56.014,73.5644444444444,0.307457777777778,6.12666666666667,11.8533333333333
"2383","Newcomb Ave. & 3rd St. (BC)",37.734787,-122.389569,100,3,6,16.145,1.03497072925587,14.0386615384615,2.11,15,55.5656,73.664,0.236683,5.968,12.914
"2384","Newcomb Ave. & 3rd St. (BC)",37.734787,-122.389569,100,3,7,15.8393333333333,1.05565671782114,13.0370235294118,2.8,21.5,55.7636,73.626,0.325985,6.034,12.958
"2385","Newcomb Ave. & 3rd St. (BC)",37.734787,-122.389569,100,3,8,15.3534166666667,1.08378629158367,11.8773720930233,3.48,29.27,57.1694,72.412,0.525181,5.664,12.245
"2386","Newcomb Ave. & 3rd St. (BC)",37.734787,-122.389569,100,3,9,16.2353333333333,1.02634067635118,12.0278902439024,4.21,34.98,62.393,64.13,1.074335,5.638,10.771
"2387","Newcomb Ave. & 3rd St. (BC)",37.734787,-122.389569,100,3,10,15.9755,1.04031041740035,12.0766439393939,3.9,32.28,68.458,52.7577777777778,0.557811111111111,5.28555555555556,8.13111111111111
"2388","Newcomb Ave. & 3rd St. (BC)",37.734787,-122.389569,100,3,11,16.1455,1.03925375058748,12.3625102040816,3.78,30.6,72.0303636363636,46.2836363636364,0.617911818181818,5.43454545454545,7.5
"2389","Newcomb Ave. & 3rd St. (BC)",37.734787,-122.389569,100,3,12,16.27525,1.03178392539082,12.5804184397163,3.69,29.37,74.7156363636364,43.1954545454545,0.512618181818182,5.41909090909091,7.27727272727273
"2390","Newcomb Ave. & 3rd St. (BC)",37.734787,-122.389569,100,3,13,16.2316666666667,1.01660566650414,12.703958041958,3.53,27.77,76.484,41.8688888888889,0.371018888888889,5.32666666666667,6.94444444444444
"2391","Newcomb Ave. & 3rd St. (BC)",37.734787,-122.389569,100,3,14,16.0701666666667,1.03433581621045,12.3375153846154,3.73,30.25,71.9222,44.98,0.162496,5.403,7.024
"2392","Newcomb Ave. & 3rd St. (BC)",37.734787,-122.389569,100,3,15,15.6654166666667,1.06418864231787,12.3163288590604,3.35,27.19,67.37,49.7642857142857,0.212365714285714,5.13285714285714,7.13714285714286
"2393","Newcomb Ave. & 3rd St. (BC)",37.734787,-122.389569,100,3,16,16.36925,1.0213669950534,11.9122949640288,4.46,37.41,65.0048,51.174,0.122738,5.07,7.508
"2394","Newcomb Ave. & 3rd St. (BC)",37.734787,-122.389569,100,3,17,16.47625,1.00784581329244,11.2206666666667,5.26,46.84,66.416,53.27,0.0566066666666667,5.72,8.26333333333333
"2395","Newcomb Ave. & 3rd St. (BC)",37.734787,-122.389569,100,3,18,17.6043333333333,1,12.5575244755245,5.05,40.19,75.263,49.955,0.257875,4.97,11.075
"2396","Newcomb Ave. & 3rd St. (BC)",37.734787,-122.389569,100,3,19,16.3229166666667,1.0491206770814,12.2696239316239,4.05,33.04,68.348,50.42,0.108556666666667,6.51333333333333,12.87
"2397","Newcomb Ave. & 3rd St. (BC)",37.734787,-122.389569,100,3,20,15.846,1.09484663751246,13.2103076923077,2.64,19.95,64.274,55.26,0.0822175,5.27,12.79
"2398","Newcomb Ave. & 3rd St. (BC)",37.734787,-122.389569,100,3,21,16.53775,1.03796358117306,14.547,1.99,13.68,61.142,62.2985714285714,0.100482857142857,5.62571428571429,11.4757142857143
"2399","Newcomb Ave. & 3rd St. (BC)",37.734787,-122.389569,100,3,22,15.8733333333333,1.09147687274007,NA,NA,NA,60.5274285714286,64.3371428571429,0.205985714285714,5.69285714285714,11.3885714285714
"2400","Newcomb Ave. & 3rd St. (BC)",37.734787,-122.389569,100,3,23,15.77675,1.08680947193787,14.385,1.39,9.68,59.837,65.74875,0.20358125,6.14625,11.37875
"2401","Newcomb Ave. & 3rd St. (BC)",37.734787,-122.389569,200,12,0,17.4549911594324,1.00273374398166,16.92455875,0.6209375,4.0075,NA,NA,NA,NA,NA
"2402","Newcomb Ave. & 3rd St. (BC)",37.734787,-122.389569,200,12,1,17.7880489129099,1,18.195,-0.68,-3.73,NA,NA,NA,NA,NA
"2403","Newcomb Ave. & 3rd St. (BC)",37.734787,-122.389569,200,12,2,17.2434602974186,1.01243946570376,15.9531050050556,1.2453488372093,7.65023255813953,NA,NA,NA,NA,NA
"2404","Newcomb Ave. & 3rd St. (BC)",37.734787,-122.389569,200,12,3,17.6881484776335,1.00396933333333,17.4085,0.405,4.53,NA,NA,NA,NA,NA
"2405","Newcomb Ave. & 3rd St. (BC)",37.734787,-122.389569,200,12,4,17.0074899378882,1.00521237037037,15.906870591133,0.519310344827586,5.43413793103448,NA,NA,NA,NA,NA
"2406","Newcomb Ave. & 3rd St. (BC)",37.734787,-122.389569,200,12,5,17.2505133984404,1.01470123042587,15.541486,2.01314285714286,13.8731428571429,NA,NA,NA,NA,NA
"2407","Newcomb Ave. & 3rd St. (BC)",37.734787,-122.389569,200,12,6,16.3480848446677,1.02772264814815,13.4543259026688,2.82836734693878,22.3557142857143,NA,NA,NA,NA,NA
"2408","Newcomb Ave. & 3rd St. (BC)",37.734787,-122.389569,200,12,7,15.7127507664234,1.07496831481481,12.7163557723892,2.99648148148148,26.332962962963,NA,NA,NA,NA,NA
"2409","Newcomb Ave. & 3rd St. (BC)",37.734787,-122.389569,200,12,8,14.8682317226436,1.1423784052552,12.29029230726,2.57666666666667,22.8533333333333,NA,NA,NA,NA,NA
"2410","Newcomb Ave. & 3rd St. (BC)",37.734787,-122.389569,200,12,9,15.3872826580289,1.09520680814932,13.4004294715447,1.98648148148148,15.8946296296296,NA,NA,NA,NA,NA
"2411","Newcomb Ave. & 3rd St. (BC)",37.734787,-122.389569,200,12,10,15.9444121084572,1.05656261111111,12.7769619329093,3.16740740740741,25.4037037037037,NA,NA,NA,NA,NA
"2412","Newcomb Ave. & 3rd St. (BC)",37.734787,-122.389569,200,12,11,15.7684144394168,1.07671699721666,13.342262321017,2.42537037037037,19.2648148148148,NA,NA,NA,NA,NA
"2413","Newcomb Ave. & 3rd St. (BC)",37.734787,-122.389569,200,12,12,16.0635203607323,1.05784009025894,13.5235902608625,2.53759259259259,19.5722222222222,NA,NA,NA,NA,NA
"2414","Newcomb Ave. & 3rd St. (BC)",37.734787,-122.389569,200,12,13,15.6747800712251,1.07300266666667,12.8871314627778,2.78796296296296,23.6001851851852,NA,NA,NA,NA,NA
"2415","Newcomb Ave. & 3rd St. (BC)",37.734787,-122.389569,200,12,14,15.4939752232715,1.10784543431409,13.2579731308936,2.2362962962963,18.1277777777778,NA,NA,NA,NA,NA
"2416","Newcomb Ave. & 3rd St. (BC)",37.734787,-122.389569,200,12,15,14.8678361761407,1.13819430938708,12.0513408533554,2.81685185185185,23.7235185185185,NA,NA,NA,NA,NA
"2417","Newcomb Ave. & 3rd St. (BC)",37.734787,-122.389569,200,12,16,14.9318252200254,1.12933033333333,12.5470030330402,2.38481481481481,20.1483333333333,NA,NA,NA,NA,NA
"2418","Newcomb Ave. & 3rd St. (BC)",37.734787,-122.389569,200,12,17,15.0280317586813,1.10997019561024,12.0378604545455,2.99037037037037,25.6490740740741,NA,NA,NA,NA,NA
"2419","Newcomb Ave. & 3rd St. (BC)",37.734787,-122.389569,200,12,18,15.8898960517038,1.06504638888889,12.2457466905744,3.64537037037037,30.6314814814815,NA,NA,NA,NA,NA
"2420","Newcomb Ave. & 3rd St. (BC)",37.734787,-122.389569,200,12,19,16.5202856426827,1.02646509259259,14.2541627400878,2.26685185185185,18.107962962963,NA,NA,NA,NA,NA
"2421","Newcomb Ave. & 3rd St. (BC)",37.734787,-122.389569,200,12,20,16.5417824755046,1.02615563174298,14.7128146778789,1.82944444444444,14.2709259259259,NA,NA,NA,NA,NA
"2422","Newcomb Ave. & 3rd St. (BC)",37.734787,-122.389569,200,12,21,17.1110524116349,1.01577633333333,15.578752039312,1.36590909090909,9.83704545454545,NA,NA,NA,NA,NA
"2423","Newcomb Ave. & 3rd St. (BC)",37.734787,-122.389569,200,12,22,17.4371527143922,1.00062037037037,16.0791087731482,1.31354166666667,9.03583333333333,NA,NA,NA,NA,NA
"2424","Newcomb Ave. & 3rd St. (BC)",37.734787,-122.389569,200,12,23,17.5286501157456,1.00172276237512,16.2215285978836,1.30814814814815,9.67759259259259,NA,NA,NA,NA,NA
"2425","Newcomb Ave. & 3rd St. (BC)",37.734787,-122.389569,200,1,0,17.3384181309787,1.00736896545476,16.92455875,0.8028125,5.085625,NA,NA,NA,NA,NA
"2426","Newcomb Ave. & 3rd St. (BC)",37.734787,-122.389569,200,1,1,18.1123211297629,1.00228454690267,18.195,-1.23,-6.79,NA,NA,NA,NA,NA
"2427","Newcomb Ave. & 3rd St. (BC)",37.734787,-122.389569,200,1,2,17.751219829235,1,15.9531050050556,1.7093023255814,10.5818604651163,NA,NA,NA,NA,NA
"2428","Newcomb Ave. & 3rd St. (BC)",37.734787,-122.389569,200,1,3,18.091713367047,1,17.4085,0.46,4.39,NA,NA,NA,NA,NA
"2429","Newcomb Ave. & 3rd St. (BC)",37.734787,-122.389569,200,1,4,17.5868558029808,1,15.906870591133,0.625862068965517,6.03655172413793,NA,NA,NA,NA,NA
"2430","Newcomb Ave. & 3rd St. (BC)",37.734787,-122.389569,200,1,5,17.0535994284802,1.01749589924211,15.541486,1.17914285714286,8.01085714285714,NA,NA,NA,NA,NA
"2431","Newcomb Ave. & 3rd St. (BC)",37.734787,-122.389569,200,1,6,16.3481481695251,1.03539183690577,13.4543259026688,2.84673469387755,22.9242857142857,NA,NA,NA,NA,NA
"2432","Newcomb Ave. & 3rd St. (BC)",37.734787,-122.389569,200,1,7,15.2970152219493,1.11929143126097,12.7163557723892,2.58037037037037,22.6125925925926,NA,NA,NA,NA,NA
"2433","Newcomb Ave. & 3rd St. (BC)",37.734787,-122.389569,200,1,8,14.6931511529271,1.16172002684385,12.29029230726,2.40203703703704,21.4181481481481,NA,NA,NA,NA,NA
"2434","Newcomb Ave. & 3rd St. (BC)",37.734787,-122.389569,200,1,9,15.4229188499618,1.10423634191888,13.4004294715447,2.02222222222222,16.3761111111111,NA,NA,NA,NA,NA
"2435","Newcomb Ave. & 3rd St. (BC)",37.734787,-122.389569,200,1,10,15.9556006739414,1.06316316628801,12.7769619329093,3.17925925925926,25.52,NA,NA,NA,NA,NA
"2436","Newcomb Ave. & 3rd St. (BC)",37.734787,-122.389569,200,1,11,15.5203710635519,1.08963178175073,13.342262321017,2.17611111111111,17.3240740740741,NA,NA,NA,NA,NA
"2437","Newcomb Ave. & 3rd St. (BC)",37.734787,-122.389569,200,1,12,15.7719573015873,1.08197087937893,13.5235902608625,2.24962962962963,17.5653703703704,NA,NA,NA,NA,NA
"2438","Newcomb Ave. & 3rd St. (BC)",37.734787,-122.389569,200,1,13,15.476935692731,1.09692333651937,12.8871314627778,2.59037037037037,22.3225925925926,NA,NA,NA,NA,NA
"2439","Newcomb Ave. & 3rd St. (BC)",37.734787,-122.389569,200,1,14,15.233996005291,1.11525433154043,13.2579731308936,1.975,16.0685185185185,NA,NA,NA,NA,NA
"2440","Newcomb Ave. & 3rd St. (BC)",37.734787,-122.389569,200,1,15,15.0963844305444,1.12200496140918,12.0513408533554,3.04537037037037,25.5055555555556,NA,NA,NA,NA,NA
"2441","Newcomb Ave. & 3rd St. (BC)",37.734787,-122.389569,200,1,16,14.9412126231051,1.13486046693906,12.5470030330402,2.39314814814815,20.1351851851852,NA,NA,NA,NA,NA
"2442","Newcomb Ave. & 3rd St. (BC)",37.734787,-122.389569,200,1,17,15.0664918629908,1.1144549910169,12.0378604545455,3.02851851851852,25.932962962963,NA,NA,NA,NA,NA
"2443","Newcomb Ave. & 3rd St. (BC)",37.734787,-122.389569,200,1,18,15.69604462182,1.08421787037037,12.2457466905744,3.45166666666667,29.0596296296296,NA,NA,NA,NA,NA
"2444","Newcomb Ave. & 3rd St. (BC)",37.734787,-122.389569,200,1,19,16.4567083472106,1.02618781481481,14.2541627400878,2.20481481481481,17.5925925925926,NA,NA,NA,NA,NA
"2445","Newcomb Ave. & 3rd St. (BC)",37.734787,-122.389569,200,1,20,17.0525325514263,1.00476731535576,14.7128146778789,2.3387037037037,17.7840740740741,NA,NA,NA,NA,NA
"2446","Newcomb Ave. & 3rd St. (BC)",37.734787,-122.389569,200,1,21,17.0910297101608,1.02069658865236,15.578752039312,1.19613636363636,8.44340909090909,NA,NA,NA,NA,NA
"2447","Newcomb Ave. & 3rd St. (BC)",37.734787,-122.389569,200,1,22,17.4202748881922,1.00487583333333,16.0791087731482,1.34770833333333,9.30083333333333,NA,NA,NA,NA,NA
"2448","Newcomb Ave. & 3rd St. (BC)",37.734787,-122.389569,200,1,23,17.8670231470322,1,16.2215285978836,1.64759259259259,11.5390740740741,NA,NA,NA,NA,NA
"2449","Newcomb Ave. & 3rd St. (BC)",37.734787,-122.389569,200,2,0,16.7758175925926,1.01689307644415,16.92455875,0.2834375,2.06,60.26,56.585,0.66012,8.54,14.765
"2450","Newcomb Ave. & 3rd St. (BC)",37.734787,-122.389569,200,2,1,16.7700933333333,1.05091913318679,18.195,-1.12,-6.15,60.206,61.79,1.06469,12.8,17.04
"2451","Newcomb Ave. & 3rd St. (BC)",37.734787,-122.389569,200,2,2,16.4913414814815,1.04839378294954,15.9531050050556,0.54093023255814,3.4253488372093,58.712,65.08,1.0295,13.33,18.28
"2452","Newcomb Ave. & 3rd St. (BC)",37.734787,-122.389569,200,2,3,16.6634257407407,1.02393866707816,17.4085,-1.285,-6.69,NA,NA,NA,NA,NA
"2453","Newcomb Ave. & 3rd St. (BC)",37.734787,-122.389569,200,2,4,16.8480218518519,1.03601663458304,15.906870591133,0.780689655172414,6.99413793103448,NA,NA,NA,NA,NA
"2454","Newcomb Ave. & 3rd St. (BC)",37.734787,-122.389569,200,2,5,15.8885185185185,1.05303068933579,15.541486,0.257142857142857,1.92714285714286,NA,NA,NA,NA,NA
"2455","Newcomb Ave. & 3rd St. (BC)",37.734787,-122.389569,200,2,6,16.1306188888889,1.03498388888889,13.4543259026688,2.62632653061224,20.8875510204082,NA,NA,NA,NA,NA
"2456","Newcomb Ave. & 3rd St. (BC)",37.734787,-122.389569,200,2,7,15.0043333333333,1.14186267379673,12.7163557723892,2.28851851851852,20.4824074074074,NA,NA,NA,NA,NA
"2457","Newcomb Ave. & 3rd St. (BC)",37.734787,-122.389569,200,2,8,14.3956525925926,1.17485757869531,12.29029230726,2.10555555555556,18.8668518518519,59.657,69.145,1.492165,13.74,15.395
"2458","Newcomb Ave. & 3rd St. (BC)",37.734787,-122.389569,200,2,9,15.21773,1.11184445572299,13.4004294715447,1.81759259259259,14.7316666666667,65.102,59.035,0.877285,13.215,10.7
"2459","Newcomb Ave. & 3rd St. (BC)",37.734787,-122.389569,200,2,10,15.4498166666667,1.09388655676579,12.7769619329093,2.67222222222222,21.5390740740741,70.367,49.845,0.706205,14.78,10.075
"2460","Newcomb Ave. & 3rd St. (BC)",37.734787,-122.389569,200,2,11,15.5149194444444,1.08955750429021,13.342262321017,2.1712962962963,17.3518518518519,74.957,43.555,0.76607,15.385,9.49
"2461","Newcomb Ave. & 3rd St. (BC)",37.734787,-122.389569,200,2,12,15.7026196296296,1.08501066421277,13.5235902608625,2.17907407407407,17.0211111111111,75.9992,41.258,0.587676,8.75,8.554
"2462","Newcomb Ave. & 3rd St. (BC)",37.734787,-122.389569,200,2,13,15.363722962963,1.09662795477895,12.8871314627778,2.47611111111111,21.1166666666667,83.7455,29.34,0.3642375,8.275,7.8575
"2463","Newcomb Ave. & 3rd St. (BC)",37.734787,-122.389569,200,2,14,14.9839398148148,1.13344931656057,13.2579731308936,1.72666666666667,14.2509259259259,81.7925,36.45,0.3286975,6.7725,7.645
"2464","Newcomb Ave. & 3rd St. (BC)",37.734787,-122.389569,200,2,15,14.5578524074074,1.16344050403374,12.0513408533554,2.50722222222222,21.1781481481481,84.4565,27.9175,0.3913425,7.3525,7.795
"2465","Newcomb Ave. & 3rd St. (BC)",37.734787,-122.389569,200,2,16,14.6754562962963,1.15925868749955,12.5470030330402,2.12907407407407,17.9514814814815,78.7604,36.986,0.287568,6.304,9.818
"2466","Newcomb Ave. & 3rd St. (BC)",37.734787,-122.389569,200,2,17,15.1275481481481,1.11088212342022,12.0378604545455,3.09185185185185,26.4498148148148,72.5396,42.244,0.485666,8.284,13.088
"2467","Newcomb Ave. & 3rd St. (BC)",37.734787,-122.389569,200,2,18,15.7357507407407,1.07860553703704,12.2457466905744,3.49148148148148,29.4685185185185,65.981,52.3333333333333,0.474531666666667,7.955,14.2366666666667
"2468","Newcomb Ave. & 3rd St. (BC)",37.734787,-122.389569,200,2,19,16.248572962963,1.03682886165104,14.2541627400878,1.99518518518519,16.1555555555556,62.666,58.135,0.40754,8.17666666666667,14.3383333333333
"2469","Newcomb Ave. & 3rd St. (BC)",37.734787,-122.389569,200,2,20,16.3173424074074,1.0411241880765,14.7128146778789,1.605,12.9651851851852,63.692,53.3766666666667,0.53033,9.18333333333333,14.5766666666667
"2470","Newcomb Ave. & 3rd St. (BC)",37.734787,-122.389569,200,2,21,16.2988851851852,1.04098896565854,15.578752039312,0.800227272727273,5.83454545454545,64.562,50.625,0.860475,11.145,17.97
"2471","Newcomb Ave. & 3rd St. (BC)",37.734787,-122.389569,200,2,22,16.6102646296296,1.01651835541679,16.0791087731482,0.526041666666667,3.78395833333333,62.546,53.095,1.037975,11.615,19.22
"2472","Newcomb Ave. & 3rd St. (BC)",37.734787,-122.389569,200,2,23,16.6365461111111,1.01998894070646,16.2215285978836,0.416666666666667,3.67277777777778,61.187,54.99,0.71815,9.285,16.045
"2473","Newcomb Ave. & 3rd St. (BC)",37.734787,-122.389569,200,3,0,17.0522768518518,1.01588497262359,16.92455875,0.5946875,3.9634375,57.57575,64.41625,0.13443125,6.25875,10.85125
"2474","Newcomb Ave. & 3rd St. (BC)",37.734787,-122.389569,200,3,1,16.9961309259259,1.05866123327912,18.195,-0.8,-4.38,57.2954,67.926,0.187379,6.081,10.707
"2475","Newcomb Ave. & 3rd St. (BC)",37.734787,-122.389569,200,3,2,16.8367744444444,1.05331577329815,15.9531050050556,0.822093023255814,5.24279069767442,56.946,71.3244444444444,0.137597777777778,6.12333333333333,10.1888888888889
"2476","Newcomb Ave. & 3rd St. (BC)",37.734787,-122.389569,200,3,3,16.9103377777778,1.02215242512341,17.4085,-1.075,-5.315,56.5016,70.426,0.125164,5.884,10.332
"2477","Newcomb Ave. & 3rd St. (BC)",37.734787,-122.389569,200,3,4,16.9894564814815,1.03421200985794,15.906870591133,0.849655172413793,7.27206896551724,55.9814,71.818,0.144322,5.756,10.813
"2478","Newcomb Ave. & 3rd St. (BC)",37.734787,-122.389569,200,3,5,16.1012574074074,1.0480198916403,15.541486,0.468285714285714,3.29685714285714,56.014,73.5644444444444,0.307457777777778,6.12666666666667,11.8533333333333
"2479","Newcomb Ave. & 3rd St. (BC)",37.734787,-122.389569,200,3,6,15.7846040740741,1.05253504947004,13.4543259026688,2.29020408163265,18.3751020408163,55.5656,73.664,0.236683,5.968,12.914
"2480","Newcomb Ave. & 3rd St. (BC)",37.734787,-122.389569,200,3,7,14.771647962963,1.15306591309124,12.7163557723892,2.05481481481481,18.6,55.7636,73.626,0.325985,6.034,12.958
"2481","Newcomb Ave. & 3rd St. (BC)",37.734787,-122.389569,200,3,8,14.5552975925926,1.160921347213,12.29029230726,2.26555555555556,20.3188888888889,57.1694,72.412,0.525181,5.664,12.245
"2482","Newcomb Ave. & 3rd St. (BC)",37.734787,-122.389569,200,3,9,15.064535,1.11634070477976,13.4004294715447,1.66351851851852,13.6268518518519,62.393,64.13,1.074335,5.638,10.771
"2483","Newcomb Ave. & 3rd St. (BC)",37.734787,-122.389569,200,3,10,15.3671646296296,1.09062236119263,12.7769619329093,2.58888888888889,20.8301851851852,68.458,52.7577777777778,0.557811111111111,5.28555555555556,8.13111111111111
"2484","Newcomb Ave. & 3rd St. (BC)",37.734787,-122.389569,200,3,11,15.4638607407407,1.08953049080602,13.342262321017,2.12074074074074,16.8616666666667,72.0303636363636,46.2836363636364,0.617911818181818,5.43454545454545,7.5
"2485","Newcomb Ave. & 3rd St. (BC)",37.734787,-122.389569,200,3,12,15.4959461111111,1.09406473245083,13.5235902608625,1.97018518518519,15.4675925925926,74.7156363636364,43.1954545454545,0.512618181818182,5.41909090909091,7.27727272727273
"2486","Newcomb Ave. & 3rd St. (BC)",37.734787,-122.389569,200,3,13,15.3818851851852,1.09323531479676,12.8871314627778,2.49611111111111,21.3748148148148,76.484,41.8688888888889,0.371018888888889,5.32666666666667,6.94444444444444
"2487","Newcomb Ave. & 3rd St. (BC)",37.734787,-122.389569,200,3,14,15.0688403703704,1.11988553944221,13.2579731308936,1.81111111111111,14.8272222222222,71.9222,44.98,0.162496,5.403,7.024
"2488","Newcomb Ave. & 3rd St. (BC)",37.734787,-122.389569,200,3,15,14.5448733333333,1.16053297885765,12.0513408533554,2.49407407407407,20.9151851851852,67.37,49.7642857142857,0.212365714285714,5.13285714285714,7.13714285714286
"2489","Newcomb Ave. & 3rd St. (BC)",37.734787,-122.389569,200,3,16,14.6278562962963,1.16469564658366,12.5470030330402,2.08074074074074,17.5187037037037,65.0048,51.174,0.122738,5.07,7.508
"2490","Newcomb Ave. & 3rd St. (BC)",37.734787,-122.389569,200,3,17,15.098582037037,1.11351479406953,12.0378604545455,3.06148148148148,26.2083333333333,66.416,53.27,0.0566066666666667,5.72,8.26333333333333
"2491","Newcomb Ave. & 3rd St. (BC)",37.734787,-122.389569,200,3,18,15.5003275925926,1.09228311111111,12.2457466905744,3.25555555555556,27.3948148148148,75.263,49.955,0.257875,4.97,11.075
"2492","Newcomb Ave. & 3rd St. (BC)",37.734787,-122.389569,200,3,19,16.2365387037037,1.04835042708312,14.2541627400878,1.98092592592593,16.1912962962963,68.348,50.42,0.108556666666667,6.51333333333333,12.87
"2493","Newcomb Ave. & 3rd St. (BC)",37.734787,-122.389569,200,3,20,16.1680011111111,1.04471140038282,14.7128146778789,1.45574074074074,11.8416666666667,64.274,55.26,0.0822175,5.27,12.79
"2494","Newcomb Ave. & 3rd St. (BC)",37.734787,-122.389569,200,3,21,16.347147962963,1.0335614197156,15.578752039312,0.690909090909091,5.14340909090909,61.142,62.2985714285714,0.100482857142857,5.62571428571429,11.4757142857143
"2495","Newcomb Ave. & 3rd St. (BC)",37.734787,-122.389569,200,3,22,16.6608753703704,1.0301662610425,16.0791087731482,0.68,4.81666666666667,60.5274285714286,64.3371428571429,0.205985714285714,5.69285714285714,11.3885714285714
"2496","Newcomb Ave. & 3rd St. (BC)",37.734787,-122.389569,200,3,23,16.8595935185185,1.01783871910421,16.2215285978836,0.637407407407407,5.20074074074074,59.837,65.74875,0.20358125,6.14625,11.37875
"2497","Newcomb Ave. & 3rd St. (BC)",37.734787,-122.389569,300,12,0,17.6676290185566,1.0034703481062,16.9903705555556,0.839166666666667,5.33625,NA,NA,NA,NA,NA
"2498","Newcomb Ave. & 3rd St. (BC)",37.734787,-122.389569,300,12,1,18.1007606948672,1,18.195,-0.68,-3.73,NA,NA,NA,NA,NA
"2499","Newcomb Ave. & 3rd St. (BC)",37.734787,-122.389569,300,12,2,17.6541251726355,1.01698474118792,16.0331141699605,1.65670454545455,10.1842045454545,NA,NA,NA,NA,NA
"2500","Newcomb Ave. & 3rd St. (BC)",37.734787,-122.389569,300,12,3,17.8319397308146,1.00584574545455,18.2510909090909,-0.147272727272727,1.13454545454545,NA,NA,NA,NA,NA
"2501","Newcomb Ave. & 3rd St. (BC)",37.734787,-122.389569,300,12,4,17.2626253229814,1.00709858181818,15.6846087087912,1.13211538461538,9.08538461538462,NA,NA,NA,NA,NA
"2502","Newcomb Ave. & 3rd St. (BC)",37.734787,-122.389569,300,12,5,17.5001080251837,1.01761062355148,15.4708792929293,2.62363636363636,18.300303030303,NA,NA,NA,NA,NA
"2503","Newcomb Ave. & 3rd St. (BC)",37.734787,-122.389569,300,12,6,16.4913271737661,1.02391347272727,13.4914242386185,2.93877551020408,23.3190816326531,NA,NA,NA,NA,NA
"2504","Newcomb Ave. & 3rd St. (BC)",37.734787,-122.389569,300,12,7,15.5867388391949,1.09260592727273,12.7642326909471,2.82209090909091,24.6452727272727,NA,NA,NA,NA,NA
"2505","Newcomb Ave. & 3rd St. (BC)",37.734787,-122.389569,300,12,8,14.7668666192258,1.16018081339061,12.0897987603827,2.67581818181818,24.1981818181818,NA,NA,NA,NA,NA
"2506","Newcomb Ave. & 3rd St. (BC)",37.734787,-122.389569,300,12,9,15.3685528134455,1.10496218545551,13.359257113082,2.00881818181818,16.201,NA,NA,NA,NA,NA
"2507","Newcomb Ave. & 3rd St. (BC)",37.734787,-122.389569,300,12,10,16.0089587017914,1.05674905454545,12.8082738519539,3.20081818181818,25.6391818181818,NA,NA,NA,NA,NA
"2508","Newcomb Ave. & 3rd St. (BC)",37.734787,-122.389569,300,12,11,15.863847499383,1.0735696734803,13.5225684017096,2.34072727272727,18.168,NA,NA,NA,NA,NA
"2509","Newcomb Ave. & 3rd St. (BC)",37.734787,-122.389569,300,12,12,16.1629966976542,1.0533274465755,13.5922491120745,2.56881818181818,19.6231818181818,NA,NA,NA,NA,NA
"2510","Newcomb Ave. & 3rd St. (BC)",37.734787,-122.389569,300,12,13,15.7155212307692,1.07398857272727,13.0438596188235,2.67172727272727,22.3958181818182,NA,NA,NA,NA,NA
"2511","Newcomb Ave. & 3rd St. (BC)",37.734787,-122.389569,300,12,14,15.5075516745181,1.11209609474183,13.2733809350931,2.23390909090909,17.892,NA,NA,NA,NA,NA
"2512","Newcomb Ave. & 3rd St. (BC)",37.734787,-122.389569,300,12,15,14.8989341505575,1.14251927380788,12.116788022664,2.783,23.501,NA,NA,NA,NA,NA
"2513","Newcomb Ave. & 3rd St. (BC)",37.734787,-122.389569,300,12,16,14.8837140308366,1.1442321,12.4656958330935,2.41781818181818,20.5978181818182,NA,NA,NA,NA,NA
"2514","Newcomb Ave. & 3rd St. (BC)",37.734787,-122.389569,300,12,17,14.9848461440208,1.12252878731747,12.0794613581267,2.90581818181818,24.9561818181818,NA,NA,NA,NA,NA
"2515","Newcomb Ave. & 3rd St. (BC)",37.734787,-122.389569,300,12,18,15.8943248196453,1.07092586363636,12.3180800970219,3.57727272727273,29.9834545454545,NA,NA,NA,NA,NA
"2516","Newcomb Ave. & 3rd St. (BC)",37.734787,-122.389569,300,12,19,16.6871319003059,1.02411068181818,14.2389089256022,2.44890909090909,19.4386363636364,NA,NA,NA,NA,NA
"2517","Newcomb Ave. & 3rd St. (BC)",37.734787,-122.389569,300,12,20,16.8593413194645,1.02135967714086,14.686295716896,2.17318181818182,16.2326363636364,NA,NA,NA,NA,NA
"2518","Newcomb Ave. & 3rd St. (BC)",37.734787,-122.389569,300,12,21,17.3660083890871,1.01215303636364,15.670814958959,1.58933333333333,11.0602222222222,NA,NA,NA,NA,NA
"2519","Newcomb Ave. & 3rd St. (BC)",37.734787,-122.389569,300,12,22,17.6397106754118,1.00091363636364,16.0576538481482,1.5666,10.5964,NA,NA,NA,NA,NA
"2520","Newcomb Ave. & 3rd St. (BC)",37.734787,-122.389569,300,12,23,17.8476072570653,1.00140953285237,16.3351737792208,1.51381818181818,10.5984545454545,NA,NA,NA,NA,NA
"2521","Newcomb Ave. & 3rd St. (BC)",37.734787,-122.389569,300,1,0,17.5720663827012,1.00723182022056,16.9903705555556,0.978472222222222,6.15236111111111,NA,NA,NA,NA,NA
"2522","Newcomb Ave. & 3rd St. (BC)",37.734787,-122.389569,300,1,1,18.1950687122302,1.00149533979084,18.195,-1.23,-6.79,NA,NA,NA,NA,NA
"2523","Newcomb Ave. & 3rd St. (BC)",37.734787,-122.389569,300,1,2,18.1679642240437,1,16.0331141699605,2.08761363636364,12.9330681818182,NA,NA,NA,NA,NA
"2524","Newcomb Ave. & 3rd St. (BC)",37.734787,-122.389569,300,1,3,18.2640339215768,1,18.2510909090909,0.0318181818181817,1.71727272727273,NA,NA,NA,NA,NA
"2525","Newcomb Ave. & 3rd St. (BC)",37.734787,-122.389569,300,1,4,17.932472996766,1,15.6846087087912,1.16365384615385,9.26769230769231,NA,NA,NA,NA,NA
"2526","Newcomb Ave. & 3rd St. (BC)",37.734787,-122.389569,300,1,5,17.4391626865204,1.0154386528407,15.4708792929293,1.90757575757576,13.0971212121212,NA,NA,NA,NA,NA
"2527","Newcomb Ave. & 3rd St. (BC)",37.734787,-122.389569,300,1,6,16.3720451556157,1.03716685140775,13.4914242386185,2.82673469387755,22.7965306122449,NA,NA,NA,NA,NA
"2528","Newcomb Ave. & 3rd St. (BC)",37.734787,-122.389569,300,1,7,15.2636739308237,1.12746834678928,12.7642326909471,2.49872727272727,21.777,NA,NA,NA,NA,NA
"2529","Newcomb Ave. & 3rd St. (BC)",37.734787,-122.389569,300,1,8,14.6145802183623,1.17557612196315,12.0897987603827,2.52372727272727,22.908,NA,NA,NA,NA,NA
"2530","Newcomb Ave. & 3rd St. (BC)",37.734787,-122.389569,300,1,9,15.3752886260908,1.11307055853969,13.359257113082,2.01563636363636,16.4680909090909,NA,NA,NA,NA,NA
"2531","Newcomb Ave. & 3rd St. (BC)",37.734787,-122.389569,300,1,10,15.9916791348934,1.06538541787201,12.8082738519539,3.18418181818182,25.5581818181818,NA,NA,NA,NA,NA
"2532","Newcomb Ave. & 3rd St. (BC)",37.734787,-122.389569,300,1,11,15.6085494088994,1.08840197597787,13.5225684017096,2.08463636363636,16.2566363636364,NA,NA,NA,NA,NA
"2533","Newcomb Ave. & 3rd St. (BC)",37.734787,-122.389569,300,1,12,15.8025580779221,1.0834119679767,13.5922491120745,2.21163636363636,17.0659090909091,NA,NA,NA,NA,NA
"2534","Newcomb Ave. & 3rd St. (BC)",37.734787,-122.389569,300,1,13,15.5996949044422,1.09252076321282,13.0438596188235,2.557,21.8069090909091,NA,NA,NA,NA,NA
"2535","Newcomb Ave. & 3rd St. (BC)",37.734787,-122.389569,300,1,14,15.2532489480519,1.1176142167149,13.2733809350931,1.97890909090909,15.8644545454545,NA,NA,NA,NA,NA
"2536","Newcomb Ave. & 3rd St. (BC)",37.734787,-122.389569,300,1,15,15.0890931228263,1.13174242297115,12.116788022664,2.97309090909091,24.8911818181818,NA,NA,NA,NA,NA
"2537","Newcomb Ave. & 3rd St. (BC)",37.734787,-122.389569,300,1,16,14.9174517089475,1.14355663305606,12.4656958330935,2.45109090909091,20.8109090909091,NA,NA,NA,NA,NA
"2538","Newcomb Ave. & 3rd St. (BC)",37.734787,-122.389569,300,1,17,14.9594590827068,1.13267748199894,12.0794613581267,2.87936363636364,24.6927272727273,NA,NA,NA,NA,NA
"2539","Newcomb Ave. & 3rd St. (BC)",37.734787,-122.389569,300,1,18,15.6967746528969,1.08719530909091,12.3180800970219,3.37972727272727,28.3417272727273,NA,NA,NA,NA,NA
"2540","Newcomb Ave. & 3rd St. (BC)",37.734787,-122.389569,300,1,19,16.5418036378712,1.02772144545455,14.2389089256022,2.30509090909091,18.3476363636364,NA,NA,NA,NA,NA
"2541","Newcomb Ave. & 3rd St. (BC)",37.734787,-122.389569,300,1,20,17.3072529043263,1.00341808226077,14.686295716896,2.62009090909091,19.284,NA,NA,NA,NA,NA
"2542","Newcomb Ave. & 3rd St. (BC)",37.734787,-122.389569,300,1,21,17.3732915207581,1.01569623313981,15.670814958959,1.45611111111111,9.93111111111111,NA,NA,NA,NA,NA
"2543","Newcomb Ave. & 3rd St. (BC)",37.734787,-122.389569,300,1,22,17.7117842169786,1.00368897272727,16.0576538481482,1.6881,11.3858,NA,NA,NA,NA,NA
"2544","Newcomb Ave. & 3rd St. (BC)",37.734787,-122.389569,300,1,23,18.2282032594577,1,16.3351737792208,1.89509090909091,12.8194545454545,NA,NA,NA,NA,NA
"2545","Newcomb Ave. & 3rd St. (BC)",37.734787,-122.389569,300,2,0,16.9620165151515,1.01445750799976,16.9903705555556,0.330138888888889,2.34611111111111,60.26,56.585,0.66012,8.54,14.765
"2546","Newcomb Ave. & 3rd St. (BC)",37.734787,-122.389569,300,2,1,16.9507452121212,1.04657758774209,18.195,-1.12,-6.15,60.206,61.79,1.06469,12.8,17.04
"2547","Newcomb Ave. & 3rd St. (BC)",37.734787,-122.389569,300,2,2,16.7580706969697,1.04329797804032,16.0331141699605,0.773068181818182,4.94170454545455,58.712,65.08,1.0295,13.33,18.28
"2548","Newcomb Ave. & 3rd St. (BC)",37.734787,-122.389569,300,2,3,16.9376208484848,1.0210100303903,18.2510909090909,-1.52090909090909,-7.72363636363636,NA,NA,NA,NA,NA
"2549","Newcomb Ave. & 3rd St. (BC)",37.734787,-122.389569,300,2,4,17.0522514848485,1.03605906485041,15.6846087087912,1.42596153846154,10.8125,NA,NA,NA,NA,NA
"2550","Newcomb Ave. & 3rd St. (BC)",37.734787,-122.389569,300,2,5,16.1421524242424,1.04764463831224,15.4708792929293,0.786666666666667,5.59075757575758,NA,NA,NA,NA,NA
"2551","Newcomb Ave. & 3rd St. (BC)",37.734787,-122.389569,300,2,6,16.2037350606061,1.03778733636364,13.4914242386185,2.66132653061225,21.1736734693878,NA,NA,NA,NA,NA
"2552","Newcomb Ave. & 3rd St. (BC)",37.734787,-122.389569,300,2,7,14.9393837272727,1.15311130583369,12.7642326909471,2.17563636363636,19.3292727272727,NA,NA,NA,NA,NA
"2553","Newcomb Ave. & 3rd St. (BC)",37.734787,-122.389569,300,2,8,14.2879317878788,1.19025936741738,12.0897987603827,2.19809090909091,20.0262727272727,59.657,69.145,1.492165,13.74,15.395
"2554","Newcomb Ave. & 3rd St. (BC)",37.734787,-122.389569,300,2,9,15.1504977575758,1.12669761528851,13.359257113082,1.79163636363636,14.6474545454545,65.102,59.035,0.877285,13.215,10.7
"2555","Newcomb Ave. & 3rd St. (BC)",37.734787,-122.389569,300,2,10,15.4787464545454,1.09948098280838,12.8082738519539,2.66990909090909,21.5216363636364,70.367,49.845,0.706205,14.78,10.075
"2556","Newcomb Ave. & 3rd St. (BC)",37.734787,-122.389569,300,2,11,15.531453,1.09403546108593,13.5225684017096,2.00736363636364,15.7133636363636,74.957,43.555,0.76607,15.385,9.49
"2557","Newcomb Ave. & 3rd St. (BC)",37.734787,-122.389569,300,2,12,15.7174616060606,1.09061546465893,13.5922491120745,2.12554545454545,16.4273636363636,75.9992,41.258,0.587676,8.75,8.554
"2558","Newcomb Ave. & 3rd St. (BC)",37.734787,-122.389569,300,2,13,15.4052991515152,1.10251452663732,13.0438596188235,2.36109090909091,19.9706363636364,83.7455,29.34,0.3642375,8.275,7.8575
"2559","Newcomb Ave. & 3rd St. (BC)",37.734787,-122.389569,300,2,14,15.0087984848485,1.13787622567077,13.2733809350931,1.736,14.0948181818182,81.7925,36.45,0.3286975,6.7725,7.645
"2560","Newcomb Ave. & 3rd St. (BC)",37.734787,-122.389569,300,2,15,14.5624105454545,1.16937299105125,12.116788022664,2.44581818181818,20.7681818181818,84.4565,27.9175,0.3913425,7.3525,7.795
"2561","Newcomb Ave. & 3rd St. (BC)",37.734787,-122.389569,300,2,16,14.6340688181818,1.17143269619062,12.4656958330935,2.16854545454545,18.4437272727273,78.7604,36.986,0.287568,6.304,9.818
"2562","Newcomb Ave. & 3rd St. (BC)",37.734787,-122.389569,300,2,17,14.9808916060606,1.13408708381445,12.0794613581267,2.90327272727273,24.8710909090909,72.5396,42.244,0.485666,8.284,13.088
"2563","Newcomb Ave. & 3rd St. (BC)",37.734787,-122.389569,300,2,18,15.6941889393939,1.08463150909091,12.3180800970219,3.37727272727273,28.446,65.981,52.3333333333333,0.474531666666667,7.955,14.2366666666667
"2564","Newcomb Ave. & 3rd St. (BC)",37.734787,-122.389569,300,2,19,16.3275557272727,1.03726646256298,14.2389089256022,2.08972727272727,16.8900909090909,62.666,58.135,0.40754,8.17666666666667,14.3383333333333
"2565","Newcomb Ave. & 3rd St. (BC)",37.734787,-122.389569,300,2,20,16.5600853030303,1.03447355994138,14.686295716896,1.87436363636364,14.3741818181818,63.692,53.3766666666667,0.53033,9.18333333333333,14.5766666666667
"2566","Newcomb Ave. & 3rd St. (BC)",37.734787,-122.389569,300,2,21,16.511975,1.0364675294782,15.670814958959,0.966777777777778,6.772,64.562,50.625,0.860475,11.145,17.97
"2567","Newcomb Ave. & 3rd St. (BC)",37.734787,-122.389569,300,2,22,16.8571662121212,1.01594158898288,16.0576538481482,0.8195,5.5927,62.546,53.095,1.037975,11.615,19.22
"2568","Newcomb Ave. & 3rd St. (BC)",37.734787,-122.389569,300,2,23,16.9147911515152,1.01842568616739,16.3351737792208,0.581545454545455,4.48972727272727,61.187,54.99,0.71815,9.285,16.045
"2569","Newcomb Ave. & 3rd St. (BC)",37.734787,-122.389569,300,3,0,17.2582354545454,1.01391579578294,16.9903705555556,0.663888888888889,4.3775,57.57575,64.41625,0.13443125,6.25875,10.85125
"2570","Newcomb Ave. & 3rd St. (BC)",37.734787,-122.389569,300,3,1,17.2264696060606,1.05358629789952,18.195,-0.8,-4.38,57.2954,67.926,0.187379,6.081,10.707
"2571","Newcomb Ave. & 3rd St. (BC)",37.734787,-122.389569,300,3,2,17.0949901818182,1.04800957594313,16.0331141699605,1.03715909090909,6.64602272727273,56.946,71.3244444444444,0.137597777777778,6.12333333333333,10.1888888888889
"2572","Newcomb Ave. & 3rd St. (BC)",37.734787,-122.389569,300,3,3,17.2026182727273,1.01918671104154,18.2510909090909,-1.35454545454545,-6.66090909090909,56.5016,70.426,0.125164,5.884,10.332
"2573","Newcomb Ave. & 3rd St. (BC)",37.734787,-122.389569,300,3,4,17.2336611818182,1.03379169905341,15.6846087087912,1.54692307692308,11.4542307692308,55.9814,71.818,0.144322,5.756,10.813
"2574","Newcomb Ave. & 3rd St. (BC)",37.734787,-122.389569,300,3,5,16.3606744242424,1.04579676550435,15.4708792929293,1.01363636363636,7.11833333333333,56.014,73.5644444444444,0.307457777777778,6.12666666666667,11.8533333333333
"2575","Newcomb Ave. & 3rd St. (BC)",37.734787,-122.389569,300,3,6,15.9060067272727,1.05210270018504,13.4914242386185,2.38112244897959,19.1404081632653,55.5656,73.664,0.236683,5.968,12.914
"2576","Newcomb Ave. & 3rd St. (BC)",37.734787,-122.389569,300,3,7,14.722156969697,1.1641151016201,12.7642326909471,1.957,17.5900909090909,55.7636,73.626,0.325985,6.034,12.958
"2577","Newcomb Ave. & 3rd St. (BC)",37.734787,-122.389569,300,3,8,14.4298153333333,1.17921514468942,12.0897987603827,2.34063636363636,21.4030909090909,57.1694,72.412,0.525181,5.664,12.245
"2578","Newcomb Ave. & 3rd St. (BC)",37.734787,-122.389569,300,3,9,14.9813011818182,1.13232327057738,13.359257113082,1.62136363636364,13.3885454545455,62.393,64.13,1.074335,5.638,10.771
"2579","Newcomb Ave. & 3rd St. (BC)",37.734787,-122.389569,300,3,10,15.4222959393939,1.09362789249094,12.8082738519539,2.61281818181818,21.0049090909091,68.458,52.7577777777778,0.557811111111111,5.28555555555556,8.13111111111111
"2580","Newcomb Ave. & 3rd St. (BC)",37.734787,-122.389569,300,3,11,15.4676134242424,1.09908770459886,13.5225684017096,1.94463636363636,15.1376363636364,72.0303636363636,46.2836363636364,0.617911818181818,5.43454545454545,7.5
"2581","Newcomb Ave. & 3rd St. (BC)",37.734787,-122.389569,300,3,12,15.5450993030303,1.09438476594462,13.5922491120745,1.95081818181818,15.1464545454545,74.7156363636364,43.1954545454545,0.512618181818182,5.41909090909091,7.27727272727273
"2582","Newcomb Ave. & 3rd St. (BC)",37.734787,-122.389569,300,3,13,15.405479,1.09792826059129,13.0438596188235,2.36263636363636,20.1580909090909,76.484,41.8688888888889,0.371018888888889,5.32666666666667,6.94444444444444
"2583","Newcomb Ave. & 3rd St. (BC)",37.734787,-122.389569,300,3,14,15.054877969697,1.12899942550539,13.2733809350931,1.78209090909091,14.3861818181818,71.9222,44.98,0.162496,5.403,7.024
"2584","Newcomb Ave. & 3rd St. (BC)",37.734787,-122.389569,300,3,15,14.5573312121212,1.16461790693078,12.116788022664,2.44109090909091,20.4952727272727,67.37,49.7642857142857,0.212365714285714,5.13285714285714,7.13714285714286
"2585","Newcomb Ave. & 3rd St. (BC)",37.734787,-122.389569,300,3,16,14.5263616060606,1.18109087767391,12.4656958330935,2.06018181818182,17.4605454545455,65.0048,51.174,0.122738,5.07,7.508
"2586","Newcomb Ave. & 3rd St. (BC)",37.734787,-122.389569,300,3,17,14.9632564545455,1.13617414666295,12.0794613581267,2.88436363636364,24.7238181818182,66.416,53.27,0.0566066666666667,5.72,8.26333333333333
"2587","Newcomb Ave. & 3rd St. (BC)",37.734787,-122.389569,300,3,18,15.4665636666667,1.10057724545455,12.3180800970219,3.14963636363636,26.3952727272727,75.263,49.955,0.257875,4.97,11.075
"2588","Newcomb Ave. & 3rd St. (BC)",37.734787,-122.389569,300,3,19,16.4108242424242,1.04261201609831,14.2389089256022,2.17054545454545,17.5996363636364,68.348,50.42,0.108556666666667,6.51333333333333,12.87
"2589","Newcomb Ave. & 3rd St. (BC)",37.734787,-122.389569,300,3,20,16.4220740909091,1.03801849790232,14.686295716896,1.737,13.3619090909091,64.274,55.26,0.0822175,5.27,12.79
"2590","Newcomb Ave. & 3rd St. (BC)",37.734787,-122.389569,300,3,21,16.6386025151515,1.02626433680487,15.670814958959,0.955777777777778,6.73188888888889,61.142,62.2985714285714,0.100482857142857,5.62571428571429,11.4757142857143
"2591","Newcomb Ave. & 3rd St. (BC)",37.734787,-122.389569,300,3,22,16.9521996060606,1.02611505642915,16.0576538481482,1.0022,6.8178,60.5274285714286,64.3371428571429,0.205985714285714,5.69285714285714,11.3885714285714
"2592","Newcomb Ave. & 3rd St. (BC)",37.734787,-122.389569,300,3,23,17.0877486666667,1.01763060653981,16.3351737792208,0.752,5.65727272727273,59.837,65.74875,0.20358125,6.14625,11.37875
"2593","Broadway St. & Stockton St. (BC)",37.797211,-122.409109,100,12,0,11.8290915400558,1.11725273067744,10.5445284503564,1.28697674418605,13.1146511627907,NA,NA,NA,NA,NA
"2594","Broadway St. & Stockton St. (BC)",37.797211,-122.409109,100,12,1,12.7438646447837,1.00368934195241,13.4211244003056,1.82470588235294,11.0758823529412,NA,NA,NA,NA,NA
"2595","Broadway St. & Stockton St. (BC)",37.797211,-122.409109,100,12,2,12.5023093855003,1.02545639534884,13.0003595918367,0.0594285714285715,8.52942857142857,NA,NA,NA,NA,NA
"2596","Broadway St. & Stockton St. (BC)",37.797211,-122.409109,100,12,3,12.4174203062178,1.0349846744186,14.7535646367521,0.81875,10.046875,NA,NA,NA,NA,NA
"2597","Broadway St. & Stockton St. (BC)",37.797211,-122.409109,100,12,4,12.879669235795,1.04125662790698,12.0072219795643,1.62,20.14,NA,NA,NA,NA,NA
"2598","Broadway St. & Stockton St. (BC)",37.797211,-122.409109,100,12,5,12.1784433655022,1.09897341860465,12.9377185582351,1.36214285714286,9.16285714285714,NA,NA,NA,NA,NA
"2599","Broadway St. & Stockton St. (BC)",37.797211,-122.409109,100,12,6,11.6073907118697,1.15269295348837,9.80118695205841,1.80604651162791,18.7437209302326,NA,NA,NA,NA,NA
"2600","Broadway St. & Stockton St. (BC)",37.797211,-122.409109,100,12,7,10.4980815792475,1.22773756309569,8.11445323582702,2.38255813953488,31.4604651162791,NA,NA,NA,NA,NA
"2601","Broadway St. & Stockton St. (BC)",37.797211,-122.409109,100,12,8,10.0192571985689,1.30423543583138,6.708848517165,3.31,52.1823255813954,NA,NA,NA,NA,NA
"2602","Broadway St. & Stockton St. (BC)",37.797211,-122.409109,100,12,9,10.0617140118506,1.32035711388889,6.42236469290399,3.6393023255814,59.2372093023256,NA,NA,NA,NA,NA
"2603","Broadway St. & Stockton St. (BC)",37.797211,-122.409109,100,12,10,10.1453993076923,1.28293828729622,7.1388098223795,3.00651162790698,45.2255813953488,NA,NA,NA,NA,NA
"2604","Broadway St. & Stockton St. (BC)",37.797211,-122.409109,100,12,11,10.403666627907,1.2324414006827,7.73588932341806,2.66697674418605,40.9525581395349,NA,NA,NA,NA,NA
"2605","Broadway St. & Stockton St. (BC)",37.797211,-122.409109,100,12,12,10.4352259570662,1.22070643029038,7.27868948510887,3.15511627906977,54.7797674418605,NA,NA,NA,NA,NA
"2606","Broadway St. & Stockton St. (BC)",37.797211,-122.409109,100,12,13,10.321743234347,1.24170455778708,7.31219878184046,3.00906976744186,49.9818604651163,NA,NA,NA,NA,NA
"2607","Broadway St. & Stockton St. (BC)",37.797211,-122.409109,100,12,14,10.1715634364937,1.27220135431878,7.90038617477096,2.27232558139535,35.7913953488372,NA,NA,NA,NA,NA
"2608","Broadway St. & Stockton St. (BC)",37.797211,-122.409109,100,12,15,9.97341145974955,1.26402223130057,7.33779861332282,2.63232558139535,44.4,NA,NA,NA,NA,NA
"2609","Broadway St. & Stockton St. (BC)",37.797211,-122.409109,100,12,16,9.73658676744186,1.28422645178563,7.00940996472433,2.72837209302326,48.8955813953488,NA,NA,NA,NA,NA
"2610","Broadway St. & Stockton St. (BC)",37.797211,-122.409109,100,12,17,9.70290696422183,1.27226348124343,6.85573761607508,2.8446511627907,52.3241860465116,NA,NA,NA,NA,NA
"2611","Broadway St. & Stockton St. (BC)",37.797211,-122.409109,100,12,18,10.4180447674419,1.22396275011647,6.59354093023256,3.8246511627907,71.9558139534884,NA,NA,NA,NA,NA
"2612","Broadway St. & Stockton St. (BC)",37.797211,-122.409109,100,12,19,11.2203200894454,1.14883295876441,7.86888564341085,3.34953488372093,49.7593023255814,NA,NA,NA,NA,NA
"2613","Broadway St. & Stockton St. (BC)",37.797211,-122.409109,100,12,20,11.3648456453823,1.12852570878612,8.89182441266305,2.47209302325581,34.3467441860465,NA,NA,NA,NA,NA
"2614","Broadway St. & Stockton St. (BC)",37.797211,-122.409109,100,12,21,11.4470369861397,1.11636496955029,9.81191403683429,1.63697674418605,19.4095348837209,NA,NA,NA,NA,NA
"2615","Broadway St. & Stockton St. (BC)",37.797211,-122.409109,100,12,22,11.8634354094975,1.08509791380209,10.2047579071844,1.65813953488372,16.9209302325581,NA,NA,NA,NA,NA
"2616","Broadway St. & Stockton St. (BC)",37.797211,-122.409109,100,12,23,12.1755011740054,1.04374664057083,11.1776078093714,0.994651162790698,8.20162790697674,NA,NA,NA,NA,NA
"2617","Broadway St. & Stockton St. (BC)",37.797211,-122.409109,100,1,0,12.294009149638,1.07133422322372,10.5445284503564,1.74720930232558,18.5202325581395,53.402,55.43,0.383181428571429,NA,6.20857142857143
"2618","Broadway St. & Stockton St. (BC)",37.797211,-122.409109,100,1,1,12.9545780926321,1.00306316937655,13.4211244003056,2.28764705882353,16.2547058823529,53.4688571428571,55.7271428571429,0.328262857142857,NA,5.94571428571429
"2619","Broadway St. & Stockton St. (BC)",37.797211,-122.409109,100,1,2,12.3417316108436,1.08556034883721,13.0003595918367,-0.140571428571428,7.44685714285714,53.096,56.8157142857143,0.376675714285714,NA,6.98142857142857
"2620","Broadway St. & Stockton St. (BC)",37.797211,-122.409109,100,1,3,11.9579888342002,1.04702269767442,14.7535646367521,0.148125,6.781875,52.8517142857143,56.7228571428571,0.459422857142857,NA,6.54857142857143
"2621","Broadway St. & Stockton St. (BC)",37.797211,-122.409109,100,1,4,13.1771397964148,1.04157825581395,12.0072219795643,1.77771428571429,20.4722857142857,52.3271428571429,58.0457142857143,0.605207142857143,NA,8.04285714285714
"2622","Broadway St. & Stockton St. (BC)",37.797211,-122.409109,100,1,5,12.9556713675723,1.02044848837209,12.9377185582351,1.76821428571429,12.9932142857143,52.2114285714286,57.8242857142857,0.592744285714286,NA,7.41
"2623","Broadway St. & Stockton St. (BC)",37.797211,-122.409109,100,1,6,11.5537832997353,1.17086660465116,9.80118695205841,1.75511627906977,19.2625581395349,52.0957142857143,57.8957142857143,0.590341428571429,NA,7.05
"2624","Broadway St. & Stockton St. (BC)",37.797211,-122.409109,100,1,7,10.1587060265126,1.26986106698099,8.11445323582702,2.04651162790698,28.3532558139535,52.0854285714286,57.7657142857143,0.690525714285714,NA,6.85285714285714
"2625","Broadway St. & Stockton St. (BC)",37.797211,-122.409109,100,1,8,9.64284350048998,1.35794704948071,6.708848517165,2.93511627906977,47.4102325581395,54.0217142857143,56.4114285714286,0.988957142857143,NA,7.19428571428571
"2626","Broadway St. & Stockton St. (BC)",37.797211,-122.409109,100,1,9,9.7966863563484,1.3174056644457,6.42236469290399,3.37441860465116,56.4558139534884,57.0405714285714,54.0328571428571,0.690291428571429,NA,7.10714285714286
"2627","Broadway St. & Stockton St. (BC)",37.797211,-122.409109,100,1,10,10.0580180784814,1.27744563492707,7.1388098223795,2.92046511627907,44.4827906976744,58.9485714285714,51.8071428571429,0.504312857142857,NA,6.60571428571429
"2628","Broadway St. & Stockton St. (BC)",37.797211,-122.409109,100,1,11,10.1242541495017,1.26734708640284,7.73588932341806,2.38883720930233,37.0872093023256,60.923,52.195,0.504695,NA,6.95166666666667
"2629","Broadway St. & Stockton St. (BC)",37.797211,-122.409109,100,1,12,10.0769191328904,1.24551570056575,7.27868948510887,2.79906976744186,49.1923255813954,63.4768571428571,46.7014285714286,0.355471428571429,NA,6.48
"2630","Broadway St. & Stockton St. (BC)",37.797211,-122.409109,100,1,13,10.0004794883721,1.2636948063982,7.31219878184046,2.69023255813953,44.7781395348837,63.437,44.575,0.3136375,NA,6.61375
"2631","Broadway St. & Stockton St. (BC)",37.797211,-122.409109,100,1,14,10.2705664983389,1.24091145858434,7.90038617477096,2.37139534883721,38.2183720930233,61.09925,46.25125,0.40746875,NA,7.1425
"2632","Broadway St. & Stockton St. (BC)",37.797211,-122.409109,100,1,15,9.74973759136213,1.29516578031124,7.33779861332282,2.40767441860465,41.0695348837209,59.74025,47.80125,0.38254875,NA,7.9075
"2633","Broadway St. & Stockton St. (BC)",37.797211,-122.409109,100,1,16,9.79788703654485,1.26937852777729,7.00940996472433,2.78883720930233,50.4644186046512,58.63775,49.0575,0.425795,NA,7.7875
"2634","Broadway St. & Stockton St. (BC)",37.797211,-122.409109,100,1,17,9.89848607973422,1.25823047033509,6.85573761607508,3.04139534883721,54.7516279069767,57.3575,52.18875,0.49507125,NA,9.26125
"2635","Broadway St. & Stockton St. (BC)",37.797211,-122.409109,100,1,18,10.3611509966777,1.22384268454907,6.59354093023256,3.76744186046512,71.0060465116279,56.084,54.55125,0.60146625,NA,9.0025
"2636","Broadway St. & Stockton St. (BC)",37.797211,-122.409109,100,1,19,11.1953562956811,1.14095054295818,7.86888564341085,3.32674418604651,50.0779069767442,55.13225,55.76,0.59473,NA,8.04875
"2637","Broadway St. & Stockton St. (BC)",37.797211,-122.409109,100,1,20,11.548381627907,1.11714827949783,8.89182441266305,2.6546511627907,36.6448837209302,54.40325,56.59125,0.6661025,NA,7.11625
"2638","Broadway St. & Stockton St. (BC)",37.797211,-122.409109,100,1,21,11.9541201909248,1.09072600720303,9.81191403683429,2.14302325581395,24.0813953488372,53.9105,57.02375,0.555005,NA,7.065
"2639","Broadway St. & Stockton St. (BC)",37.797211,-122.409109,100,1,22,12.1622784568621,1.07624232879659,10.2047579071844,1.95813953488372,19.6539534883721,54.02075,56.6875,0.44710125,NA,6.23375
"2640","Broadway St. & Stockton St. (BC)",37.797211,-122.409109,100,1,23,12.554407469786,1.04530018280989,11.1776078093714,1.37697674418605,11.9962790697674,54.05675,57.95875,0.4257125,NA,7.04875
"2641","Broadway St. & Stockton St. (BC)",37.797211,-122.409109,100,2,0,12.1883487209302,1.05123781677162,10.5445284503564,1.64441860465116,17.2925581395349,55.1962142857143,66.9553571428571,0.350446071428571,NA,6.81178571428571
"2642","Broadway St. & Stockton St. (BC)",37.797211,-122.409109,100,2,1,12.1785172868217,1.01154146661665,13.4211244003056,1.67176470588235,11.6652941176471,54.7616428571429,67.7914285714286,0.355378928571429,NA,6.53
"2643","Broadway St. & Stockton St. (BC)",37.797211,-122.409109,100,2,2,11.8179060310078,1.03683989992901,13.0003595918367,-0.424571428571428,7.31285714285714,54.3534285714286,68.3932142857143,0.360153214285714,NA,6.70892857142857
"2644","Broadway St. & Stockton St. (BC)",37.797211,-122.409109,100,2,3,11.6497868217054,1.03739188899622,14.7535646367521,-1.158125,-3.4075,54.0493333333333,67.9274074074074,0.353118518518518,NA,6.20444444444444
"2645","Broadway St. & Stockton St. (BC)",37.797211,-122.409109,100,2,4,12.4225047054264,1.02279741860465,12.0072219795643,1.19171428571429,17.0262857142857,53.8193333333333,68.817037037037,0.435845185185185,NA,6.53888888888889
"2646","Broadway St. & Stockton St. (BC)",37.797211,-122.409109,100,2,5,12.6419243643411,1.03676953488372,12.9377185582351,1.26357142857143,8.05107142857143,53.6938571428571,69.0835714285714,0.527793571428571,NA,6.77035714285714
"2647","Broadway St. & Stockton St. (BC)",37.797211,-122.409109,100,2,6,11.3359846124031,1.15197739964784,9.80118695205841,1.53139534883721,17.2558139534884,53.4965,69.6014285714286,0.415976428571429,NA,7.26357142857143
"2648","Broadway St. & Stockton St. (BC)",37.797211,-122.409109,100,2,7,10.3263855426357,1.23586949544821,8.11445323582702,2.21441860465116,32.4251162790698,53.7176428571429,69.9221428571429,0.613388214285714,NA,7.85035714285714
"2649","Broadway St. & Stockton St. (BC)",37.797211,-122.409109,100,2,8,9.26305126356589,1.38493637652813,6.708848517165,2.55651162790698,42.1423255813953,56.5076428571429,67.7178571428571,0.639528928571429,NA,7.36857142857143
"2650","Broadway St. & Stockton St. (BC)",37.797211,-122.409109,100,2,9,9.39059209302326,1.39834834001458,6.42236469290399,2.96837209302326,50.7523255813953,59.864,64.1773913043478,0.556903043478261,NA,6.35739130434783
"2651","Broadway St. & Stockton St. (BC)",37.797211,-122.409109,100,2,10,10.112982248062,1.29522683726521,7.1388098223795,2.9746511627907,43.8197674418605,62.50625,60.8541666666667,0.367805416666667,NA,6.89666666666667
"2652","Broadway St. & Stockton St. (BC)",37.797211,-122.409109,100,2,11,9.90922293023256,1.31458639887349,7.73588932341806,2.17348837209302,33.9523255813953,64.7460909090909,57.1604545454545,0.455541818181818,NA,6.79909090909091
"2653","Broadway St. & Stockton St. (BC)",37.797211,-122.409109,100,2,12,10.3668206589147,1.23734687153148,7.27868948510887,3.09,52.806976744186,66.1263636363636,56.0854545454545,0.409558181818182,NA,7.02545454545455
"2654","Broadway St. & Stockton St. (BC)",37.797211,-122.409109,100,2,13,10.2146152713178,1.26692100093764,7.31219878184046,2.90441860465116,47.2681395348837,67.1222857142857,51.9233333333333,2.77171095238095,NA,6.88619047619048
"2655","Broadway St. & Stockton St. (BC)",37.797211,-122.409109,100,2,14,9.86398058139535,1.2907149197782,7.90038617477096,1.96441860465116,31.3281395348837,65.46992,51.4024,0.2670484,NA,8.7872
"2656","Broadway St. & Stockton St. (BC)",37.797211,-122.409109,100,2,15,10.0499476511628,1.24558061260564,7.33779861332282,2.71116279069767,45.9574418604651,63.7253333333333,55.5603703703704,0.28021,NA,9.78851851851852
"2657","Broadway St. & Stockton St. (BC)",37.797211,-122.409109,100,2,16,9.61350178294574,1.31003979908618,7.00940996472433,2.60255813953488,46.9797674418605,62.8593333333333,56.1881481481482,0.292896296296296,NA,9.98
"2658","Broadway St. & Stockton St. (BC)",37.797211,-122.409109,100,2,17,9.66380035658914,1.30060266366675,6.85573761607508,2.80674418604651,50.0411627906977,61.1227142857143,59.0010714285714,0.378685357142857,NA,10.5942857142857
"2659","Broadway St. & Stockton St. (BC)",37.797211,-122.409109,100,2,18,10.3627988372093,1.23835236398759,6.59354093023256,3.76720930232558,70.6913953488372,59.6345,61.2178571428571,0.429188571428571,NA,10.2603571428571
"2660","Broadway St. & Stockton St. (BC)",37.797211,-122.409109,100,2,19,10.8661994186047,1.17921802652649,7.86888564341085,2.9953488372093,44.5323255813953,58.6046428571429,62.6089285714286,0.473901428571429,NA,9.51357142857143
"2661","Broadway St. & Stockton St. (BC)",37.797211,-122.409109,100,2,20,11.0698076356589,1.13631451494793,8.89182441266305,2.17813953488372,30.2074418604651,57.9066666666667,64.0455555555556,0.46456962962963,NA,8.84407407407407
"2662","Broadway St. & Stockton St. (BC)",37.797211,-122.409109,100,2,21,11.6337548062016,1.10567409945148,9.81191403683429,1.81906976744186,21.3732558139535,56.8753571428571,64.7267857142857,0.509771785714286,NA,7.98142857142857
"2663","Broadway St. & Stockton St. (BC)",37.797211,-122.409109,100,2,22,12.0529643023256,1.07125837536849,10.2047579071844,1.84651162790698,18.64,56.0415714285714,65.7757142857143,0.455720714285714,NA,7.60892857142857
"2664","Broadway St. & Stockton St. (BC)",37.797211,-122.409109,100,2,23,12.2932974573643,1.05410504742462,11.1776078093714,1.11767441860465,9.61116279069767,55.5337142857143,66.2092857142857,0.362493928571429,NA,6.96214285714286
"2665","Broadway St. & Stockton St. (BC)",37.797211,-122.409109,100,3,0,12.1007705658915,1.04886905597578,10.5445284503564,1.5546511627907,16.5762790697674,57.0508571428571,64.495,0.174901428571429,NA,6.71785714285714
"2666","Broadway St. & Stockton St. (BC)",37.797211,-122.409109,100,3,1,12.5159184341085,1,13.4211244003056,2.05823529411765,14.1229411764706,56.7435714285714,64.8478571428572,0.188657857142857,NA,6.12214285714286
"2667","Broadway St. & Stockton St. (BC)",37.797211,-122.409109,100,3,2,12.0988393023256,1.01937823225272,13.0003595918367,-0.129714285714286,9.59028571428571,56.4195714285714,65.4114285714286,0.169896428571429,NA,5.90428571428571
"2668","Broadway St. & Stockton St. (BC)",37.797211,-122.409109,100,3,3,11.8488369147287,1.03512162110239,14.7535646367521,-1.0025,-2.369375,56.1418571428571,65.7907142857143,0.168972142857143,NA,5.65857142857143
"2669","Broadway St. & Stockton St. (BC)",37.797211,-122.409109,100,3,4,12.4291228449612,1.02691013953488,12.0072219795643,1.18371428571429,17.0871428571429,55.787,66.6685714285714,0.255051428571429,NA,5.69714285714286
"2670","Broadway St. & Stockton St. (BC)",37.797211,-122.409109,100,3,5,12.6233557596899,1.04167823255814,12.9377185582351,1.45857142857143,9.36321428571429,55.6237142857143,67.33,0.293336428571429,NA,6.13214285714286
"2671","Broadway St. & Stockton St. (BC)",37.797211,-122.409109,100,3,6,11.107481744186,1.20032318604651,9.80118695205841,1.30325581395349,14.7276744186047,55.5478571428571,67.8171428571429,0.293419285714286,NA,6.60714285714286
"2672","Broadway St. & Stockton St. (BC)",37.797211,-122.409109,100,3,7,9.9862810620155,1.28273313259018,8.11445323582702,1.87279069767442,26.8844186046512,56.0505714285714,68.1064285714286,0.392291428571429,NA,7.26928571428571
"2673","Broadway St. & Stockton St. (BC)",37.797211,-122.409109,100,3,8,9.27905414728682,1.3889533310918,6.708848517165,2.57,42.7058139534884,58.7274285714286,65.7678571428571,0.423191428571429,NA,6.63428571428571
"2674","Broadway St. & Stockton St. (BC)",37.797211,-122.409109,100,3,9,9.02306400775194,1.43655852734659,6.42236469290399,2.60139534883721,44.0497674418605,62.78,63.2645454545455,0.397806363636364,NA,6.25090909090909
"2675","Broadway St. & Stockton St. (BC)",37.797211,-122.409109,100,3,10,9.70337214728682,1.3265279982193,7.1388098223795,2.56558139534884,39.5790697674419,66.9272,58.173,0.239157,NA,6.648
"2676","Broadway St. & Stockton St. (BC)",37.797211,-122.409109,100,3,11,9.71705236434109,1.32303136803544,7.73588932341806,1.97976744186047,31.0955813953488,69.62,53.161,0.236506,NA,7.069
"2677","Broadway St. & Stockton St. (BC)",37.797211,-122.409109,100,3,12,9.88499990697674,1.29090893396975,7.27868948510887,2.60604651162791,45.4853488372093,71.7044,50.04,0.208282,NA,7.553
"2678","Broadway St. & Stockton St. (BC)",37.797211,-122.409109,100,3,13,10.2317393565891,1.26678233507431,7.31219878184046,2.91976744186046,48.8646511627907,71.4756363636364,49.0645454545455,0.191331818181818,NA,8.20454545454546
"2679","Broadway St. & Stockton St. (BC)",37.797211,-122.409109,100,3,14,9.771405,1.28389201616184,7.90038617477096,1.87046511627907,31.0860465116279,69.848,50.035,0.215924166666667,NA,8.7425
"2680","Broadway St. & Stockton St. (BC)",37.797211,-122.409109,100,3,15,9.68646490697674,1.30958192471448,7.33779861332282,2.34953488372093,40.226976744186,68.0332307692308,50.9176923076923,0.215381538461538,NA,10.7092307692308
"2681","Broadway St. & Stockton St. (BC)",37.797211,-122.409109,100,3,16,9.48462975193798,1.32446561732373,7.00940996472433,2.47651162790698,45.296511627907,65.9590769230769,53.5976923076923,0.259876153846154,NA,11.9215384615385
"2682","Broadway St. & Stockton St. (BC)",37.797211,-122.409109,100,3,17,10.0345513953488,1.23857937697073,6.85573761607508,3.18,57.06,64.4207692307692,55.4207692307692,0.232263846153846,NA,10.9015384615385
"2683","Broadway St. & Stockton St. (BC)",37.797211,-122.409109,100,3,18,10.0864503488372,1.2687995824624,6.59354093023256,3.49418604651163,64.4262790697674,62.9835384615385,57.8723076923077,0.265050769230769,NA,10.7623076923077
"2684","Broadway St. & Stockton St. (BC)",37.797211,-122.409109,100,3,19,10.8813065891473,1.18101034454357,7.86888564341085,3.01162790697674,44.3697674418605,61.4410769230769,60.1638461538462,0.297528461538462,NA,10.4415384615385
"2685","Broadway St. & Stockton St. (BC)",37.797211,-122.409109,100,3,20,11.2316450775194,1.11952721090934,8.89182441266305,2.33953488372093,32.5697674418605,60.1796923076923,61.8169230769231,0.28827,NA,9.37384615384615
"2686","Broadway St. & Stockton St. (BC)",37.797211,-122.409109,100,3,21,11.7212643023256,1.08429231601536,9.81191403683429,1.9106976744186,21.9711627906977,59.1966153846154,63.3146153846154,0.309125384615385,NA,8.52230769230769
"2687","Broadway St. & Stockton St. (BC)",37.797211,-122.409109,100,3,22,11.992923372093,1.05955576088388,10.2047579071844,1.78511627906977,18.1276744186047,58.5763076923077,64.1430769230769,0.255516923076923,NA,7.28076923076923
"2688","Broadway St. & Stockton St. (BC)",37.797211,-122.409109,100,3,23,12.4872665503876,1.0383303563137,11.1776078093714,1.3093023255814,12.2093023255814,58.0958461538462,64.7961538461538,0.208319230769231,NA,6.68153846153846
"2689","Broadway St. & Stockton St. (BC)",37.797211,-122.409109,200,12,0,13.3685276914449,1.07544385661832,11.6437697835001,1.72698412698413,18.6416666666667,NA,NA,NA,NA,NA
"2690","Broadway St. & Stockton St. (BC)",37.797211,-122.409109,200,12,1,13.668853195029,1.00546820577521,13.7201672644293,2.39514705882353,16.7164705882353,NA,NA,NA,NA,NA
"2691","Broadway St. & Stockton St. (BC)",37.797211,-122.409109,200,12,2,13.7785813645123,1.01621666666667,14.8675281803543,0.802716049382716,10.4565432098765,NA,NA,NA,NA,NA
"2692","Broadway St. & Stockton St. (BC)",37.797211,-122.409109,200,12,3,13.2376005757094,1.02726322429064,16.5818974036446,0.594528301886793,7.3222641509434,NA,NA,NA,NA,NA
"2693","Broadway St. & Stockton St. (BC)",37.797211,-122.409109,200,12,4,13.746595901942,1.026282,13.2095666346751,1.56059405940594,16.0381188118812,NA,NA,NA,NA,NA
"2694","Broadway St. & Stockton St. (BC)",37.797211,-122.409109,200,12,5,13.3033427687007,1.06328220634921,13.3997837772215,1.35632653061224,7.32540816326531,NA,NA,NA,NA,NA
"2695","Broadway St. & Stockton St. (BC)",37.797211,-122.409109,200,12,6,12.8029417160212,1.09950705066437,11.3045891879765,1.49785714285714,14.8546825396825,NA,NA,NA,NA,NA
"2696","Broadway St. & Stockton St. (BC)",37.797211,-122.409109,200,12,7,11.7748927972826,1.16452504739917,9.60523123030304,2.16801587301587,26.3222222222222,NA,NA,NA,NA,NA
"2697","Broadway St. & Stockton St. (BC)",37.797211,-122.409109,200,12,8,11.1649298411761,1.23541723543887,7.95655035769863,3.20746031746032,46.0542857142857,NA,NA,NA,NA,NA
"2698","Broadway St. & Stockton St. (BC)",37.797211,-122.409109,200,12,9,11.1112659352092,1.24585406905056,7.52576105636955,3.58619047619048,53.9703174603175,NA,NA,NA,NA,NA
"2699","Broadway St. & Stockton St. (BC)",37.797211,-122.409109,200,12,10,11.4499021727717,1.20244370595911,8.54551207016333,2.90404761904762,40.7263492063492,NA,NA,NA,NA,NA
"2700","Broadway St. & Stockton St. (BC)",37.797211,-122.409109,200,12,11,11.787362993895,1.16384113424493,9.22260274517921,2.56396825396825,37.1525396825397,NA,NA,NA,NA,NA
"2701","Broadway St. & Stockton St. (BC)",37.797211,-122.409109,200,12,12,11.7529455164835,1.15546136045922,8.77868725055651,2.97365079365079,47.4714285714286,NA,NA,NA,NA,NA
"2702","Broadway St. & Stockton St. (BC)",37.797211,-122.409109,200,12,13,11.7983712374847,1.16672120564797,8.86785569670037,2.9297619047619,44.2979365079365,NA,NA,NA,NA,NA
"2703","Broadway St. & Stockton St. (BC)",37.797211,-122.409109,200,12,14,11.6487098479853,1.18751113693308,9.45661391819655,2.19412698412698,33.2743650793651,NA,NA,NA,NA,NA
"2704","Broadway St. & Stockton St. (BC)",37.797211,-122.409109,200,12,15,11.34651246337,1.18559871219382,8.88512499019279,2.45912698412698,39.4979365079365,NA,NA,NA,NA,NA
"2705","Broadway St. & Stockton St. (BC)",37.797211,-122.409109,200,12,16,11.070949980464,1.20007252902549,8.62780333013245,2.44373015873016,41.3916666666667,NA,NA,NA,NA,NA
"2706","Broadway St. & Stockton St. (BC)",37.797211,-122.409109,200,12,17,10.916351974359,1.20377303921002,8.39113420955166,2.5231746031746,44.7005555555556,NA,NA,NA,NA,NA
"2707","Broadway St. & Stockton St. (BC)",37.797211,-122.409109,200,12,18,11.7108743113553,1.16578849619501,8.37441321316474,3.33595238095238,58.0423015873016,NA,NA,NA,NA,NA
"2708","Broadway St. & Stockton St. (BC)",37.797211,-122.409109,200,12,19,12.4521548498169,1.10668983594211,9.51771311904761,2.9334126984127,40.7236507936508,NA,NA,NA,NA,NA
"2709","Broadway St. & Stockton St. (BC)",37.797211,-122.409109,200,12,20,12.6659925680576,1.08913927856669,10.1651652509267,2.4997619047619,32.2809523809524,NA,NA,NA,NA,NA
"2710","Broadway St. & Stockton St. (BC)",37.797211,-122.409109,200,12,21,12.7422382677726,1.07902915404737,10.9699140244881,1.7734126984127,20.4222222222222,NA,NA,NA,NA,NA
"2711","Broadway St. & Stockton St. (BC)",37.797211,-122.409109,200,12,22,13.0771380102938,1.06002548251705,11.4483681733759,1.62944444444444,16.6586507936508,NA,NA,NA,NA,NA
"2712","Broadway St. & Stockton St. (BC)",37.797211,-122.409109,200,12,23,13.2710320954211,1.03100325247476,12.0554064464333,1.21365079365079,10.2581746031746,NA,NA,NA,NA,NA
"2713","Broadway St. & Stockton St. (BC)",37.797211,-122.409109,200,1,0,13.687548685633,1.04912030666994,11.6437697835001,2.04253968253968,23.285,53.402,55.43,0.383181428571429,NA,6.20857142857143
"2714","Broadway St. & Stockton St. (BC)",37.797211,-122.409109,200,1,1,13.8706433061338,1.00857711353876,13.7201672644293,2.63220588235294,20.1583823529412,53.4688571428571,55.7271428571429,0.328262857142857,NA,5.94571428571429
"2715","Broadway St. & Stockton St. (BC)",37.797211,-122.409109,200,1,2,13.6789745796283,1.05450511111111,14.8675281803543,0.448395061728395,9.36111111111111,53.096,56.8157142857143,0.376675714285714,NA,6.98142857142857
"2716","Broadway St. & Stockton St. (BC)",37.797211,-122.409109,200,1,3,13.2155171109948,1.03131731028657,16.5818974036446,0.354528301886793,7.34509433962264,52.8517142857143,56.7228571428571,0.459422857142857,NA,6.54857142857143
"2717","Broadway St. & Stockton St. (BC)",37.797211,-122.409109,200,1,4,14.1604117639559,1.02648688888889,13.2095666346751,1.85188118811881,17.3478217821782,52.3271428571429,58.0457142857143,0.605207142857143,NA,8.04285714285714
"2718","Broadway St. & Stockton St. (BC)",37.797211,-122.409109,200,1,5,13.9404011557773,1.01302644444444,13.3997837772215,1.75612244897959,11.3683673469388,52.2114285714286,57.8242857142857,0.592744285714286,NA,7.41
"2719","Broadway St. & Stockton St. (BC)",37.797211,-122.409109,200,1,6,12.8637688828958,1.11176034212364,11.3045891879765,1.56111111111111,16.3864285714286,52.0957142857143,57.8957142857143,0.590341428571429,NA,7.05
"2720","Broadway St. & Stockton St. (BC)",37.797211,-122.409109,200,1,7,11.4779409895854,1.20297499110025,9.60523123030304,1.87412698412698,24.1543650793651,52.0854285714286,57.7657142857143,0.690525714285714,NA,6.85285714285714
"2721","Broadway St. & Stockton St. (BC)",37.797211,-122.409109,200,1,8,10.6998629790623,1.30651966569317,7.95655035769863,2.74404761904762,40.7907142857143,54.0217142857143,56.4114285714286,0.988957142857143,NA,7.19428571428571
"2722","Broadway St. & Stockton St. (BC)",37.797211,-122.409109,200,1,9,10.8051297747215,1.27419340678439,7.52576105636955,3.27984126984127,51.025,57.0405714285714,54.0328571428571,0.690291428571429,NA,7.10714285714286
"2723","Broadway St. & Stockton St. (BC)",37.797211,-122.409109,200,1,10,11.4302723998398,1.20463474417647,8.54551207016333,2.88642857142857,41.2266666666667,58.9485714285714,51.8071428571429,0.504312857142857,NA,6.60571428571429
"2724","Broadway St. & Stockton St. (BC)",37.797211,-122.409109,200,1,11,11.5470388639456,1.1862017099206,9.22260274517921,2.32444444444444,34.051746031746,60.923,52.195,0.504695,NA,6.95166666666667
"2725","Broadway St. & Stockton St. (BC)",37.797211,-122.409109,200,1,12,11.6043065226757,1.16813852614114,8.77868725055651,2.82690476190476,44.3123015873016,63.4768571428571,46.7014285714286,0.355471428571429,NA,6.48
"2726","Broadway St. & Stockton St. (BC)",37.797211,-122.409109,200,1,13,11.5696450306122,1.17975625880536,8.86785569670037,2.70269841269841,40.783253968254,63.437,44.575,0.3136375,NA,6.61375
"2727","Broadway St. & Stockton St. (BC)",37.797211,-122.409109,200,1,14,11.7152554705215,1.16661662686806,9.45661391819655,2.25936507936508,34.251746031746,61.09925,46.25125,0.40746875,NA,7.1425
"2728","Broadway St. & Stockton St. (BC)",37.797211,-122.409109,200,1,15,11.2781503435374,1.20207141132967,8.88512499019279,2.39007936507937,37.8175396825397,59.74025,47.80125,0.38254875,NA,7.9075
"2729","Broadway St. & Stockton St. (BC)",37.797211,-122.409109,200,1,16,11.2839562290249,1.18601543405053,8.62780333013245,2.65579365079365,44.1386507936508,58.63775,49.0575,0.425795,NA,7.7875
"2730","Broadway St. & Stockton St. (BC)",37.797211,-122.409109,200,1,17,11.3133960816327,1.18214670815219,8.39113420955166,2.92063492063492,48.6231746031746,57.3575,52.18875,0.49507125,NA,9.26125
"2731","Broadway St. & Stockton St. (BC)",37.797211,-122.409109,200,1,18,11.6116353809524,1.16203444957818,8.37441321316474,3.23650793650794,56.5536507936508,56.084,54.55125,0.60146625,NA,9.0025
"2732","Broadway St. & Stockton St. (BC)",37.797211,-122.409109,200,1,19,12.4468261587302,1.09943274464359,9.51771311904761,2.92904761904762,40.972619047619,55.13225,55.76,0.59473,NA,8.04875
"2733","Broadway St. & Stockton St. (BC)",37.797211,-122.409109,200,1,20,12.8815781814059,1.07949110411396,10.1651652509267,2.71436507936508,34.6160317460317,54.40325,56.59125,0.6661025,NA,7.11625
"2734","Broadway St. & Stockton St. (BC)",37.797211,-122.409109,200,1,21,13.3240808131691,1.06004022292234,10.9699140244881,2.35428571428571,25.7237301587302,53.9105,57.02375,0.555005,NA,7.065
"2735","Broadway St. & Stockton St. (BC)",37.797211,-122.409109,200,1,22,13.4886993390289,1.05040558859072,11.4483681733759,2.04,20.0807142857143,54.02075,56.6875,0.44710125,NA,6.23375
"2736","Broadway St. & Stockton St. (BC)",37.797211,-122.409109,200,1,23,13.7234435722114,1.03059743671251,12.0554064464333,1.6684126984127,14.7174603174603,54.05675,57.95875,0.4257125,NA,7.04875
"2737","Broadway St. & Stockton St. (BC)",37.797211,-122.409109,200,2,0,13.5178198994709,1.03312795304621,11.6437697835001,1.87420634920635,20.6411904761905,55.1962142857143,66.9553571428571,0.350446071428571,NA,6.81178571428571
"2738","Broadway St. & Stockton St. (BC)",37.797211,-122.409109,200,2,1,13.1623611640212,1.00866655913978,13.7201672644293,2.23029411764706,15.3338235294118,54.7616428571429,67.7914285714286,0.355378928571429,NA,6.53
"2739","Broadway St. & Stockton St. (BC)",37.797211,-122.409109,200,2,2,13.0534598544974,1.02550339640694,14.8675281803543,0.320864197530864,8.99617283950617,54.3534285714286,68.3932142857143,0.360153214285714,NA,6.70892857142857
"2740","Broadway St. & Stockton St. (BC)",37.797211,-122.409109,200,2,3,12.3176871693122,1.04580240906152,16.5818974036446,-0.825094339622641,-0.782264150943396,54.0493333333333,67.9274074074074,0.353118518518518,NA,6.20444444444444
"2741","Broadway St. & Stockton St. (BC)",37.797211,-122.409109,200,2,4,12.9805719497354,1.03605434918596,13.2095666346751,0.750990099009901,9.48861386138614,53.8193333333333,68.817037037037,0.435845185185185,NA,6.53888888888889
"2742","Broadway St. & Stockton St. (BC)",37.797211,-122.409109,200,2,5,13.2243532195767,1.02534826249865,13.3997837772215,0.822244897959184,3.39040816326531,53.6938571428571,69.0835714285714,0.527793571428571,NA,6.77035714285714
"2743","Broadway St. & Stockton St. (BC)",37.797211,-122.409109,200,2,6,12.5306687248677,1.10013131028046,11.3045891879765,1.22444444444444,13.0179365079365,53.4965,69.6014285714286,0.415976428571429,NA,7.26357142857143
"2744","Broadway St. & Stockton St. (BC)",37.797211,-122.409109,200,2,7,11.5716382857143,1.18739567731338,9.60523123030304,1.96865079365079,27.0423015873016,53.7176428571429,69.9221428571429,0.613388214285714,NA,7.85035714285714
"2745","Broadway St. & Stockton St. (BC)",37.797211,-122.409109,200,2,8,10.2977526375661,1.35310616507354,7.95655035769863,2.34269841269841,35.9009523809524,56.5076428571429,67.7178571428571,0.639528928571429,NA,7.36857142857143
"2746","Broadway St. & Stockton St. (BC)",37.797211,-122.409109,200,2,9,10.4936751322751,1.35477290678413,7.52576105636955,2.96896825396825,47.008253968254,59.864,64.1773913043478,0.556903043478261,NA,6.35739130434783
"2747","Broadway St. & Stockton St. (BC)",37.797211,-122.409109,200,2,10,11.5339075396825,1.20591167368015,8.54551207016333,2.98873015873016,40.8121428571429,62.50625,60.8541666666667,0.367805416666667,NA,6.89666666666667
"2748","Broadway St. & Stockton St. (BC)",37.797211,-122.409109,200,2,11,11.3509802248677,1.22032233612685,9.22260274517921,2.12769841269841,31.7968253968254,64.7460909090909,57.1604545454545,0.455541818181818,NA,6.79909090909091
"2749","Broadway St. & Stockton St. (BC)",37.797211,-122.409109,200,2,12,11.7702183121693,1.16335219369863,8.77868725055651,2.99301587301587,46.6638888888889,66.1263636363636,56.0854545454545,0.409558181818182,NA,7.02545454545455
"2750","Broadway St. & Stockton St. (BC)",37.797211,-122.409109,200,2,13,11.6915224867725,1.18409889750959,8.86785569670037,2.82611111111111,42.4843650793651,67.1222857142857,51.9233333333333,2.77171095238095,NA,6.88619047619048
"2751","Broadway St. & Stockton St. (BC)",37.797211,-122.409109,200,2,14,11.3962671375661,1.20076027368499,9.45661391819655,1.94142857142857,29.602380952381,65.46992,51.4024,0.2670484,NA,8.7872
"2752","Broadway St. & Stockton St. (BC)",37.797211,-122.409109,200,2,15,11.3020409973545,1.17210765061275,8.88512499019279,2.41595238095238,39.3253174603175,63.7253333333333,55.5603703703704,0.28021,NA,9.78851851851852
"2753","Broadway St. & Stockton St. (BC)",37.797211,-122.409109,200,2,16,11.031229973545,1.2150119789239,8.62780333013245,2.40301587301587,40.6110317460317,62.8593333333333,56.1881481481482,0.292896296296296,NA,9.98
"2754","Broadway St. & Stockton St. (BC)",37.797211,-122.409109,200,2,17,11.0098380952381,1.21095421774217,8.39113420955166,2.61873015873016,43.8987301587302,61.1227142857143,59.0010714285714,0.378685357142857,NA,10.5942857142857
"2755","Broadway St. & Stockton St. (BC)",37.797211,-122.409109,200,2,18,11.7213067460317,1.16619341984432,8.37441321316474,3.34492063492063,57.431746031746,59.6345,61.2178571428571,0.429188571428571,NA,10.2603571428571
"2756","Broadway St. & Stockton St. (BC)",37.797211,-122.409109,200,2,19,12.1394519259259,1.12640013230215,9.51771311904761,2.62047619047619,36.5781746031746,58.6046428571429,62.6089285714286,0.473901428571429,NA,9.51357142857143
"2757","Broadway St. & Stockton St. (BC)",37.797211,-122.409109,200,2,20,12.3230923862434,1.09489692864302,10.1651652509267,2.15793650793651,27.9975396825397,57.9066666666667,64.0455555555556,0.46456962962963,NA,8.84407407407407
"2758","Broadway St. & Stockton St. (BC)",37.797211,-122.409109,200,2,21,12.8939978835979,1.07299712178564,10.9699140244881,1.92238095238095,22.1548412698413,56.8753571428571,64.7267857142857,0.509771785714286,NA,7.98142857142857
"2759","Broadway St. & Stockton St. (BC)",37.797211,-122.409109,200,2,22,13.2171205767196,1.05054516617588,11.4483681733759,1.76746031746032,17.7826984126984,56.0415714285714,65.7757142857143,0.455720714285714,NA,7.60892857142857
"2760","Broadway St. & Stockton St. (BC)",37.797211,-122.409109,200,2,23,13.4329789021164,1.03637733551436,12.0554064464333,1.37912698412698,11.983253968254,55.5337142857143,66.2092857142857,0.362493928571429,NA,6.96214285714286
"2761","Broadway St. & Stockton St. (BC)",37.797211,-122.409109,200,3,0,13.4178990820106,1.03234090696005,11.6437697835001,1.77285714285714,19.8650793650794,57.0508571428571,64.495,0.174901428571429,NA,6.71785714285714
"2762","Broadway St. & Stockton St. (BC)",37.797211,-122.409109,200,3,1,13.4883511772487,1.00041498080714,13.7201672644293,2.60264705882353,18.0183823529412,56.7435714285714,64.8478571428572,0.188657857142857,NA,6.12214285714286
"2763","Broadway St. & Stockton St. (BC)",37.797211,-122.409109,200,3,2,13.2423368518518,1.01414999014815,14.8675281803543,0.415555555555556,10.4917283950617,56.4195714285714,65.4114285714286,0.169896428571429,NA,5.90428571428571
"2764","Broadway St. & Stockton St. (BC)",37.797211,-122.409109,200,3,3,12.5896109126984,1.0415059664196,16.5818974036446,-0.520188679245283,1.08811320754717,56.1418571428571,65.7907142857143,0.168972142857143,NA,5.65857142857143
"2765","Broadway St. & Stockton St. (BC)",37.797211,-122.409109,200,3,4,12.9725481931217,1.03536138609045,13.2095666346751,0.721683168316832,9.99524752475248,55.787,66.6685714285714,0.255051428571429,NA,5.69714285714286
"2766","Broadway St. & Stockton St. (BC)",37.797211,-122.409109,200,3,5,13.2542865687831,1.02777103695643,13.3997837772215,0.981734693877551,4.06020408163265,55.6237142857143,67.33,0.293336428571429,NA,6.13214285714286
"2767","Broadway St. & Stockton St. (BC)",37.797211,-122.409109,200,3,6,12.2509148095238,1.13431590776607,11.3045891879765,0.943492063492063,10.1518253968254,55.5478571428571,67.8171428571429,0.293419285714286,NA,6.60714285714286
"2768","Broadway St. & Stockton St. (BC)",37.797211,-122.409109,200,3,7,11.3051792936508,1.2081938124994,9.60523123030304,1.70119047619048,22.3185714285714,56.0505714285714,68.1064285714286,0.392291428571429,NA,7.26928571428571
"2769","Broadway St. & Stockton St. (BC)",37.797211,-122.409109,200,3,8,10.2677388148148,1.37907520996106,7.95655035769863,2.3115873015873,36.1148412698413,58.7274285714286,65.7678571428571,0.423191428571429,NA,6.63428571428571
"2770","Broadway St. & Stockton St. (BC)",37.797211,-122.409109,200,3,9,10.1840259338624,1.39810361985075,7.52576105636955,2.65904761904762,41.5634126984127,62.78,63.2645454545455,0.397806363636364,NA,6.25090909090909
"2771","Broadway St. & Stockton St. (BC)",37.797211,-122.409109,200,3,10,11.1036840026455,1.23782820868992,8.54551207016333,2.55833333333333,37.1989682539683,66.9272,58.173,0.239157,NA,6.648
"2772","Broadway St. & Stockton St. (BC)",37.797211,-122.409109,200,3,11,11.1155556666667,1.22933680856514,9.22260274517921,1.89238095238095,28.7965873015873,69.62,53.161,0.236506,NA,7.069
"2773","Broadway St. & Stockton St. (BC)",37.797211,-122.409109,200,3,12,11.3510837962963,1.20140866287131,8.77868725055651,2.57246031746032,40.7516666666667,71.7044,50.04,0.208282,NA,7.553
"2774","Broadway St. & Stockton St. (BC)",37.797211,-122.409109,200,3,13,11.6760398227513,1.18319375353005,8.86785569670037,2.80825396825397,43.1723809523809,71.4756363636364,49.0645454545455,0.191331818181818,NA,8.20454545454546
"2775","Broadway St. & Stockton St. (BC)",37.797211,-122.409109,200,3,14,11.235463037037,1.19797077474042,9.45661391819655,1.77857142857143,28.5779365079365,69.848,50.035,0.215924166666667,NA,8.7425
"2776","Broadway St. & Stockton St. (BC)",37.797211,-122.409109,200,3,15,11.2063855740741,1.21345328436523,8.88512499019279,2.32174603174603,37.297619047619,68.0332307692308,50.9176923076923,0.215381538461538,NA,10.7092307692308
"2777","Broadway St. & Stockton St. (BC)",37.797211,-122.409109,200,3,16,10.9802570767196,1.2246794104978,8.62780333013245,2.35388888888889,40.06,65.9590769230769,53.5976923076923,0.259876153846154,NA,11.9215384615385
"2778","Broadway St. & Stockton St. (BC)",37.797211,-122.409109,200,3,17,11.3982560846561,1.16660372380424,8.39113420955166,3.00714285714286,50.1346825396825,64.4207692307692,55.4207692307692,0.232263846153846,NA,10.9015384615385
"2779","Broadway St. & Stockton St. (BC)",37.797211,-122.409109,200,3,18,11.4527039100529,1.1871667377516,8.37441321316474,3.07857142857143,52.0053174603175,62.9835384615385,57.8723076923077,0.265050769230769,NA,10.7623076923077
"2780","Broadway St. & Stockton St. (BC)",37.797211,-122.409109,200,3,19,12.2567944444444,1.12574119210043,9.51771311904761,2.73809523809524,37.4215873015873,61.4410769230769,60.1638461538462,0.297528461538462,NA,10.4415384615385
"2781","Broadway St. & Stockton St. (BC)",37.797211,-122.409109,200,3,20,12.4466547037037,1.08512603589367,10.1651652509267,2.28047619047619,30.1374603174603,60.1796923076923,61.8169230769231,0.28827,NA,9.37384615384615
"2782","Broadway St. & Stockton St. (BC)",37.797211,-122.409109,200,3,21,12.9737195185185,1.05967231792866,10.9699140244881,2.00452380952381,22.9912698412698,59.1966153846154,63.3146153846154,0.309125384615385,NA,8.52230769230769
"2783","Broadway St. & Stockton St. (BC)",37.797211,-122.409109,200,3,22,13.2066164603175,1.04399625610847,11.4483681733759,1.75642857142857,17.926746031746,58.5763076923077,64.1430769230769,0.255516923076923,NA,7.28076923076923
"2784","Broadway St. & Stockton St. (BC)",37.797211,-122.409109,200,3,23,13.5405588042328,1.02894526227842,12.0554064464333,1.48412698412698,13.9442857142857,58.0958461538462,64.7961538461538,0.208319230769231,NA,6.68153846153846
"2785","Broadway St. & Stockton St. (BC)",37.797211,-122.409109,300,12,0,13.2539798978116,1.06736891918951,11.3265731021526,1.92927184466019,20.5804368932039,NA,NA,NA,NA,NA
"2786","Broadway St. & Stockton St. (BC)",37.797211,-122.409109,300,12,1,13.4339004221751,1.00406159044481,13.0412535921474,2.30344537815126,17.4180672268908,NA,NA,NA,NA,NA
"2787","Broadway St. & Stockton St. (BC)",37.797211,-122.409109,300,12,2,13.4630206944762,1.01797102268089,14.5398983974207,0.672671755725191,9.59167938931298,NA,NA,NA,NA,NA
"2788","Broadway St. & Stockton St. (BC)",37.797211,-122.409109,300,12,3,12.9213980526277,1.02814561553557,15.7478878664113,0.540449438202247,6.8147191011236,NA,NA,NA,NA,NA
"2789","Broadway St. & Stockton St. (BC)",37.797211,-122.409109,300,12,4,13.4555881589196,1.02353897572816,12.7646008502307,1.56059523809524,15.6228571428571,NA,NA,NA,NA,NA
"2790","Broadway St. & Stockton St. (BC)",37.797211,-122.409109,300,12,5,13.047940937458,1.05680837378641,12.9978830204874,1.25012121212121,7.22684848484848,NA,NA,NA,NA,NA
"2791","Broadway St. & Stockton St. (BC)",37.797211,-122.409109,300,12,6,12.5487025824188,1.09198419715901,11.1563321826411,1.39169902912621,13.9959708737864,NA,NA,NA,NA,NA
"2792","Broadway St. & Stockton St. (BC)",37.797211,-122.409109,300,12,7,11.6805387783331,1.15020074601437,9.52697036081786,2.15179611650485,26.2052912621359,NA,NA,NA,NA,NA
"2793","Broadway St. & Stockton St. (BC)",37.797211,-122.409109,300,12,8,11.2492549986071,1.20537299320065,8.09356349927041,3.15470873786408,44.5095145631068,NA,NA,NA,NA,NA
"2794","Broadway St. & Stockton St. (BC)",37.797211,-122.409109,300,12,9,11.1481490332635,1.21528695886093,7.69340896508936,3.45538834951456,51.6915048543689,NA,NA,NA,NA,NA
"2795","Broadway St. & Stockton St. (BC)",37.797211,-122.409109,300,12,10,11.38175467177,1.18216328055813,8.47618589575843,2.90509708737864,40.3775242718447,NA,NA,NA,NA,NA
"2796","Broadway St. & Stockton St. (BC)",37.797211,-122.409109,300,12,11,11.6469487688574,1.15141048598617,9.09302434809489,2.55354368932039,36.3130097087379,NA,NA,NA,NA,NA
"2797","Broadway St. & Stockton St. (BC)",37.797211,-122.409109,300,12,12,11.6004112255415,1.14453266786804,8.74657464859296,2.85310679611651,45.5576699029126,NA,NA,NA,NA,NA
"2798","Broadway St. & Stockton St. (BC)",37.797211,-122.409109,300,12,13,11.6519318976848,1.15585745834994,8.79560600855627,2.85582524271845,42.7935922330097,NA,NA,NA,NA,NA
"2799","Broadway St. & Stockton St. (BC)",37.797211,-122.409109,300,12,14,11.5247534854369,1.17381588900736,9.3637310433611,2.16296116504854,32.3198058252427,NA,NA,NA,NA,NA
"2800","Broadway St. & Stockton St. (BC)",37.797211,-122.409109,300,12,15,11.2420535369679,1.17154280022122,8.80098102670215,2.43922330097087,38.5467961165049,NA,NA,NA,NA,NA
"2801","Broadway St. & Stockton St. (BC)",37.797211,-122.409109,300,12,16,10.9608943991785,1.1860507234245,8.53000204348071,2.43145631067961,40.3340776699029,NA,NA,NA,NA,NA
"2802","Broadway St. & Stockton St. (BC)",37.797211,-122.409109,300,12,17,10.8240254831964,1.19156402235173,8.26481369042753,2.55699029126214,43.9749514563107,NA,NA,NA,NA,NA
"2803","Broadway St. & Stockton St. (BC)",37.797211,-122.409109,300,12,18,11.6047391706497,1.15347115249226,8.25169409972026,3.35223300970874,56.7141262135922,NA,NA,NA,NA,NA
"2804","Broadway St. & Stockton St. (BC)",37.797211,-122.409109,300,12,19,12.2532465078417,1.10069732979715,9.42005720226537,2.83228155339806,39.0922815533981,NA,NA,NA,NA,NA
"2805","Broadway St. & Stockton St. (BC)",37.797211,-122.409109,300,12,20,12.4715144949013,1.08213064732352,10.0413702153912,2.42917475728155,31.4733495145631,NA,NA,NA,NA,NA
"2806","Broadway St. & Stockton St. (BC)",37.797211,-122.409109,300,12,21,12.5754776977692,1.07084170965274,10.7452122241092,1.83145631067961,20.9504854368932,NA,NA,NA,NA,NA
"2807","Broadway St. & Stockton St. (BC)",37.797211,-122.409109,300,12,22,12.9256264899589,1.05258924253397,11.2664332054339,1.66004854368932,16.8715533980583,NA,NA,NA,NA,NA
"2808","Broadway St. & Stockton St. (BC)",37.797211,-122.409109,300,12,23,13.0887742884239,1.02692699687556,11.8676535101302,1.21936893203884,10.5363106796117,NA,NA,NA,NA,NA
"2809","Broadway St. & Stockton St. (BC)",37.797211,-122.409109,300,1,0,13.5878963921349,1.04303474739839,11.3265731021526,2.26033980582524,25.1235436893204,53.402,55.43,0.383181428571429,NA,6.20857142857143
"2810","Broadway St. & Stockton St. (BC)",37.797211,-122.409109,300,1,1,13.6070906614468,1.00969348462384,13.0412535921474,2.47596638655462,20.1168907563025,53.4688571428571,55.7271428571429,0.328262857142857,NA,5.94571428571429
"2811","Broadway St. & Stockton St. (BC)",37.797211,-122.409109,300,1,2,13.3579101953004,1.05630299938786,14.5398983974207,0.279618320610687,8.16885496183206,53.096,56.8157142857143,0.376675714285714,NA,6.98142857142857
"2812","Broadway St. & Stockton St. (BC)",37.797211,-122.409109,300,1,3,13.0223200279612,1.02852779527595,15.7478878664113,0.493820224719101,7.85426966292135,52.8517142857143,56.7228571428571,0.459422857142857,NA,6.54857142857143
"2813","Broadway St. & Stockton St. (BC)",37.797211,-122.409109,300,1,4,13.8440967996146,1.02372248058252,12.7646008502307,1.83136904761905,16.9260714285714,52.3271428571429,58.0457142857143,0.605207142857143,NA,8.04285714285714
"2814","Broadway St. & Stockton St. (BC)",37.797211,-122.409109,300,1,5,13.6072503346177,1.01166688834951,12.9978830204874,1.58393939393939,10.8224242424242,52.2114285714286,57.8242857142857,0.592744285714286,NA,7.41
"2815","Broadway St. & Stockton St. (BC)",37.797211,-122.409109,300,1,6,12.6285155133484,1.10233322370689,11.1563321826411,1.47407766990291,15.6129611650485,52.0957142857143,57.8957142857143,0.590341428571429,NA,7.05
"2816","Broadway St. & Stockton St. (BC)",37.797211,-122.409109,300,1,7,11.4579050307462,1.18000792194519,9.52697036081786,1.93223300970874,24.4526213592233,52.0854285714286,57.7657142857143,0.690525714285714,NA,6.85285714285714
"2817","Broadway St. & Stockton St. (BC)",37.797211,-122.409109,300,1,8,10.8865253470231,1.25938180684231,8.09356349927041,2.79354368932039,40.3306796116505,54.0217142857143,56.4114285714286,0.988957142857143,NA,7.19428571428571
"2818","Broadway St. & Stockton St. (BC)",37.797211,-122.409109,300,1,9,10.9465728120666,1.23193532675452,7.69340896508936,3.25368932038835,49.8457766990291,57.0405714285714,54.0328571428571,0.690291428571429,NA,7.10714285714286
"2819","Broadway St. & Stockton St. (BC)",37.797211,-122.409109,300,1,10,11.4097950891761,1.18227114444242,8.47618589575843,2.93538834951456,41.1985436893204,58.9485714285714,51.8071428571429,0.504312857142857,NA,6.60571428571429
"2820","Broadway St. & Stockton St. (BC)",37.797211,-122.409109,300,1,11,11.4372999965326,1.17140052821247,9.09302434809489,2.34432038834951,33.501067961165,60.923,52.195,0.504695,NA,6.95166666666667
"2821","Broadway St. & Stockton St. (BC)",37.797211,-122.409109,300,1,12,11.4643868800277,1.15654177662642,8.74657464859296,2.71932038834951,42.6954854368932,63.4768571428571,46.7014285714286,0.355471428571429,NA,6.48
"2822","Broadway St. & Stockton St. (BC)",37.797211,-122.409109,300,1,13,11.4430705963939,1.1675566579381,8.79560600855627,2.64810679611651,39.5880582524272,63.437,44.575,0.3136375,NA,6.61375
"2823","Broadway St. & Stockton St. (BC)",37.797211,-122.409109,300,1,14,11.5635375658807,1.15568399475184,9.3637310433611,2.20029126213592,32.9902427184466,61.09925,46.25125,0.40746875,NA,7.1425
"2824","Broadway St. & Stockton St. (BC)",37.797211,-122.409109,300,1,15,11.1710084015257,1.18737869973863,8.80098102670215,2.36723300970874,36.9967961165049,59.74025,47.80125,0.38254875,NA,7.9075
"2825","Broadway St. & Stockton St. (BC)",37.797211,-122.409109,300,1,16,11.1793352198336,1.17316741030869,8.53000204348071,2.64888349514563,43.1407281553398,58.63775,49.0575,0.425795,NA,7.7875
"2826","Broadway St. & Stockton St. (BC)",37.797211,-122.409109,300,1,17,11.1788596033287,1.17360498970694,8.26481369042753,2.9123786407767,47.6805825242718,57.3575,52.18875,0.49507125,NA,9.26125
"2827","Broadway St. & Stockton St. (BC)",37.797211,-122.409109,300,1,18,11.4928106532594,1.15091072581576,8.25169409972026,3.24019417475728,55.1781067961165,56.084,54.55125,0.60146625,NA,9.0025
"2828","Broadway St. & Stockton St. (BC)",37.797211,-122.409109,300,1,19,12.2520901865465,1.09366542274059,9.42005720226537,2.83184466019417,39.3537378640777,55.13225,55.76,0.59473,NA,8.04875
"2829","Broadway St. & Stockton St. (BC)",37.797211,-122.409109,300,1,20,12.6864293079057,1.07286478632698,10.0413702153912,2.64315533980583,33.8283009708738,54.40325,56.59125,0.6661025,NA,7.11625
"2830","Broadway St. & Stockton St. (BC)",37.797211,-122.409109,300,1,21,13.1222864623677,1.05354771047571,10.7452122241092,2.3768932038835,26.043786407767,53.9105,57.02375,0.555005,NA,7.065
"2831","Broadway St. & Stockton St. (BC)",37.797211,-122.409109,300,1,22,13.3125006451691,1.04494885630104,11.2664332054339,2.04582524271845,20.2114563106796,54.02075,56.6875,0.44710125,NA,6.23375
"2832","Broadway St. & Stockton St. (BC)",37.797211,-122.409109,300,1,23,13.5127305030148,1.02704586654603,11.8676535101302,1.6454854368932,14.8144174757282,54.05675,57.95875,0.4257125,NA,7.04875
"2833","Broadway St. & Stockton St. (BC)",37.797211,-122.409109,300,2,0,13.357263881877,1.02955163206312,11.3265731021526,2.03082524271845,22.0776213592233,55.1962142857143,66.9553571428571,0.350446071428571,NA,6.81178571428571
"2834","Broadway St. & Stockton St. (BC)",37.797211,-122.409109,300,2,1,12.8563443851133,1.01560045715831,13.0412535921474,1.9681512605042,14.5804201680672,54.7616428571429,67.7914285714286,0.355378928571429,NA,6.53
"2835","Broadway St. & Stockton St. (BC)",37.797211,-122.409109,300,2,2,12.618655433657,1.03812855959368,14.5398983974207,-0.0148091603053435,6.71229007633588,54.3534285714286,68.3932142857143,0.360153214285714,NA,6.70892857142857
"2836","Broadway St. & Stockton St. (BC)",37.797211,-122.409109,300,2,3,11.9099959546926,1.0612577421768,15.7478878664113,-0.954606741573034,-1.97101123595506,54.0493333333333,67.9274074074074,0.353118518518518,NA,6.20444444444444
"2837","Broadway St. & Stockton St. (BC)",37.797211,-122.409109,300,2,4,12.630893658576,1.03842223934599,12.7646008502307,0.682559523809524,8.44910714285714,53.8193333333333,68.817037037037,0.435845185185185,NA,6.53888888888889
"2838","Broadway St. & Stockton St. (BC)",37.797211,-122.409109,300,2,5,12.8739543430421,1.02285108549633,12.9978830204874,0.656545454545455,2.73812121212121,53.6938571428571,69.0835714285714,0.527793571428571,NA,6.77035714285714
"2839","Broadway St. & Stockton St. (BC)",37.797211,-122.409109,300,2,6,12.2834863122977,1.09147831710016,11.1563321826411,1.12572815533981,12.1117475728155,53.4965,69.6014285714286,0.415976428571429,NA,7.26357142857143
"2840","Broadway St. & Stockton St. (BC)",37.797211,-122.409109,300,2,7,11.5564625226537,1.16387838363538,9.52697036081786,2.03184466019417,27.1871359223301,53.7176428571429,69.9221428571429,0.613388214285714,NA,7.85035714285714
"2841","Broadway St. & Stockton St. (BC)",37.797211,-122.409109,300,2,8,10.5395625194175,1.29210897150777,8.09356349927041,2.44733009708738,36.0922815533981,56.5076428571429,67.7178571428571,0.639528928571429,NA,7.36857142857143
"2842","Broadway St. & Stockton St. (BC)",37.797211,-122.409109,300,2,9,10.6712851618123,1.29729374261819,7.69340896508936,2.97898058252427,46.2485922330097,59.864,64.1773913043478,0.556903043478261,NA,6.35739130434783
"2843","Broadway St. & Stockton St. (BC)",37.797211,-122.409109,300,2,10,11.4383638673139,1.18798292701871,8.47618589575843,2.96257281553398,40.3919417475728,62.50625,60.8541666666667,0.367805416666667,NA,6.89666666666667
"2844","Broadway St. & Stockton St. (BC)",37.797211,-122.409109,300,2,11,11.2811533786408,1.20125900579274,9.09302434809489,2.1873786407767,31.6003398058252,64.7460909090909,57.1604545454545,0.455541818181818,NA,6.79909090909091
"2845","Broadway St. & Stockton St. (BC)",37.797211,-122.409109,300,2,12,11.6172244320388,1.15184477893778,8.74657464859296,2.8718932038835,44.9072815533981,66.1263636363636,56.0854545454545,0.409558181818182,NA,7.02545454545455
"2846","Broadway St. & Stockton St. (BC)",37.797211,-122.409109,300,2,13,11.5547352588997,1.17058282208782,8.79560600855627,2.76140776699029,41.172572815534,67.1222857142857,51.9233333333333,2.77171095238095,NA,6.88619047619048
"2847","Broadway St. & Stockton St. (BC)",37.797211,-122.409109,300,2,14,11.2881957346278,1.18644972676204,9.3637310433611,1.92645631067961,28.8932038834951,65.46992,51.4024,0.2670484,NA,8.7872
"2848","Broadway St. & Stockton St. (BC)",37.797211,-122.409109,300,2,15,11.204857197411,1.15740074079788,8.80098102670215,2.40300970873786,38.3607766990291,63.7253333333333,55.5603703703704,0.28021,NA,9.78851851851852
"2849","Broadway St. & Stockton St. (BC)",37.797211,-122.409109,300,2,16,10.9467684239482,1.19824022997429,8.53000204348071,2.41635922330097,39.8435436893204,62.8593333333333,56.1881481481482,0.292896296296296,NA,9.98
"2850","Broadway St. & Stockton St. (BC)",37.797211,-122.409109,300,2,17,10.9059075711974,1.1981562418831,8.26481369042753,2.64140776699029,43.3357281553398,61.1227142857143,59.0010714285714,0.378685357142857,NA,10.5942857142857
"2851","Broadway St. & Stockton St. (BC)",37.797211,-122.409109,300,2,18,11.6109605177994,1.15274856942021,8.25169409972026,3.35742718446602,56.2991747572816,59.6345,61.2178571428571,0.429188571428571,NA,10.2603571428571
"2852","Broadway St. & Stockton St. (BC)",37.797211,-122.409109,300,2,19,11.9751349692557,1.11721239969,9.42005720226537,2.55383495145631,35.3245631067961,58.6046428571429,62.6089285714286,0.473901428571429,NA,9.51357142857143
"2853","Broadway St. & Stockton St. (BC)",37.797211,-122.409109,300,2,20,12.1523812281553,1.08624846911507,10.0413702153912,2.11082524271845,27.4102427184466,57.9066666666667,64.0455555555556,0.46456962962963,NA,8.84407407407407
"2854","Broadway St. & Stockton St. (BC)",37.797211,-122.409109,300,2,21,12.7357775242718,1.06436246274977,10.7452122241092,1.98922330097087,22.6708252427184,56.8753571428571,64.7267857142857,0.509771785714286,NA,7.98142857142857
"2855","Broadway St. & Stockton St. (BC)",37.797211,-122.409109,300,2,22,13.0468750501618,1.0444173934715,11.2664332054339,1.77922330097087,17.8634951456311,56.0415714285714,65.7757142857143,0.455720714285714,NA,7.60892857142857
"2856","Broadway St. & Stockton St. (BC)",37.797211,-122.409109,300,2,23,13.2253166699029,1.0320685015246,11.8676535101302,1.35893203883495,12.1064563106796,55.5337142857143,66.2092857142857,0.362493928571429,NA,6.96214285714286
"2857","Broadway St. & Stockton St. (BC)",37.797211,-122.409109,300,3,0,13.2720810177994,1.02884872523327,11.3265731021526,1.94427184466019,21.3841747572816,57.0508571428571,64.495,0.174901428571429,NA,6.71785714285714
"2858","Broadway St. & Stockton St. (BC)",37.797211,-122.409109,300,3,1,13.1539462265372,1.00848818879481,13.0412535921474,2.2846218487395,17.0648739495798,56.7435714285714,64.8478571428572,0.188657857142857,NA,6.12214285714286
"2859","Broadway St. & Stockton St. (BC)",37.797211,-122.409109,300,3,2,12.8726099190938,1.02332068032606,14.5398983974207,0.170763358778626,8.65511450381679,56.4195714285714,65.4114285714286,0.169896428571429,NA,5.90428571428571
"2860","Broadway St. & Stockton St. (BC)",37.797211,-122.409109,300,3,3,12.1707433737864,1.05330131084967,15.7478878664113,-0.68123595505618,-0.196966292134832,56.1418571428571,65.7907142857143,0.168972142857143,NA,5.65857142857143
"2861","Broadway St. & Stockton St. (BC)",37.797211,-122.409109,300,3,4,12.6361162588997,1.03679369990956,12.7646008502307,0.671428571428571,8.95833333333333,55.787,66.6685714285714,0.255051428571429,NA,5.69714285714286
"2862","Broadway St. & Stockton St. (BC)",37.797211,-122.409109,300,3,5,12.929765381877,1.0250362256542,12.9978830204874,0.831636363636364,3.5889696969697,55.6237142857143,67.33,0.293336428571429,NA,6.13214285714286
"2863","Broadway St. & Stockton St. (BC)",37.797211,-122.409109,300,3,6,12.0120075857605,1.12222017316148,11.1563321826411,0.853009708737864,9.29169902912621,55.5478571428571,67.8171428571429,0.293419285714286,NA,6.60714285714286
"2864","Broadway St. & Stockton St. (BC)",37.797211,-122.409109,300,3,7,11.2469903559871,1.18848952125433,9.52697036081786,1.72106796116505,22.2698058252427,56.0505714285714,68.1064285714286,0.392291428571429,NA,7.26928571428571
"2865","Broadway St. & Stockton St. (BC)",37.797211,-122.409109,300,3,8,10.5202392216829,1.31151235343638,8.09356349927041,2.42728155339806,36.3704854368932,58.7274285714286,65.7678571428571,0.423191428571429,NA,6.63428571428571
"2866","Broadway St. & Stockton St. (BC)",37.797211,-122.409109,300,3,9,10.4031167200647,1.33362868295263,7.69340896508936,2.71043689320388,41.3891747572816,62.78,63.2645454545455,0.397806363636364,NA,6.25090909090909
"2867","Broadway St. & Stockton St. (BC)",37.797211,-122.409109,300,3,10,11.0912955226537,1.21383805865539,8.47618589575843,2.61514563106796,37.2919417475728,66.9272,58.173,0.239157,NA,6.648
"2868","Broadway St. & Stockton St. (BC)",37.797211,-122.409109,300,3,11,11.0430587750809,1.20949643312436,9.09302434809489,1.94970873786408,28.5053883495146,69.62,53.161,0.236506,NA,7.069
"2869","Broadway St. & Stockton St. (BC)",37.797211,-122.409109,300,3,12,11.232925697411,1.18605737509961,8.74657464859296,2.48635922330097,39.3062621359223,71.7044,50.04,0.208282,NA,7.553
"2870","Broadway St. & Stockton St. (BC)",37.797211,-122.409109,300,3,13,11.5251901666667,1.17118943206938,8.79560600855627,2.72946601941748,41.633640776699,71.4756363636364,49.0645454545455,0.191331818181818,NA,8.20454545454546
"2871","Broadway St. & Stockton St. (BC)",37.797211,-122.409109,300,3,14,11.1380102653722,1.18319237831936,9.3637310433611,1.77407766990291,27.8202912621359,69.848,50.035,0.215924166666667,NA,8.7425
"2872","Broadway St. & Stockton St. (BC)",37.797211,-122.409109,300,3,15,11.1308398867314,1.19739333440086,8.80098102670215,2.3304854368932,36.7051941747573,68.0332307692308,50.9176923076923,0.215381538461538,NA,10.7092307692308
"2873","Broadway St. & Stockton St. (BC)",37.797211,-122.409109,300,3,16,10.9215806326861,1.20639263236785,8.53000204348071,2.3928640776699,39.5315533980583,65.9590769230769,53.5976923076923,0.259876153846154,NA,11.9215384615385
"2874","Broadway St. & Stockton St. (BC)",37.797211,-122.409109,300,3,17,11.2757977184466,1.15633976784063,8.26481369042753,3.01097087378641,49.3032524271845,64.4207692307692,55.4207692307692,0.232263846153846,NA,10.9015384615385
"2875","Broadway St. & Stockton St. (BC)",37.797211,-122.409109,300,3,18,11.351180907767,1.17228387231372,8.25169409972026,3.0997572815534,51.1191747572816,62.9835384615385,57.8723076923077,0.265050769230769,NA,10.7623076923077
"2876","Broadway St. & Stockton St. (BC)",37.797211,-122.409109,300,3,19,12.0995438673139,1.11602222918061,9.42005720226537,2.67854368932039,36.2919417475728,61.4410769230769,60.1638461538462,0.297528461538462,NA,10.4415384615385
"2877","Broadway St. & Stockton St. (BC)",37.797211,-122.409109,300,3,20,12.2834667168285,1.07679925731897,10.0413702153912,2.24116504854369,29.5202912621359,60.1796923076923,61.8169230769231,0.28827,NA,9.37384615384615
"2878","Broadway St. & Stockton St. (BC)",37.797211,-122.409109,300,3,21,12.806626684466,1.05278041318867,10.7452122241092,2.06218446601942,23.4610194174757,59.1966153846154,63.3146153846154,0.309125384615385,NA,8.52230769230769
"2879","Broadway St. & Stockton St. (BC)",37.797211,-122.409109,300,3,22,13.0647681213592,1.03850666315283,11.2664332054339,1.79694174757282,18.1872330097087,58.5763076923077,64.1430769230769,0.255516923076923,NA,7.28076923076923
"2880","Broadway St. & Stockton St. (BC)",37.797211,-122.409109,300,3,23,13.3239871375405,1.02504381440242,11.8676535101302,1.4554854368932,13.8662621359223,58.0958461538462,64.7961538461538,0.208319230769231,NA,6.68153846153846
